Using pre-set license
Built from '2022.3/staging' branch; Version is '2022.3.40f1 (cbdda657d2f0) revision 13360550'; Using compiler version '192829333'; Build Type 'Release'
OS: 'Windows 10  (10.0.19045) 64bit Professional' Language: 'en' Physical Memory: 6015 MB
BatchMode: 1, IsHumanControllingUs: 0, StartBugReporterOnCrash: 0, Is64bit: 1, IsPro: 1

COMMAND LINE ARGUMENTS:
D:\Unity Hub\Hub\2022.3.40f1\Editor\Unity.exe
-adb2
-batchMode
-noUpm
-name
AssetImportWorker0
-projectPath
D:/Project/Unity/Ultimate FPS Game
-logFile
Logs/AssetImportWorker0.log
-srvPort
56353
Successfully changed project path to: D:/Project/Unity/Ultimate FPS Game
D:/Project/Unity/Ultimate FPS Game
[UnityMemory] Configuration Parameters - Can be set up in boot.config
    "memorysetup-bucket-allocator-granularity=16"
    "memorysetup-bucket-allocator-bucket-count=8"
    "memorysetup-bucket-allocator-block-size=33554432"
    "memorysetup-bucket-allocator-block-count=8"
    "memorysetup-main-allocator-block-size=16777216"
    "memorysetup-thread-allocator-block-size=16777216"
    "memorysetup-gfx-main-allocator-block-size=16777216"
    "memorysetup-gfx-thread-allocator-block-size=16777216"
    "memorysetup-cache-allocator-block-size=4194304"
    "memorysetup-typetree-allocator-block-size=2097152"
    "memorysetup-profiler-bucket-allocator-granularity=16"
    "memorysetup-profiler-bucket-allocator-bucket-count=8"
    "memorysetup-profiler-bucket-allocator-block-size=33554432"
    "memorysetup-profiler-bucket-allocator-block-count=8"
    "memorysetup-profiler-allocator-block-size=16777216"
    "memorysetup-profiler-editor-allocator-block-size=1048576"
    "memorysetup-temp-allocator-size-main=16777216"
    "memorysetup-job-temp-allocator-block-size=2097152"
    "memorysetup-job-temp-allocator-block-size-background=1048576"
    "memorysetup-job-temp-allocator-reduction-small-platforms=262144"
    "memorysetup-allocator-temp-initial-block-size-main=262144"
    "memorysetup-allocator-temp-initial-block-size-worker=262144"
    "memorysetup-temp-allocator-size-background-worker=32768"
    "memorysetup-temp-allocator-size-job-worker=262144"
    "memorysetup-temp-allocator-size-preload-manager=33554432"
    "memorysetup-temp-allocator-size-nav-mesh-worker=65536"
    "memorysetup-temp-allocator-size-audio-worker=65536"
    "memorysetup-temp-allocator-size-cloud-worker=32768"
    "memorysetup-temp-allocator-size-gi-baking-worker=262144"
    "memorysetup-temp-allocator-size-gfx=262144"
Player connection [10332]  Target information:

Player connection [10332]  * "[IP] 26.64.34.75 [Port] 0 [Flags] 2 [Guid] 1653694160 [EditorId] 1653694160 [Version] 1048832 [Id] WindowsEditor(7,DESKTOP-UDNQQA5) [Debug] 1 [PackageName] WindowsEditor [ProjectName] Editor" 

Player connection [10332]  * "[IP] 192.168.1.44 [Port] 0 [Flags] 2 [Guid] 1653694160 [EditorId] 1653694160 [Version] 1048832 [Id] WindowsEditor(7,DESKTOP-UDNQQA5) [Debug] 1 [PackageName] WindowsEditor [ProjectName] Editor" 

Player connection [10332] Host joined multi-casting on [225.0.0.222:54997]...
Player connection [10332] Host joined alternative multi-casting on [225.0.0.222:34997]...
[PhysX] Initialized MultithreadedTaskDispatcher with 4 workers.
Refreshing native plugins compatible for Editor in 161.19 ms, found 3 plugins.
Preloading 0 native plugins for Editor in 0.00 ms.
Initialize engine version: 2022.3.40f1 (cbdda657d2f0)
[Subsystems] Discovering subsystems at path D:/Unity Hub/Hub/2022.3.40f1/Editor/Data/Resources/UnitySubsystems
[Subsystems] Discovering subsystems at path D:/Project/Unity/Ultimate FPS Game/Assets
GfxDevice: creating device client; threaded=0; jobified=0
Direct3D:
    Version:  Direct3D 11.0 [level 11.0]
    Renderer: Intel(R) HD Graphics 4000 (ID=0x166)
    Vendor:   Intel
    VRAM:     128 MB
    Driver:   10.18.10.4425
Shader Hidden/ProbeVolume/VoxelizeScene is not supported: GPU does not support conservative rasterization
Initialize mono
Mono path[0] = 'D:/Unity Hub/Hub/2022.3.40f1/Editor/Data/Managed'
Mono path[1] = 'D:/Unity Hub/Hub/2022.3.40f1/Editor/Data/MonoBleedingEdge/lib/mono/unityjit-win32'
Mono config path = 'D:/Unity Hub/Hub/2022.3.40f1/Editor/Data/MonoBleedingEdge/etc'
Using monoOptions --debugger-agent=transport=dt_socket,embedding=1,server=y,suspend=n,address=127.0.0.1:56396
Begin MonoManager ReloadAssembly
Registering precompiled unity dll's ...
Register platform support module: D:/Unity Hub/Hub/2022.3.40f1/Editor/Data/PlaybackEngines/WebGLSupport/UnityEditor.WebGL.Extensions.dll
Register platform support module: D:/Unity Hub/Hub/2022.3.40f1/Editor/Data/PlaybackEngines/WindowsStandaloneSupport/UnityEditor.WindowsStandalone.Extensions.dll
Registered in 0.015768 seconds.
- Loaded All Assemblies, in  1.741 seconds
Native extension for WindowsStandalone target not found
Native extension for WebGL target not found
Mono: successfully reloaded assembly
- Finished resetting the current domain, in  1.207 seconds
Domain Reload Profiling: 2949ms
	BeginReloadAssembly (679ms)
		ExecutionOrderSort (0ms)
		DisableScriptedObjects (0ms)
		BackupInstance (0ms)
		ReleaseScriptingObjects (0ms)
		CreateAndSetChildDomain (14ms)
	RebuildCommonClasses (144ms)
	RebuildNativeTypeToScriptingClass (21ms)
	initialDomainReloadingComplete (292ms)
	LoadAllAssembliesAndSetupDomain (605ms)
		LoadAssemblies (659ms)
		RebuildTransferFunctionScriptingTraits (0ms)
		AnalyzeDomain (597ms)
			TypeCache.Refresh (591ms)
				TypeCache.ScanAssembly (538ms)
			ScanForSourceGeneratedMonoScriptInfo (2ms)
			ResolveRequiredComponents (3ms)
	FinalizeReload (1209ms)
		ReleaseScriptCaches (0ms)
		RebuildScriptCaches (0ms)
		SetupLoadedEditorAssemblies (1043ms)
			LogAssemblyErrors (0ms)
			InitializePlatformSupportModulesInManaged (25ms)
			SetLoadedEditorAssemblies (19ms)
			RefreshPlugins (0ms)
			BeforeProcessingInitializeOnLoad (10ms)
			ProcessInitializeOnLoadAttributes (649ms)
			ProcessInitializeOnLoadMethodAttributes (338ms)
			AfterProcessingInitializeOnLoad (0ms)
			EditorAssembliesLoaded (2ms)
		ExecutionOrderSort2 (0ms)
		AwakeInstancesAfterBackupRestoration (0ms)
========================================================================
Worker process is ready to serve import requests
Caller must complete domain reload
Begin MonoManager ReloadAssembly
- Loaded All Assemblies, in  7.204 seconds
Native extension for WindowsStandalone target not found
Native extension for WebGL target not found
Package Manager log level set to [2]
[Package Manager] Server::EnsureServerProcessIsRunning -- launch failed, reason: Unity was launched with the -noUpm command-line argument
[Package Manager] UpmClient::Send -- Unable to send message (not connected to UPM process).
[Package Manager] Cannot connect to Unity Package Manager local server
Mono: successfully reloaded assembly
- Finished resetting the current domain, in  5.993 seconds
Domain Reload Profiling: 13160ms
	BeginReloadAssembly (1053ms)
		ExecutionOrderSort (0ms)
		DisableScriptedObjects (20ms)
		BackupInstance (0ms)
		ReleaseScriptingObjects (0ms)
		CreateAndSetChildDomain (201ms)
	RebuildCommonClasses (191ms)
	RebuildNativeTypeToScriptingClass (167ms)
	initialDomainReloadingComplete (784ms)
	LoadAllAssembliesAndSetupDomain (4971ms)
		LoadAssemblies (3787ms)
		RebuildTransferFunctionScriptingTraits (0ms)
		AnalyzeDomain (1882ms)
			TypeCache.Refresh (1690ms)
				TypeCache.ScanAssembly (1555ms)
			ScanForSourceGeneratedMonoScriptInfo (152ms)
			ResolveRequiredComponents (36ms)
	FinalizeReload (5995ms)
		ReleaseScriptCaches (0ms)
		RebuildScriptCaches (0ms)
		SetupLoadedEditorAssemblies (4207ms)
			LogAssemblyErrors (0ms)
			InitializePlatformSupportModulesInManaged (40ms)
			SetLoadedEditorAssemblies (11ms)
			RefreshPlugins (0ms)
			BeforeProcessingInitializeOnLoad (323ms)
			ProcessInitializeOnLoadAttributes (2260ms)
			ProcessInitializeOnLoadMethodAttributes (1553ms)
			AfterProcessingInitializeOnLoad (18ms)
			EditorAssembliesLoaded (0ms)
		ExecutionOrderSort2 (0ms)
		AwakeInstancesAfterBackupRestoration (56ms)
Shader Hidden/ProbeVolume/VoxelizeScene is not supported: GPU does not support conservative rasterization
Launched and connected shader compiler UnityShaderCompiler.exe after 2.09 seconds
Refreshing native plugins compatible for Editor in 77.36 ms, found 3 plugins.
Preloading 0 native plugins for Editor in 0.00 ms.
Unloading 5311 Unused Serialized files (Serialized files now loaded: 0)
Unloading 39 unused Assets / (2.3 MB). Loaded Objects now: 5768.
Memory consumption went from 225.3 MB to 223.0 MB.
Total: 132.841900 ms (FindLiveObjects: 20.548800 ms CreateObjectMapping: 17.264400 ms MarkObjects: 83.608600 ms  DeleteObjects: 11.410500 ms)

AssetImportParameters requested are different than current active one (requested -> active):
  custom:container-demuxer-ogg: 62fdf1f143b41e24485cea50d1cbac27 -> 
  custom:video-decoder-ogg-theora: a1e56fd34408186e4bbccfd4996cb3dc -> 
  custom:framework-win-MediaFoundation: 216162199b28c13a410421893ffa2e32 -> 
  custom:CustomObjectIndexerAttribute: 3ead1caaecf1c488f20bcfeb224b6af5 -> 
  custom:container-demuxer-webm: 4f35f7cbe854078d1ac9338744f61a02 -> 
  custom:container-muxer-webm: aa71ff27fc2769a1b78a27578f13a17b -> 
  custom:video-decoder-webm-vp8: 9c59270c3fd7afecdb556c50c9e8de78 -> 
  custom:SearchIndexIgnoredProperties: e643bd26f0fe6173181afceb89e7c659 -> 
  custom:AudioImporter_EditorPlatform: d09bf68614088b80899f8185d706f6e7 -> 
  custom:video-encoder-webm-vp8: eb34c28f22e8b96e1ab97ce403110664 -> 
  custom:audio-decoder-ogg-vorbis: bf7c407c2cedff20999df2af8eb42d56 -> 
  custom:audio-encoder-webm-vorbis: bf7c407c2cedff20999df2af8eb42d56 -> 
========================================================================
Received Import Request.
  Time since last request: 54960.486117 seconds.
  path: Assets/Scenes/SlideUIMenu.unity
  artifactKey: Guid(87410f5d3ce70cc4ba4453d94dc28e45) Importer(815301076,1909f56bfc062723c751e8b465ee728b)
Start importing Assets/Scenes/SlideUIMenu.unity using Guid(87410f5d3ce70cc4ba4453d94dc28e45) Importer(815301076,1909f56bfc062723c751e8b465ee728b) [PhysX] Initialized MultithreadedTaskDispatcher with 4 workers.
 -> (artifact id: '4c5b084e4468297a85cdfdf7b64a563d') in 0.354597 seconds
Number of updated asset objects reloaded before import = 0
Number of asset objects unloaded after import = 0
========================================================================
Received Prepare
Caller must complete domain reload
Begin MonoManager ReloadAssembly
- Loaded All Assemblies, in  1.155 seconds
Native extension for WindowsStandalone target not found
Native extension for WebGL target not found
[Package Manager] Server::EnsureServerProcessIsRunning -- launch failed, reason: Unity was launched with the -noUpm command-line argument
[Package Manager] UpmClient::Send -- Unable to send message (not connected to UPM process).
[Package Manager] Cannot connect to Unity Package Manager local server
Mono: successfully reloaded assembly
- Finished resetting the current domain, in  8.221 seconds
Domain Reload Profiling: 9376ms
	BeginReloadAssembly (400ms)
		ExecutionOrderSort (0ms)
		DisableScriptedObjects (8ms)
		BackupInstance (0ms)
		ReleaseScriptingObjects (1ms)
		CreateAndSetChildDomain (90ms)
	RebuildCommonClasses (55ms)
	RebuildNativeTypeToScriptingClass (20ms)
	initialDomainReloadingComplete (50ms)
	LoadAllAssembliesAndSetupDomain (628ms)
		LoadAssemblies (767ms)
		RebuildTransferFunctionScriptingTraits (0ms)
		AnalyzeDomain (49ms)
			TypeCache.Refresh (13ms)
				TypeCache.ScanAssembly (0ms)
			ScanForSourceGeneratedMonoScriptInfo (1ms)
			ResolveRequiredComponents (23ms)
	FinalizeReload (8223ms)
		ReleaseScriptCaches (0ms)
		RebuildScriptCaches (0ms)
		SetupLoadedEditorAssemblies (2614ms)
			LogAssemblyErrors (0ms)
			InitializePlatformSupportModulesInManaged (51ms)
			SetLoadedEditorAssemblies (25ms)
			RefreshPlugins (0ms)
			BeforeProcessingInitializeOnLoad (263ms)
			ProcessInitializeOnLoadAttributes (1693ms)
			ProcessInitializeOnLoadMethodAttributes (573ms)
			AfterProcessingInitializeOnLoad (9ms)
			EditorAssembliesLoaded (1ms)
		ExecutionOrderSort2 (0ms)
		AwakeInstancesAfterBackupRestoration (74ms)
Shader Hidden/ProbeVolume/VoxelizeScene is not supported: GPU does not support conservative rasterization
Refreshing native plugins compatible for Editor in 249.80 ms, found 3 plugins.
Preloading 0 native plugins for Editor in 0.00 ms.
Unloading 5115 Unused Serialized files (Serialized files now loaded: 0)
Unloading 34 unused Assets / (2.3 MB). Loaded Objects now: 5772.
Memory consumption went from 189.8 MB to 187.5 MB.
Total: 10.091500 ms (FindLiveObjects: 1.032800 ms CreateObjectMapping: 0.636900 ms MarkObjects: 7.417200 ms  DeleteObjects: 1.001300 ms)

Prepare: number of updated asset objects reloaded= 0
AssetImportParameters requested are different than current active one (requested -> active):
  custom:container-demuxer-ogg: 62fdf1f143b41e24485cea50d1cbac27 -> 
  custom:video-decoder-ogg-theora: a1e56fd34408186e4bbccfd4996cb3dc -> 
  custom:framework-win-MediaFoundation: 216162199b28c13a410421893ffa2e32 -> 
  custom:CustomObjectIndexerAttribute: 3ead1caaecf1c488f20bcfeb224b6af5 -> 
  custom:container-demuxer-webm: 4f35f7cbe854078d1ac9338744f61a02 -> 
  custom:container-muxer-webm: aa71ff27fc2769a1b78a27578f13a17b -> 
  custom:video-decoder-webm-vp8: 9c59270c3fd7afecdb556c50c9e8de78 -> 
  custom:SearchIndexIgnoredProperties: e643bd26f0fe6173181afceb89e7c659 -> 
  custom:AudioImporter_EditorPlatform: d09bf68614088b80899f8185d706f6e7 -> 
  custom:video-encoder-webm-vp8: eb34c28f22e8b96e1ab97ce403110664 -> 
  custom:audio-decoder-ogg-vorbis: bf7c407c2cedff20999df2af8eb42d56 -> 
  custom:audio-encoder-webm-vorbis: bf7c407c2cedff20999df2af8eb42d56 -> 
========================================================================
Received Prepare
Caller must complete domain reload
Begin MonoManager ReloadAssembly
- Loaded All Assemblies, in  1.497 seconds
Native extension for WindowsStandalone target not found
Native extension for WebGL target not found
[Package Manager] Server::EnsureServerProcessIsRunning -- launch failed, reason: Unity was launched with the -noUpm command-line argument
[Package Manager] UpmClient::Send -- Unable to send message (not connected to UPM process).
[Package Manager] Cannot connect to Unity Package Manager local server
Mono: successfully reloaded assembly
- Finished resetting the current domain, in  7.179 seconds
Domain Reload Profiling: 8673ms
	BeginReloadAssembly (367ms)
		ExecutionOrderSort (0ms)
		DisableScriptedObjects (8ms)
		BackupInstance (0ms)
		ReleaseScriptingObjects (0ms)
		CreateAndSetChildDomain (65ms)
	RebuildCommonClasses (197ms)
	RebuildNativeTypeToScriptingClass (43ms)
	initialDomainReloadingComplete (59ms)
	LoadAllAssembliesAndSetupDomain (827ms)
		LoadAssemblies (939ms)
		RebuildTransferFunctionScriptingTraits (0ms)
		AnalyzeDomain (131ms)
			TypeCache.Refresh (11ms)
				TypeCache.ScanAssembly (0ms)
			ScanForSourceGeneratedMonoScriptInfo (0ms)
			ResolveRequiredComponents (116ms)
	FinalizeReload (7179ms)
		ReleaseScriptCaches (0ms)
		RebuildScriptCaches (0ms)
		SetupLoadedEditorAssemblies (2816ms)
			LogAssemblyErrors (0ms)
			InitializePlatformSupportModulesInManaged (53ms)
			SetLoadedEditorAssemblies (19ms)
			RefreshPlugins (0ms)
			BeforeProcessingInitializeOnLoad (266ms)
			ProcessInitializeOnLoadAttributes (2134ms)
			ProcessInitializeOnLoadMethodAttributes (333ms)
			AfterProcessingInitializeOnLoad (8ms)
			EditorAssembliesLoaded (3ms)
		ExecutionOrderSort2 (0ms)
		AwakeInstancesAfterBackupRestoration (63ms)
Shader Hidden/ProbeVolume/VoxelizeScene is not supported: GPU does not support conservative rasterization
Refreshing native plugins compatible for Editor in 37.95 ms, found 3 plugins.
Preloading 0 native plugins for Editor in 0.00 ms.
Unloading 5115 Unused Serialized files (Serialized files now loaded: 0)
Unloading 34 unused Assets / (2.3 MB). Loaded Objects now: 5776.
Memory consumption went from 189.8 MB to 187.5 MB.
Total: 32.689500 ms (FindLiveObjects: 2.752600 ms CreateObjectMapping: 4.158100 ms MarkObjects: 23.813000 ms  DeleteObjects: 1.960800 ms)

Prepare: number of updated asset objects reloaded= 0
AssetImportParameters requested are different than current active one (requested -> active):
  custom:container-demuxer-ogg: 62fdf1f143b41e24485cea50d1cbac27 -> 
  custom:video-decoder-ogg-theora: a1e56fd34408186e4bbccfd4996cb3dc -> 
  custom:framework-win-MediaFoundation: 216162199b28c13a410421893ffa2e32 -> 
  custom:CustomObjectIndexerAttribute: 3ead1caaecf1c488f20bcfeb224b6af5 -> 
  custom:container-demuxer-webm: 4f35f7cbe854078d1ac9338744f61a02 -> 
  custom:container-muxer-webm: aa71ff27fc2769a1b78a27578f13a17b -> 
  custom:video-decoder-webm-vp8: 9c59270c3fd7afecdb556c50c9e8de78 -> 
  custom:SearchIndexIgnoredProperties: e643bd26f0fe6173181afceb89e7c659 -> 
  custom:AudioImporter_EditorPlatform: d09bf68614088b80899f8185d706f6e7 -> 
  custom:video-encoder-webm-vp8: eb34c28f22e8b96e1ab97ce403110664 -> 
  custom:audio-decoder-ogg-vorbis: bf7c407c2cedff20999df2af8eb42d56 -> 
  custom:audio-encoder-webm-vorbis: bf7c407c2cedff20999df2af8eb42d56 -> 
========================================================================
Received Prepare
Caller must complete domain reload
Begin MonoManager ReloadAssembly
- Loaded All Assemblies, in  6.827 seconds
Native extension for WindowsStandalone target not found
Native extension for WebGL target not found
[Package Manager] Server::EnsureServerProcessIsRunning -- launch failed, reason: Unity was launched with the -noUpm command-line argument
[Package Manager] UpmClient::Send -- Unable to send message (not connected to UPM process).
[Package Manager] Cannot connect to Unity Package Manager local server
Mono: successfully reloaded assembly
- Finished resetting the current domain, in 10.466 seconds
Domain Reload Profiling: 17296ms
	BeginReloadAssembly (615ms)
		ExecutionOrderSort (0ms)
		DisableScriptedObjects (30ms)
		BackupInstance (0ms)
		ReleaseScriptingObjects (0ms)
		CreateAndSetChildDomain (192ms)
	RebuildCommonClasses (60ms)
	RebuildNativeTypeToScriptingClass (22ms)
	initialDomainReloadingComplete (82ms)
	LoadAllAssembliesAndSetupDomain (6051ms)
		LoadAssemblies (5970ms)
		RebuildTransferFunctionScriptingTraits (0ms)
		AnalyzeDomain (348ms)
			TypeCache.Refresh (55ms)
				TypeCache.ScanAssembly (0ms)
			ScanForSourceGeneratedMonoScriptInfo (1ms)
			ResolveRequiredComponents (288ms)
	FinalizeReload (10466ms)
		ReleaseScriptCaches (0ms)
		RebuildScriptCaches (0ms)
		SetupLoadedEditorAssemblies (2971ms)
			LogAssemblyErrors (0ms)
			InitializePlatformSupportModulesInManaged (161ms)
			SetLoadedEditorAssemblies (141ms)
			RefreshPlugins (0ms)
			BeforeProcessingInitializeOnLoad (524ms)
			ProcessInitializeOnLoadAttributes (2013ms)
			ProcessInitializeOnLoadMethodAttributes (124ms)
			AfterProcessingInitializeOnLoad (8ms)
			EditorAssembliesLoaded (0ms)
		ExecutionOrderSort2 (0ms)
		AwakeInstancesAfterBackupRestoration (79ms)
Shader Hidden/ProbeVolume/VoxelizeScene is not supported: GPU does not support conservative rasterization
Refreshing native plugins compatible for Editor in 39.40 ms, found 3 plugins.
Preloading 0 native plugins for Editor in 0.00 ms.
Unloading 5115 Unused Serialized files (Serialized files now loaded: 0)
Unloading 34 unused Assets / (2.3 MB). Loaded Objects now: 5780.
Memory consumption went from 189.8 MB to 187.5 MB.
Total: 42.681700 ms (FindLiveObjects: 4.929000 ms CreateObjectMapping: 1.897700 ms MarkObjects: 10.007000 ms  DeleteObjects: 25.841800 ms)

Prepare: number of updated asset objects reloaded= 0
AssetImportParameters requested are different than current active one (requested -> active):
  custom:container-demuxer-ogg: 62fdf1f143b41e24485cea50d1cbac27 -> 
  custom:video-decoder-ogg-theora: a1e56fd34408186e4bbccfd4996cb3dc -> 
  custom:framework-win-MediaFoundation: 216162199b28c13a410421893ffa2e32 -> 
  custom:CustomObjectIndexerAttribute: 3ead1caaecf1c488f20bcfeb224b6af5 -> 
  custom:container-demuxer-webm: 4f35f7cbe854078d1ac9338744f61a02 -> 
  custom:container-muxer-webm: aa71ff27fc2769a1b78a27578f13a17b -> 
  custom:video-decoder-webm-vp8: 9c59270c3fd7afecdb556c50c9e8de78 -> 
  custom:SearchIndexIgnoredProperties: e643bd26f0fe6173181afceb89e7c659 -> 
  custom:AudioImporter_EditorPlatform: d09bf68614088b80899f8185d706f6e7 -> 
  custom:video-encoder-webm-vp8: eb34c28f22e8b96e1ab97ce403110664 -> 
  custom:audio-decoder-ogg-vorbis: bf7c407c2cedff20999df2af8eb42d56 -> 
  custom:audio-encoder-webm-vorbis: bf7c407c2cedff20999df2af8eb42d56 -> 
========================================================================
Received Import Request.
  Time since last request: 2117.937099 seconds.
  path: Assets/AssetsFormStore/Simple Buttons/Buttons Style 9 (Rounded Light Blue)
  artifactKey: Guid(3c02d42a1554f7048800874ae10600bf) Importer(815301076,1909f56bfc062723c751e8b465ee728b)
Start importing Assets/AssetsFormStore/Simple Buttons/Buttons Style 9 (Rounded Light Blue) using Guid(3c02d42a1554f7048800874ae10600bf) Importer(815301076,1909f56bfc062723c751e8b465ee728b) [PhysX] Initialized MultithreadedTaskDispatcher with 4 workers.
 -> (artifact id: 'de341c08385483e54d000df89a7ffdda') in 0.022436 seconds
Number of updated asset objects reloaded before import = 0
Number of asset objects unloaded after import = 0
========================================================================
Received Import Request.
  Time since last request: 1.915900 seconds.
  path: Assets/AssetsFormStore/Simple Buttons/Big Buttons
  artifactKey: Guid(06c9a1089e33c0940a01190d612d8565) Importer(815301076,1909f56bfc062723c751e8b465ee728b)
Start importing Assets/AssetsFormStore/Simple Buttons/Big Buttons using Guid(06c9a1089e33c0940a01190d612d8565) Importer(815301076,1909f56bfc062723c751e8b465ee728b) [PhysX] Initialized MultithreadedTaskDispatcher with 4 workers.
 -> (artifact id: 'a3110d27259d2d86bc22b75a68293216') in 0.001387 seconds
Number of updated asset objects reloaded before import = 0
Number of asset objects unloaded after import = 0
========================================================================
Received Import Request.
  Time since last request: 0.328858 seconds.
  path: Assets/AssetsFormStore/Simple Buttons/Big Buttons/BigBlue.png
  artifactKey: Guid(90ced506aa0f51a4289ec49382f4a6ed) Importer(815301076,1909f56bfc062723c751e8b465ee728b)
Start importing Assets/AssetsFormStore/Simple Buttons/Big Buttons/BigBlue.png using Guid(90ced506aa0f51a4289ec49382f4a6ed) Importer(815301076,1909f56bfc062723c751e8b465ee728b) [PhysX] Initialized MultithreadedTaskDispatcher with 4 workers.
[PhysX] Initialized MultithreadedTaskDispatcher with 4 workers.
 -> (artifact id: 'e2c75db412cbd66955a6418bf110e247') in 0.331978 seconds
Number of updated asset objects reloaded before import = 0
Number of asset objects unloaded after import = 3
========================================================================
Received Import Request.
  Time since last request: 0.000116 seconds.
  path: Assets/AssetsFormStore/Simple Buttons/Big Buttons/BigPurple.png
  artifactKey: Guid(1007286c832092d4ca0fcba0fad046a3) Importer(815301076,1909f56bfc062723c751e8b465ee728b)
Start importing Assets/AssetsFormStore/Simple Buttons/Big Buttons/BigPurple.png using Guid(1007286c832092d4ca0fcba0fad046a3) Importer(815301076,1909f56bfc062723c751e8b465ee728b) [PhysX] Initialized MultithreadedTaskDispatcher with 4 workers.
[PhysX] Initialized MultithreadedTaskDispatcher with 4 workers.
 -> (artifact id: '73e5e06a2fd69356967932f126d33aee') in 0.049764 seconds
Number of updated asset objects reloaded before import = 0
Number of asset objects unloaded after import = 3
========================================================================
Received Import Request.
  Time since last request: 0.000067 seconds.
  path: Assets/AssetsFormStore/Simple Buttons/Big Buttons/BigGreen.png
  artifactKey: Guid(7194b907763190b4ab82436aaba93472) Importer(815301076,1909f56bfc062723c751e8b465ee728b)
Start importing Assets/AssetsFormStore/Simple Buttons/Big Buttons/BigGreen.png using Guid(7194b907763190b4ab82436aaba93472) Importer(815301076,1909f56bfc062723c751e8b465ee728b) [PhysX] Initialized MultithreadedTaskDispatcher with 4 workers.
[PhysX] Initialized MultithreadedTaskDispatcher with 4 workers.
 -> (artifact id: '7ec85c04e58a5ab5233a7e58c0fca9bf') in 0.047969 seconds
Number of updated asset objects reloaded before import = 0
Number of asset objects unloaded after import = 3
========================================================================
Received Import Request.
  Time since last request: 0.000040 seconds.
  path: Assets/AssetsFormStore/Simple Buttons/Big Buttons/BigPink.png
  artifactKey: Guid(5f4b5e4d7ee5eb14e97739815339826f) Importer(815301076,1909f56bfc062723c751e8b465ee728b)
Start importing Assets/AssetsFormStore/Simple Buttons/Big Buttons/BigPink.png using Guid(5f4b5e4d7ee5eb14e97739815339826f) Importer(815301076,1909f56bfc062723c751e8b465ee728b) [PhysX] Initialized MultithreadedTaskDispatcher with 4 workers.
[PhysX] Initialized MultithreadedTaskDispatcher with 4 workers.
 -> (artifact id: '89d84da90375bb4bcf62af4903fe277c') in 0.045919 seconds
Number of updated asset objects reloaded before import = 0
Number of asset objects unloaded after import = 3
========================================================================
Received Import Request.
  Time since last request: 0.000140 seconds.
  path: Assets/AssetsFormStore/Simple Buttons/Big Buttons/BigTurquoise.png
  artifactKey: Guid(c9b7279b2da06904095b014101b7377e) Importer(815301076,1909f56bfc062723c751e8b465ee728b)
Start importing Assets/AssetsFormStore/Simple Buttons/Big Buttons/BigTurquoise.png using Guid(c9b7279b2da06904095b014101b7377e) Importer(815301076,1909f56bfc062723c751e8b465ee728b) [PhysX] Initialized MultithreadedTaskDispatcher with 4 workers.
[PhysX] Initialized MultithreadedTaskDispatcher with 4 workers.
 -> (artifact id: '6ddd7f3c117a8331e4586f19489a852f') in 0.037583 seconds
Number of updated asset objects reloaded before import = 0
Number of asset objects unloaded after import = 3
========================================================================
Received Import Request.
  Time since last request: 0.000031 seconds.
  path: Assets/AssetsFormStore/Simple Buttons/Big Buttons/BigLigthBlue.png
  artifactKey: Guid(06f5327c8a8659b44aa589fd6c0f6660) Importer(815301076,1909f56bfc062723c751e8b465ee728b)
Start importing Assets/AssetsFormStore/Simple Buttons/Big Buttons/BigLigthBlue.png using Guid(06f5327c8a8659b44aa589fd6c0f6660) Importer(815301076,1909f56bfc062723c751e8b465ee728b) [PhysX] Initialized MultithreadedTaskDispatcher with 4 workers.
[PhysX] Initialized MultithreadedTaskDispatcher with 4 workers.
 -> (artifact id: '6ce09feb74118459bfc118da84c2e27c') in 0.042069 seconds
Number of updated asset objects reloaded before import = 0
Number of asset objects unloaded after import = 3
========================================================================
Received Import Request.
  Time since last request: 0.000035 seconds.
  path: Assets/AssetsFormStore/Simple Buttons/Big Buttons/BigGray.png
  artifactKey: Guid(72c72df40bd317b44ab2c02d03f268c7) Importer(815301076,1909f56bfc062723c751e8b465ee728b)
Start importing Assets/AssetsFormStore/Simple Buttons/Big Buttons/BigGray.png using Guid(72c72df40bd317b44ab2c02d03f268c7) Importer(815301076,1909f56bfc062723c751e8b465ee728b) [PhysX] Initialized MultithreadedTaskDispatcher with 4 workers.
[PhysX] Initialized MultithreadedTaskDispatcher with 4 workers.
 -> (artifact id: '2514ba19d5f8123b5749ce5cb268d6c9') in 0.041743 seconds
Number of updated asset objects reloaded before import = 0
Number of asset objects unloaded after import = 3
========================================================================
Received Import Request.
  Time since last request: 65.510839 seconds.
  path: Assets/AssetsFormStore/Simple Buttons
  artifactKey: Guid(c68fc9304535d2243a18610979c2f58a) Importer(815301076,1909f56bfc062723c751e8b465ee728b)
Start importing Assets/AssetsFormStore/Simple Buttons using Guid(c68fc9304535d2243a18610979c2f58a) Importer(815301076,1909f56bfc062723c751e8b465ee728b) [PhysX] Initialized MultithreadedTaskDispatcher with 4 workers.
 -> (artifact id: '581fbfc94dce55ab6c2796ddd4dc5d21') in 0.001017 seconds
Number of updated asset objects reloaded before import = 0
Number of asset objects unloaded after import = 0
========================================================================
Received Import Request.
  Time since last request: 0.741314 seconds.
  path: Assets/AssetsFormStore/Simple Buttons/Buttons Style 1 (Rounded Purple)
  artifactKey: Guid(37c4c5ade6799bf46a9cdbfaf56d1818) Importer(815301076,1909f56bfc062723c751e8b465ee728b)
Start importing Assets/AssetsFormStore/Simple Buttons/Buttons Style 1 (Rounded Purple) using Guid(37c4c5ade6799bf46a9cdbfaf56d1818) Importer(815301076,1909f56bfc062723c751e8b465ee728b) [PhysX] Initialized MultithreadedTaskDispatcher with 4 workers.
 -> (artifact id: 'f8f3a037ca7f5201de2f80cbd9dd81d6') in 0.001909 seconds
Number of updated asset objects reloaded before import = 0
Number of asset objects unloaded after import = 0
========================================================================
Received Import Request.
  Time since last request: 0.044474 seconds.
  path: Assets/AssetsFormStore/Simple Buttons/Buttons Style 1 (Rounded Purple)/ButtonsStyle1_01.png
  artifactKey: Guid(519e049cda1c435499eebd1d97d741c2) Importer(815301076,1909f56bfc062723c751e8b465ee728b)
Start importing Assets/AssetsFormStore/Simple Buttons/Buttons Style 1 (Rounded Purple)/ButtonsStyle1_01.png using Guid(519e049cda1c435499eebd1d97d741c2) Importer(815301076,1909f56bfc062723c751e8b465ee728b) [PhysX] Initialized MultithreadedTaskDispatcher with 4 workers.
[PhysX] Initialized MultithreadedTaskDispatcher with 4 workers.
 -> (artifact id: '79f5639645f7247777b67ee4c2e48a98') in 0.051125 seconds
Number of updated asset objects reloaded before import = 0
Number of asset objects unloaded after import = 3
========================================================================
Received Import Request.
  Time since last request: 0.000029 seconds.
  path: Assets/AssetsFormStore/Simple Buttons/Buttons Style 1 (Rounded Purple)/ButtonsStyle1_06.png
  artifactKey: Guid(7bc8c39dc5d0dad4fb8cb25c945e617d) Importer(815301076,1909f56bfc062723c751e8b465ee728b)
Start importing Assets/AssetsFormStore/Simple Buttons/Buttons Style 1 (Rounded Purple)/ButtonsStyle1_06.png using Guid(7bc8c39dc5d0dad4fb8cb25c945e617d) Importer(815301076,1909f56bfc062723c751e8b465ee728b) [PhysX] Initialized MultithreadedTaskDispatcher with 4 workers.
[PhysX] Initialized MultithreadedTaskDispatcher with 4 workers.
 -> (artifact id: 'a3ea53d13d11a29d4fec00d0b7a8b20a') in 0.050258 seconds
Number of updated asset objects reloaded before import = 0
Number of asset objects unloaded after import = 3
========================================================================
Received Import Request.
  Time since last request: 0.000036 seconds.
  path: Assets/AssetsFormStore/Simple Buttons/Buttons Style 1 (Rounded Purple)/ButtonsStyle1_11.png
  artifactKey: Guid(20b2b10a1d8a3a948a3f0ee8aa9b0f66) Importer(815301076,1909f56bfc062723c751e8b465ee728b)
Start importing Assets/AssetsFormStore/Simple Buttons/Buttons Style 1 (Rounded Purple)/ButtonsStyle1_11.png using Guid(20b2b10a1d8a3a948a3f0ee8aa9b0f66) Importer(815301076,1909f56bfc062723c751e8b465ee728b) [PhysX] Initialized MultithreadedTaskDispatcher with 4 workers.
[PhysX] Initialized MultithreadedTaskDispatcher with 4 workers.
 -> (artifact id: '402fcd0e14e2381943dde70d4d463f07') in 0.048858 seconds
Number of updated asset objects reloaded before import = 0
Number of asset objects unloaded after import = 3
========================================================================
Received Import Request.
  Time since last request: 0.000025 seconds.
  path: Assets/AssetsFormStore/Simple Buttons/Buttons Style 1 (Rounded Purple)/ButtonsStyle1_25.png
  artifactKey: Guid(f2e34a0be5da1364b8ea73d383dee4d4) Importer(815301076,1909f56bfc062723c751e8b465ee728b)
Start importing Assets/AssetsFormStore/Simple Buttons/Buttons Style 1 (Rounded Purple)/ButtonsStyle1_25.png using Guid(f2e34a0be5da1364b8ea73d383dee4d4) Importer(815301076,1909f56bfc062723c751e8b465ee728b) [PhysX] Initialized MultithreadedTaskDispatcher with 4 workers.
[PhysX] Initialized MultithreadedTaskDispatcher with 4 workers.
 -> (artifact id: 'fa89f46fac2682c6bd6b1f76a001b674') in 0.049346 seconds
Number of updated asset objects reloaded before import = 0
Number of asset objects unloaded after import = 3
========================================================================
Received Import Request.
  Time since last request: 0.000025 seconds.
  path: Assets/AssetsFormStore/Simple Buttons/Buttons Style 1 (Rounded Purple)/ButtonsStyle1_14.png
  artifactKey: Guid(aef08c4eb1e0fc34fa5914ce321ca876) Importer(815301076,1909f56bfc062723c751e8b465ee728b)
Start importing Assets/AssetsFormStore/Simple Buttons/Buttons Style 1 (Rounded Purple)/ButtonsStyle1_14.png using Guid(aef08c4eb1e0fc34fa5914ce321ca876) Importer(815301076,1909f56bfc062723c751e8b465ee728b) [PhysX] Initialized MultithreadedTaskDispatcher with 4 workers.
[PhysX] Initialized MultithreadedTaskDispatcher with 4 workers.
 -> (artifact id: 'b40fe7dcbbb8ce0cef0fc79e08c926a6') in 0.044606 seconds
Number of updated asset objects reloaded before import = 0
Number of asset objects unloaded after import = 3
========================================================================
Received Import Request.
  Time since last request: 0.000032 seconds.
  path: Assets/AssetsFormStore/Simple Buttons/Buttons Style 1 (Rounded Purple)/ButtonsStyle1_16.png
  artifactKey: Guid(73827643b3a3cc04ba36287643d357f2) Importer(815301076,1909f56bfc062723c751e8b465ee728b)
Start importing Assets/AssetsFormStore/Simple Buttons/Buttons Style 1 (Rounded Purple)/ButtonsStyle1_16.png using Guid(73827643b3a3cc04ba36287643d357f2) Importer(815301076,1909f56bfc062723c751e8b465ee728b) [PhysX] Initialized MultithreadedTaskDispatcher with 4 workers.
[PhysX] Initialized MultithreadedTaskDispatcher with 4 workers.
 -> (artifact id: '756498277d90601da829db2d4be5fd3e') in 0.046560 seconds
Number of updated asset objects reloaded before import = 0
Number of asset objects unloaded after import = 3
========================================================================
Received Import Request.
  Time since last request: 0.000028 seconds.
  path: Assets/AssetsFormStore/Simple Buttons/Buttons Style 1 (Rounded Purple)/ButtonsStyle1_04.png
  artifactKey: Guid(8963a9425e952d240b5ff86c34cebc65) Importer(815301076,1909f56bfc062723c751e8b465ee728b)
Start importing Assets/AssetsFormStore/Simple Buttons/Buttons Style 1 (Rounded Purple)/ButtonsStyle1_04.png using Guid(8963a9425e952d240b5ff86c34cebc65) Importer(815301076,1909f56bfc062723c751e8b465ee728b) [PhysX] Initialized MultithreadedTaskDispatcher with 4 workers.
[PhysX] Initialized MultithreadedTaskDispatcher with 4 workers.
 -> (artifact id: 'b4c9daad3a8f4d2a5ecb476d1b04c777') in 0.055795 seconds
Number of updated asset objects reloaded before import = 0
Number of asset objects unloaded after import = 3
========================================================================
Received Import Request.
  Time since last request: 0.000038 seconds.
  path: Assets/AssetsFormStore/Simple Buttons/Buttons Style 1 (Rounded Purple)/ButtonsStyle1_09.png
  artifactKey: Guid(82dd942c81c30a24b8e66a1c09431265) Importer(815301076,1909f56bfc062723c751e8b465ee728b)
Start importing Assets/AssetsFormStore/Simple Buttons/Buttons Style 1 (Rounded Purple)/ButtonsStyle1_09.png using Guid(82dd942c81c30a24b8e66a1c09431265) Importer(815301076,1909f56bfc062723c751e8b465ee728b) [PhysX] Initialized MultithreadedTaskDispatcher with 4 workers.
[PhysX] Initialized MultithreadedTaskDispatcher with 4 workers.
 -> (artifact id: 'e1e5e03a184b576660247f19140648de') in 0.051065 seconds
Number of updated asset objects reloaded before import = 0
Number of asset objects unloaded after import = 3
========================================================================
Received Import Request.
  Time since last request: 0.000029 seconds.
  path: Assets/AssetsFormStore/Simple Buttons/Buttons Style 1 (Rounded Purple)/ButtonsStyle1_17.png
  artifactKey: Guid(0b6ee167d60e08d41808b5efd5517964) Importer(815301076,1909f56bfc062723c751e8b465ee728b)
Start importing Assets/AssetsFormStore/Simple Buttons/Buttons Style 1 (Rounded Purple)/ButtonsStyle1_17.png using Guid(0b6ee167d60e08d41808b5efd5517964) Importer(815301076,1909f56bfc062723c751e8b465ee728b) [PhysX] Initialized MultithreadedTaskDispatcher with 4 workers.
[PhysX] Initialized MultithreadedTaskDispatcher with 4 workers.
 -> (artifact id: '5b55f06cc50d1229016f01181d677134') in 0.048001 seconds
Number of updated asset objects reloaded before import = 0
Number of asset objects unloaded after import = 3
========================================================================
Received Import Request.
  Time since last request: 0.000038 seconds.
  path: Assets/AssetsFormStore/Simple Buttons/Buttons Style 1 (Rounded Purple)/ButtonsStyle1_20.png
  artifactKey: Guid(606fedd6ff077cf469b3b9d948c7aeb9) Importer(815301076,1909f56bfc062723c751e8b465ee728b)
Start importing Assets/AssetsFormStore/Simple Buttons/Buttons Style 1 (Rounded Purple)/ButtonsStyle1_20.png using Guid(606fedd6ff077cf469b3b9d948c7aeb9) Importer(815301076,1909f56bfc062723c751e8b465ee728b) [PhysX] Initialized MultithreadedTaskDispatcher with 4 workers.
[PhysX] Initialized MultithreadedTaskDispatcher with 4 workers.
 -> (artifact id: '73ef822fd85fcc389eee5fbe4bbb0392') in 0.053450 seconds
Number of updated asset objects reloaded before import = 0
Number of asset objects unloaded after import = 3
========================================================================
Received Import Request.
  Time since last request: 0.000035 seconds.
  path: Assets/AssetsFormStore/Simple Buttons/Buttons Style 1 (Rounded Purple)/ButtonsStyle1_07.png
  artifactKey: Guid(ffa70af4cf7cbed45abd22050f3d4a0e) Importer(815301076,1909f56bfc062723c751e8b465ee728b)
Start importing Assets/AssetsFormStore/Simple Buttons/Buttons Style 1 (Rounded Purple)/ButtonsStyle1_07.png using Guid(ffa70af4cf7cbed45abd22050f3d4a0e) Importer(815301076,1909f56bfc062723c751e8b465ee728b) [PhysX] Initialized MultithreadedTaskDispatcher with 4 workers.
[PhysX] Initialized MultithreadedTaskDispatcher with 4 workers.
 -> (artifact id: '7288e7941100ffccfd8d7be195f5082b') in 0.040458 seconds
Number of updated asset objects reloaded before import = 0
Number of asset objects unloaded after import = 3
========================================================================
Received Import Request.
  Time since last request: 0.000043 seconds.
  path: Assets/AssetsFormStore/Simple Buttons/Buttons Style 1 (Rounded Purple)/ButtonsStyle1_08.png
  artifactKey: Guid(4aa995e9b0049214a8873c795ee224cc) Importer(815301076,1909f56bfc062723c751e8b465ee728b)
Start importing Assets/AssetsFormStore/Simple Buttons/Buttons Style 1 (Rounded Purple)/ButtonsStyle1_08.png using Guid(4aa995e9b0049214a8873c795ee224cc) Importer(815301076,1909f56bfc062723c751e8b465ee728b) [PhysX] Initialized MultithreadedTaskDispatcher with 4 workers.
[PhysX] Initialized MultithreadedTaskDispatcher with 4 workers.
 -> (artifact id: '760ded4ad6292f76324d687a35175d6f') in 0.047161 seconds
Number of updated asset objects reloaded before import = 0
Number of asset objects unloaded after import = 3
========================================================================
Received Import Request.
  Time since last request: 0.000053 seconds.
  path: Assets/AssetsFormStore/Simple Buttons/Buttons Style 1 (Rounded Purple)/ButtonsStyle1_13.png
  artifactKey: Guid(d8db4a8b7af7f9c4aabebd731eab9ab4) Importer(815301076,1909f56bfc062723c751e8b465ee728b)
Start importing Assets/AssetsFormStore/Simple Buttons/Buttons Style 1 (Rounded Purple)/ButtonsStyle1_13.png using Guid(d8db4a8b7af7f9c4aabebd731eab9ab4) Importer(815301076,1909f56bfc062723c751e8b465ee728b) [PhysX] Initialized MultithreadedTaskDispatcher with 4 workers.
[PhysX] Initialized MultithreadedTaskDispatcher with 4 workers.
 -> (artifact id: '85538ef11b6feb035605ec773a895cf7') in 0.047401 seconds
Number of updated asset objects reloaded before import = 0
Number of asset objects unloaded after import = 3
========================================================================
Received Import Request.
  Time since last request: 0.000042 seconds.
  path: Assets/AssetsFormStore/Simple Buttons/Buttons Style 1 (Rounded Purple)/ButtonsStyle1_23.png
  artifactKey: Guid(b81a6e7d833092542bfb14d2fb1a618b) Importer(815301076,1909f56bfc062723c751e8b465ee728b)
Start importing Assets/AssetsFormStore/Simple Buttons/Buttons Style 1 (Rounded Purple)/ButtonsStyle1_23.png using Guid(b81a6e7d833092542bfb14d2fb1a618b) Importer(815301076,1909f56bfc062723c751e8b465ee728b) [PhysX] Initialized MultithreadedTaskDispatcher with 4 workers.
[PhysX] Initialized MultithreadedTaskDispatcher with 4 workers.
 -> (artifact id: '8cff1af88057901c36b6181084576ac1') in 0.045848 seconds
Number of updated asset objects reloaded before import = 0
Number of asset objects unloaded after import = 3
========================================================================
Received Import Request.
  Time since last request: 0.000031 seconds.
  path: Assets/AssetsFormStore/Simple Buttons/Buttons Style 1 (Rounded Purple)/ButtonsStyle1_03.png
  artifactKey: Guid(962d7198201944448a51b2b57b954427) Importer(815301076,1909f56bfc062723c751e8b465ee728b)
Start importing Assets/AssetsFormStore/Simple Buttons/Buttons Style 1 (Rounded Purple)/ButtonsStyle1_03.png using Guid(962d7198201944448a51b2b57b954427) Importer(815301076,1909f56bfc062723c751e8b465ee728b) [PhysX] Initialized MultithreadedTaskDispatcher with 4 workers.
[PhysX] Initialized MultithreadedTaskDispatcher with 4 workers.
 -> (artifact id: 'b6e3407541ac893d0d025d7fb7303781') in 0.051791 seconds
Number of updated asset objects reloaded before import = 0
Number of asset objects unloaded after import = 3
========================================================================
Received Import Request.
  Time since last request: 0.000171 seconds.
  path: Assets/AssetsFormStore/Simple Buttons/Buttons Style 1 (Rounded Purple)/ButtonsStyle1_26.png
  artifactKey: Guid(ee7175e3f8d26cd4384570f9efeef9d5) Importer(815301076,1909f56bfc062723c751e8b465ee728b)
Start importing Assets/AssetsFormStore/Simple Buttons/Buttons Style 1 (Rounded Purple)/ButtonsStyle1_26.png using Guid(ee7175e3f8d26cd4384570f9efeef9d5) Importer(815301076,1909f56bfc062723c751e8b465ee728b) [PhysX] Initialized MultithreadedTaskDispatcher with 4 workers.
[PhysX] Initialized MultithreadedTaskDispatcher with 4 workers.
 -> (artifact id: 'ded37f896b10c903db2c1910d713382e') in 0.069144 seconds
Number of updated asset objects reloaded before import = 0
Number of asset objects unloaded after import = 3
========================================================================
Received Import Request.
  Time since last request: 0.000036 seconds.
  path: Assets/AssetsFormStore/Simple Buttons/Buttons Style 1 (Rounded Purple)/ButtonsStyle1_15.png
  artifactKey: Guid(76b6ff8439f0a8140aa4a30455833466) Importer(815301076,1909f56bfc062723c751e8b465ee728b)
Start importing Assets/AssetsFormStore/Simple Buttons/Buttons Style 1 (Rounded Purple)/ButtonsStyle1_15.png using Guid(76b6ff8439f0a8140aa4a30455833466) Importer(815301076,1909f56bfc062723c751e8b465ee728b) [PhysX] Initialized MultithreadedTaskDispatcher with 4 workers.
[PhysX] Initialized MultithreadedTaskDispatcher with 4 workers.
 -> (artifact id: '3fb6f01f38e96a863158956d149830b5') in 0.054200 seconds
Number of updated asset objects reloaded before import = 0
Number of asset objects unloaded after import = 3
========================================================================
Received Import Request.
  Time since last request: 0.000043 seconds.
  path: Assets/AssetsFormStore/Simple Buttons/Buttons Style 1 (Rounded Purple)/ButtonsStyle1_24.png
  artifactKey: Guid(64f590f9d40bd3647bcb12fa59410539) Importer(815301076,1909f56bfc062723c751e8b465ee728b)
Start importing Assets/AssetsFormStore/Simple Buttons/Buttons Style 1 (Rounded Purple)/ButtonsStyle1_24.png using Guid(64f590f9d40bd3647bcb12fa59410539) Importer(815301076,1909f56bfc062723c751e8b465ee728b) [PhysX] Initialized MultithreadedTaskDispatcher with 4 workers.
[PhysX] Initialized MultithreadedTaskDispatcher with 4 workers.
 -> (artifact id: 'e29c6787a588fd93cec70f97a6d8cc6e') in 0.057659 seconds
Number of updated asset objects reloaded before import = 0
Number of asset objects unloaded after import = 3
========================================================================
Received Import Request.
  Time since last request: 0.000124 seconds.
  path: Assets/AssetsFormStore/Simple Buttons/Buttons Style 1 (Rounded Purple)/ButtonsStyle1_10.png
  artifactKey: Guid(1bad93de348aadf47a364526288f50e2) Importer(815301076,1909f56bfc062723c751e8b465ee728b)
Start importing Assets/AssetsFormStore/Simple Buttons/Buttons Style 1 (Rounded Purple)/ButtonsStyle1_10.png using Guid(1bad93de348aadf47a364526288f50e2) Importer(815301076,1909f56bfc062723c751e8b465ee728b) [PhysX] Initialized MultithreadedTaskDispatcher with 4 workers.
[PhysX] Initialized MultithreadedTaskDispatcher with 4 workers.
 -> (artifact id: 'ce0888e3b0f21d3b09c86b227d1e4420') in 0.049375 seconds
Number of updated asset objects reloaded before import = 0
Number of asset objects unloaded after import = 3
========================================================================
Received Import Request.
  Time since last request: 0.000044 seconds.
  path: Assets/AssetsFormStore/Simple Buttons/Buttons Style 1 (Rounded Purple)/ButtonsStyle1_19.png
  artifactKey: Guid(2038e8f030f826d4884965f2b0785ca7) Importer(815301076,1909f56bfc062723c751e8b465ee728b)
Start importing Assets/AssetsFormStore/Simple Buttons/Buttons Style 1 (Rounded Purple)/ButtonsStyle1_19.png using Guid(2038e8f030f826d4884965f2b0785ca7) Importer(815301076,1909f56bfc062723c751e8b465ee728b) [PhysX] Initialized MultithreadedTaskDispatcher with 4 workers.
[PhysX] Initialized MultithreadedTaskDispatcher with 4 workers.
 -> (artifact id: '345e6d568e771981c3e489825259713e') in 0.049255 seconds
Number of updated asset objects reloaded before import = 0
Number of asset objects unloaded after import = 3
========================================================================
Received Import Request.
  Time since last request: 0.000032 seconds.
  path: Assets/AssetsFormStore/Simple Buttons/Buttons Style 1 (Rounded Purple)/ButtonsStyle1_22.png
  artifactKey: Guid(e6dfeec9339e2a54795e2f555415460a) Importer(815301076,1909f56bfc062723c751e8b465ee728b)
Start importing Assets/AssetsFormStore/Simple Buttons/Buttons Style 1 (Rounded Purple)/ButtonsStyle1_22.png using Guid(e6dfeec9339e2a54795e2f555415460a) Importer(815301076,1909f56bfc062723c751e8b465ee728b) [PhysX] Initialized MultithreadedTaskDispatcher with 4 workers.
[PhysX] Initialized MultithreadedTaskDispatcher with 4 workers.
 -> (artifact id: 'd49c94dcc7600197baffd63fb50418fb') in 0.053154 seconds
Number of updated asset objects reloaded before import = 0
Number of asset objects unloaded after import = 3
========================================================================
Received Import Request.
  Time since last request: 0.000340 seconds.
  path: Assets/AssetsFormStore/Simple Buttons/Buttons Style 1 (Rounded Purple)/ButtonsStyle1_02.png
  artifactKey: Guid(96261ca01db529b41ac958d274e5972d) Importer(815301076,1909f56bfc062723c751e8b465ee728b)
Start importing Assets/AssetsFormStore/Simple Buttons/Buttons Style 1 (Rounded Purple)/ButtonsStyle1_02.png using Guid(96261ca01db529b41ac958d274e5972d) Importer(815301076,1909f56bfc062723c751e8b465ee728b) [PhysX] Initialized MultithreadedTaskDispatcher with 4 workers.
[PhysX] Initialized MultithreadedTaskDispatcher with 4 workers.
 -> (artifact id: '2397f0d07138194a32ff43ecdd2b9d66') in 0.045262 seconds
Number of updated asset objects reloaded before import = 0
Number of asset objects unloaded after import = 3
========================================================================
Received Import Request.
  Time since last request: 0.000094 seconds.
  path: Assets/AssetsFormStore/Simple Buttons/Buttons Style 1 (Rounded Purple)/ButtonsStyle1_21.png
  artifactKey: Guid(b6517273bf674c74f9b4026b4efae24d) Importer(815301076,1909f56bfc062723c751e8b465ee728b)
Start importing Assets/AssetsFormStore/Simple Buttons/Buttons Style 1 (Rounded Purple)/ButtonsStyle1_21.png using Guid(b6517273bf674c74f9b4026b4efae24d) Importer(815301076,1909f56bfc062723c751e8b465ee728b) [PhysX] Initialized MultithreadedTaskDispatcher with 4 workers.
[PhysX] Initialized MultithreadedTaskDispatcher with 4 workers.
 -> (artifact id: 'd447dea2731ab3fc6011b7ffddaf0ab1') in 0.055716 seconds
Number of updated asset objects reloaded before import = 0
Number of asset objects unloaded after import = 3
========================================================================
Received Import Request.
  Time since last request: 0.000048 seconds.
  path: Assets/AssetsFormStore/Simple Buttons/Buttons Style 1 (Rounded Purple)/ButtonsStyle1_18.png
  artifactKey: Guid(fbc2e6b17773c9f4c93e7deff4b6a98a) Importer(815301076,1909f56bfc062723c751e8b465ee728b)
Start importing Assets/AssetsFormStore/Simple Buttons/Buttons Style 1 (Rounded Purple)/ButtonsStyle1_18.png using Guid(fbc2e6b17773c9f4c93e7deff4b6a98a) Importer(815301076,1909f56bfc062723c751e8b465ee728b) [PhysX] Initialized MultithreadedTaskDispatcher with 4 workers.
[PhysX] Initialized MultithreadedTaskDispatcher with 4 workers.
 -> (artifact id: 'aff694bb3d961addcb43039d322e459c') in 0.048940 seconds
Number of updated asset objects reloaded before import = 0
Number of asset objects unloaded after import = 3
========================================================================
Received Import Request.
  Time since last request: 0.000033 seconds.
  path: Assets/AssetsFormStore/Simple Buttons/Buttons Style 1 (Rounded Purple)/ButtonsStyle1_05.png
  artifactKey: Guid(dc5ad746fea7faa4d9d8ff37ae8294c3) Importer(815301076,1909f56bfc062723c751e8b465ee728b)
Start importing Assets/AssetsFormStore/Simple Buttons/Buttons Style 1 (Rounded Purple)/ButtonsStyle1_05.png using Guid(dc5ad746fea7faa4d9d8ff37ae8294c3) Importer(815301076,1909f56bfc062723c751e8b465ee728b) [PhysX] Initialized MultithreadedTaskDispatcher with 4 workers.
[PhysX] Initialized MultithreadedTaskDispatcher with 4 workers.
 -> (artifact id: 'ccce861537b76a550b6d885e12e62900') in 0.047863 seconds
Number of updated asset objects reloaded before import = 0
Number of asset objects unloaded after import = 3
========================================================================
Received Import Request.
  Time since last request: 0.000039 seconds.
  path: Assets/AssetsFormStore/Simple Buttons/Buttons Style 1 (Rounded Purple)/ButtonsStyle1_12.png
  artifactKey: Guid(fb7a7b182ba03914b8475aead9ce3270) Importer(815301076,1909f56bfc062723c751e8b465ee728b)
Start importing Assets/AssetsFormStore/Simple Buttons/Buttons Style 1 (Rounded Purple)/ButtonsStyle1_12.png using Guid(fb7a7b182ba03914b8475aead9ce3270) Importer(815301076,1909f56bfc062723c751e8b465ee728b) [PhysX] Initialized MultithreadedTaskDispatcher with 4 workers.
[PhysX] Initialized MultithreadedTaskDispatcher with 4 workers.
 -> (artifact id: '1888cfac8a03f120b0ce5183fd9c2853') in 0.045171 seconds
Number of updated asset objects reloaded before import = 0
Number of asset objects unloaded after import = 3
========================================================================
Received Import Request.
  Time since last request: 17.162337 seconds.
  path: Assets/AssetsFormStore/Simple Buttons/Buttons Style 2 (Square Purple)
  artifactKey: Guid(62355f3c435311c4295cf4f2d71130c4) Importer(815301076,1909f56bfc062723c751e8b465ee728b)
Start importing Assets/AssetsFormStore/Simple Buttons/Buttons Style 2 (Square Purple) using Guid(62355f3c435311c4295cf4f2d71130c4) Importer(815301076,1909f56bfc062723c751e8b465ee728b) [PhysX] Initialized MultithreadedTaskDispatcher with 4 workers.
 -> (artifact id: 'e7c707bc9baaeb06260ca599b704a099') in 0.001090 seconds
Number of updated asset objects reloaded before import = 0
Number of asset objects unloaded after import = 0
========================================================================
Received Import Request.
  Time since last request: 0.044700 seconds.
  path: Assets/AssetsFormStore/Simple Buttons/Buttons Style 2 (Square Purple)/ButtonsStyle2_01.png
  artifactKey: Guid(2d7d34242bb238342b5090606321941d) Importer(815301076,1909f56bfc062723c751e8b465ee728b)
Start importing Assets/AssetsFormStore/Simple Buttons/Buttons Style 2 (Square Purple)/ButtonsStyle2_01.png using Guid(2d7d34242bb238342b5090606321941d) Importer(815301076,1909f56bfc062723c751e8b465ee728b) [PhysX] Initialized MultithreadedTaskDispatcher with 4 workers.
[PhysX] Initialized MultithreadedTaskDispatcher with 4 workers.
 -> (artifact id: '9c78bf4f6e42c1e27807a0077dbefa09') in 0.048590 seconds
Number of updated asset objects reloaded before import = 0
Number of asset objects unloaded after import = 3
========================================================================
Received Import Request.
  Time since last request: 0.000037 seconds.
  path: Assets/AssetsFormStore/Simple Buttons/Buttons Style 2 (Square Purple)/ButtonsStyle2_12.png
  artifactKey: Guid(8ba79e91dec853c45b35f22bc1dea0f6) Importer(815301076,1909f56bfc062723c751e8b465ee728b)
Start importing Assets/AssetsFormStore/Simple Buttons/Buttons Style 2 (Square Purple)/ButtonsStyle2_12.png using Guid(8ba79e91dec853c45b35f22bc1dea0f6) Importer(815301076,1909f56bfc062723c751e8b465ee728b) [PhysX] Initialized MultithreadedTaskDispatcher with 4 workers.
[PhysX] Initialized MultithreadedTaskDispatcher with 4 workers.
 -> (artifact id: '4cc0c3abed965bc8b8b825a24059d851') in 0.047602 seconds
Number of updated asset objects reloaded before import = 0
Number of asset objects unloaded after import = 3
========================================================================
Received Import Request.
  Time since last request: 0.000043 seconds.
  path: Assets/AssetsFormStore/Simple Buttons/Buttons Style 2 (Square Purple)/ButtonsStyle2_10.png
  artifactKey: Guid(57f1dc266472a8742853c49d4d4bbc12) Importer(815301076,1909f56bfc062723c751e8b465ee728b)
Start importing Assets/AssetsFormStore/Simple Buttons/Buttons Style 2 (Square Purple)/ButtonsStyle2_10.png using Guid(57f1dc266472a8742853c49d4d4bbc12) Importer(815301076,1909f56bfc062723c751e8b465ee728b) [PhysX] Initialized MultithreadedTaskDispatcher with 4 workers.
[PhysX] Initialized MultithreadedTaskDispatcher with 4 workers.
 -> (artifact id: '0908138328b23b597538550d8a64b8d0') in 0.044373 seconds
Number of updated asset objects reloaded before import = 0
Number of asset objects unloaded after import = 3
========================================================================
Received Import Request.
  Time since last request: 0.000030 seconds.
  path: Assets/AssetsFormStore/Simple Buttons/Buttons Style 2 (Square Purple)/ButtonsStyle2_11.png
  artifactKey: Guid(4aba179bb2623df4c9fffa411421dadc) Importer(815301076,1909f56bfc062723c751e8b465ee728b)
Start importing Assets/AssetsFormStore/Simple Buttons/Buttons Style 2 (Square Purple)/ButtonsStyle2_11.png using Guid(4aba179bb2623df4c9fffa411421dadc) Importer(815301076,1909f56bfc062723c751e8b465ee728b) [PhysX] Initialized MultithreadedTaskDispatcher with 4 workers.
[PhysX] Initialized MultithreadedTaskDispatcher with 4 workers.
 -> (artifact id: '4f9a7e5281fff1da403670b005a6cbb8') in 0.037954 seconds
Number of updated asset objects reloaded before import = 0
Number of asset objects unloaded after import = 3
========================================================================
Received Import Request.
  Time since last request: 0.000075 seconds.
  path: Assets/AssetsFormStore/Simple Buttons/Buttons Style 2 (Square Purple)/ButtonsStyle2_22.png
  artifactKey: Guid(e2576c9353dee9945b8597fdfe494a01) Importer(815301076,1909f56bfc062723c751e8b465ee728b)
Start importing Assets/AssetsFormStore/Simple Buttons/Buttons Style 2 (Square Purple)/ButtonsStyle2_22.png using Guid(e2576c9353dee9945b8597fdfe494a01) Importer(815301076,1909f56bfc062723c751e8b465ee728b) [PhysX] Initialized MultithreadedTaskDispatcher with 4 workers.
[PhysX] Initialized MultithreadedTaskDispatcher with 4 workers.
 -> (artifact id: '9b54a1b1d0d89b6caa8b2cfe60d72142') in 0.049948 seconds
Number of updated asset objects reloaded before import = 0
Number of asset objects unloaded after import = 3
========================================================================
Received Import Request.
  Time since last request: 0.000032 seconds.
  path: Assets/AssetsFormStore/Simple Buttons/Buttons Style 2 (Square Purple)/ButtonsStyle2_13.png
  artifactKey: Guid(31fe6c37dd2c5e54eaeefc9e215e344a) Importer(815301076,1909f56bfc062723c751e8b465ee728b)
Start importing Assets/AssetsFormStore/Simple Buttons/Buttons Style 2 (Square Purple)/ButtonsStyle2_13.png using Guid(31fe6c37dd2c5e54eaeefc9e215e344a) Importer(815301076,1909f56bfc062723c751e8b465ee728b) [PhysX] Initialized MultithreadedTaskDispatcher with 4 workers.
[PhysX] Initialized MultithreadedTaskDispatcher with 4 workers.
 -> (artifact id: '6cb349fadd6e9e5b6cc214c79120d881') in 0.043029 seconds
Number of updated asset objects reloaded before import = 0
Number of asset objects unloaded after import = 3
========================================================================
Received Import Request.
  Time since last request: 0.000032 seconds.
  path: Assets/AssetsFormStore/Simple Buttons/Buttons Style 2 (Square Purple)/ButtonsStyle2_17.png
  artifactKey: Guid(dadecfa6c9dd4f24da853c41d2d53141) Importer(815301076,1909f56bfc062723c751e8b465ee728b)
Start importing Assets/AssetsFormStore/Simple Buttons/Buttons Style 2 (Square Purple)/ButtonsStyle2_17.png using Guid(dadecfa6c9dd4f24da853c41d2d53141) Importer(815301076,1909f56bfc062723c751e8b465ee728b) [PhysX] Initialized MultithreadedTaskDispatcher with 4 workers.
[PhysX] Initialized MultithreadedTaskDispatcher with 4 workers.
 -> (artifact id: '10735849eba325694736a58376ed8020') in 0.051677 seconds
Number of updated asset objects reloaded before import = 0
Number of asset objects unloaded after import = 3
========================================================================
Received Import Request.
  Time since last request: 0.000046 seconds.
  path: Assets/AssetsFormStore/Simple Buttons/Buttons Style 2 (Square Purple)/ButtonsStyle2_02.png
  artifactKey: Guid(48b2426a717214443887e6f2ae2f16bd) Importer(815301076,1909f56bfc062723c751e8b465ee728b)
Start importing Assets/AssetsFormStore/Simple Buttons/Buttons Style 2 (Square Purple)/ButtonsStyle2_02.png using Guid(48b2426a717214443887e6f2ae2f16bd) Importer(815301076,1909f56bfc062723c751e8b465ee728b) [PhysX] Initialized MultithreadedTaskDispatcher with 4 workers.
[PhysX] Initialized MultithreadedTaskDispatcher with 4 workers.
 -> (artifact id: '72a4b4b11a6041bbad6389e2d6a0d323') in 0.046911 seconds
Number of updated asset objects reloaded before import = 0
Number of asset objects unloaded after import = 3
========================================================================
Received Import Request.
  Time since last request: 0.000239 seconds.
  path: Assets/AssetsFormStore/Simple Buttons/Buttons Style 2 (Square Purple)/ButtonsStyle2_23.png
  artifactKey: Guid(fc68860d4b9c8094a8c9551df0874c45) Importer(815301076,1909f56bfc062723c751e8b465ee728b)
Start importing Assets/AssetsFormStore/Simple Buttons/Buttons Style 2 (Square Purple)/ButtonsStyle2_23.png using Guid(fc68860d4b9c8094a8c9551df0874c45) Importer(815301076,1909f56bfc062723c751e8b465ee728b) [PhysX] Initialized MultithreadedTaskDispatcher with 4 workers.
[PhysX] Initialized MultithreadedTaskDispatcher with 4 workers.
 -> (artifact id: 'e22cef2424de633e4c5a5555bf548dee') in 0.055088 seconds
Number of updated asset objects reloaded before import = 0
Number of asset objects unloaded after import = 3
========================================================================
Received Import Request.
  Time since last request: 0.000027 seconds.
  path: Assets/AssetsFormStore/Simple Buttons/Buttons Style 2 (Square Purple)/ButtonsStyle2_09.png
  artifactKey: Guid(a1cd6a94c258744438a31e815fecabeb) Importer(815301076,1909f56bfc062723c751e8b465ee728b)
Start importing Assets/AssetsFormStore/Simple Buttons/Buttons Style 2 (Square Purple)/ButtonsStyle2_09.png using Guid(a1cd6a94c258744438a31e815fecabeb) Importer(815301076,1909f56bfc062723c751e8b465ee728b) [PhysX] Initialized MultithreadedTaskDispatcher with 4 workers.
[PhysX] Initialized MultithreadedTaskDispatcher with 4 workers.
 -> (artifact id: '2ca6b78f7f5b1ba773054554eaf503ee') in 0.049877 seconds
Number of updated asset objects reloaded before import = 0
Number of asset objects unloaded after import = 3
========================================================================
Received Import Request.
  Time since last request: 0.000048 seconds.
  path: Assets/AssetsFormStore/Simple Buttons/Buttons Style 2 (Square Purple)/ButtonsStyle2_06.png
  artifactKey: Guid(09638ab8a598a654584c8ae84892f319) Importer(815301076,1909f56bfc062723c751e8b465ee728b)
Start importing Assets/AssetsFormStore/Simple Buttons/Buttons Style 2 (Square Purple)/ButtonsStyle2_06.png using Guid(09638ab8a598a654584c8ae84892f319) Importer(815301076,1909f56bfc062723c751e8b465ee728b) [PhysX] Initialized MultithreadedTaskDispatcher with 4 workers.
[PhysX] Initialized MultithreadedTaskDispatcher with 4 workers.
 -> (artifact id: 'd8a37e076cca4dbbac43afb89510e5de') in 0.042886 seconds
Number of updated asset objects reloaded before import = 0
Number of asset objects unloaded after import = 3
========================================================================
Received Import Request.
  Time since last request: 0.000046 seconds.
  path: Assets/AssetsFormStore/Simple Buttons/Buttons Style 2 (Square Purple)/ButtonsStyle2_14.png
  artifactKey: Guid(7c94ad49fbf20ca46aae89895a6a39d0) Importer(815301076,1909f56bfc062723c751e8b465ee728b)
Start importing Assets/AssetsFormStore/Simple Buttons/Buttons Style 2 (Square Purple)/ButtonsStyle2_14.png using Guid(7c94ad49fbf20ca46aae89895a6a39d0) Importer(815301076,1909f56bfc062723c751e8b465ee728b) [PhysX] Initialized MultithreadedTaskDispatcher with 4 workers.
[PhysX] Initialized MultithreadedTaskDispatcher with 4 workers.
 -> (artifact id: 'a4f5f4aa1da8798c8ccd2e46ee13a444') in 0.073132 seconds
Number of updated asset objects reloaded before import = 0
Number of asset objects unloaded after import = 3
========================================================================
Received Import Request.
  Time since last request: 0.000044 seconds.
  path: Assets/AssetsFormStore/Simple Buttons/Buttons Style 2 (Square Purple)/ButtonsStyle2_19.png
  artifactKey: Guid(ed73562eb07d2104097218df78f6c351) Importer(815301076,1909f56bfc062723c751e8b465ee728b)
Start importing Assets/AssetsFormStore/Simple Buttons/Buttons Style 2 (Square Purple)/ButtonsStyle2_19.png using Guid(ed73562eb07d2104097218df78f6c351) Importer(815301076,1909f56bfc062723c751e8b465ee728b) [PhysX] Initialized MultithreadedTaskDispatcher with 4 workers.
[PhysX] Initialized MultithreadedTaskDispatcher with 4 workers.
 -> (artifact id: '9133f816b7f13729ba7dd0b9413d3b0a') in 0.038109 seconds
Number of updated asset objects reloaded before import = 0
Number of asset objects unloaded after import = 3
========================================================================
Received Import Request.
  Time since last request: 0.000029 seconds.
  path: Assets/AssetsFormStore/Simple Buttons/Buttons Style 2 (Square Purple)/ButtonsStyle2_20.png
  artifactKey: Guid(ba136f542411986499d38730dcffef18) Importer(815301076,1909f56bfc062723c751e8b465ee728b)
Start importing Assets/AssetsFormStore/Simple Buttons/Buttons Style 2 (Square Purple)/ButtonsStyle2_20.png using Guid(ba136f542411986499d38730dcffef18) Importer(815301076,1909f56bfc062723c751e8b465ee728b) [PhysX] Initialized MultithreadedTaskDispatcher with 4 workers.
[PhysX] Initialized MultithreadedTaskDispatcher with 4 workers.
 -> (artifact id: '0ebc19681a1a3d4635f39a479022d002') in 0.073404 seconds
Number of updated asset objects reloaded before import = 0
Number of asset objects unloaded after import = 3
========================================================================
Received Import Request.
  Time since last request: 0.000720 seconds.
  path: Assets/AssetsFormStore/Simple Buttons/Buttons Style 2 (Square Purple)/ButtonsStyle2_21.png
  artifactKey: Guid(f06029d387c60e04b90defc1e65b2b92) Importer(815301076,1909f56bfc062723c751e8b465ee728b)
Start importing Assets/AssetsFormStore/Simple Buttons/Buttons Style 2 (Square Purple)/ButtonsStyle2_21.png using Guid(f06029d387c60e04b90defc1e65b2b92) Importer(815301076,1909f56bfc062723c751e8b465ee728b) [PhysX] Initialized MultithreadedTaskDispatcher with 4 workers.
[PhysX] Initialized MultithreadedTaskDispatcher with 4 workers.
 -> (artifact id: '0777a8685c5d2e3bd3c1edbe12f4654e') in 0.084563 seconds
Number of updated asset objects reloaded before import = 0
Number of asset objects unloaded after import = 3
========================================================================
Received Import Request.
  Time since last request: 0.000026 seconds.
  path: Assets/AssetsFormStore/Simple Buttons/Buttons Style 2 (Square Purple)/ButtonsStyle2_05.png
  artifactKey: Guid(3c5cdc1550991244c99d1df83c9e2e1a) Importer(815301076,1909f56bfc062723c751e8b465ee728b)
Start importing Assets/AssetsFormStore/Simple Buttons/Buttons Style 2 (Square Purple)/ButtonsStyle2_05.png using Guid(3c5cdc1550991244c99d1df83c9e2e1a) Importer(815301076,1909f56bfc062723c751e8b465ee728b) [PhysX] Initialized MultithreadedTaskDispatcher with 4 workers.
[PhysX] Initialized MultithreadedTaskDispatcher with 4 workers.
 -> (artifact id: 'ae74afd5734f30b80616f2c96ba7cb39') in 0.044477 seconds
Number of updated asset objects reloaded before import = 0
Number of asset objects unloaded after import = 3
========================================================================
Received Import Request.
  Time since last request: 0.000055 seconds.
  path: Assets/AssetsFormStore/Simple Buttons/Buttons Style 2 (Square Purple)/ButtonsStyle2_15.png
  artifactKey: Guid(60e0fed3587f36c44bead7eb2e7ccc54) Importer(815301076,1909f56bfc062723c751e8b465ee728b)
Start importing Assets/AssetsFormStore/Simple Buttons/Buttons Style 2 (Square Purple)/ButtonsStyle2_15.png using Guid(60e0fed3587f36c44bead7eb2e7ccc54) Importer(815301076,1909f56bfc062723c751e8b465ee728b) [PhysX] Initialized MultithreadedTaskDispatcher with 4 workers.
[PhysX] Initialized MultithreadedTaskDispatcher with 4 workers.
 -> (artifact id: '017894efd4fd87d94c451d75ebfca8de') in 0.086566 seconds
Number of updated asset objects reloaded before import = 0
Number of asset objects unloaded after import = 3
========================================================================
Received Import Request.
  Time since last request: 0.000242 seconds.
  path: Assets/AssetsFormStore/Simple Buttons/Buttons Style 2 (Square Purple)/ButtonsStyle2_26.png
  artifactKey: Guid(f8396736bb921bb45a41f8033c4fc13a) Importer(815301076,1909f56bfc062723c751e8b465ee728b)
Start importing Assets/AssetsFormStore/Simple Buttons/Buttons Style 2 (Square Purple)/ButtonsStyle2_26.png using Guid(f8396736bb921bb45a41f8033c4fc13a) Importer(815301076,1909f56bfc062723c751e8b465ee728b) [PhysX] Initialized MultithreadedTaskDispatcher with 4 workers.
[PhysX] Initialized MultithreadedTaskDispatcher with 4 workers.
 -> (artifact id: '5e4c01baa17ec560a37083e313c8c4e0') in 0.039846 seconds
Number of updated asset objects reloaded before import = 0
Number of asset objects unloaded after import = 3
========================================================================
Received Import Request.
  Time since last request: 0.000052 seconds.
  path: Assets/AssetsFormStore/Simple Buttons/Buttons Style 2 (Square Purple)/ButtonsStyle2_07.png
  artifactKey: Guid(97de0f91140f4e745965ba1e83b9bec6) Importer(815301076,1909f56bfc062723c751e8b465ee728b)
Start importing Assets/AssetsFormStore/Simple Buttons/Buttons Style 2 (Square Purple)/ButtonsStyle2_07.png using Guid(97de0f91140f4e745965ba1e83b9bec6) Importer(815301076,1909f56bfc062723c751e8b465ee728b) [PhysX] Initialized MultithreadedTaskDispatcher with 4 workers.
[PhysX] Initialized MultithreadedTaskDispatcher with 4 workers.
 -> (artifact id: '61bb4d44299504f90b270ae98bf7d9ca') in 0.055508 seconds
Number of updated asset objects reloaded before import = 0
Number of asset objects unloaded after import = 3
========================================================================
Received Import Request.
  Time since last request: 0.000038 seconds.
  path: Assets/AssetsFormStore/Simple Buttons/Buttons Style 2 (Square Purple)/ButtonsStyle2_16.png
  artifactKey: Guid(0e265f4badbb05e408e3136f0be6f040) Importer(815301076,1909f56bfc062723c751e8b465ee728b)
Start importing Assets/AssetsFormStore/Simple Buttons/Buttons Style 2 (Square Purple)/ButtonsStyle2_16.png using Guid(0e265f4badbb05e408e3136f0be6f040) Importer(815301076,1909f56bfc062723c751e8b465ee728b) [PhysX] Initialized MultithreadedTaskDispatcher with 4 workers.
[PhysX] Initialized MultithreadedTaskDispatcher with 4 workers.
 -> (artifact id: '41b12ffa015839ee40d58438e33097b3') in 0.096708 seconds
Number of updated asset objects reloaded before import = 0
Number of asset objects unloaded after import = 3
========================================================================
Received Import Request.
  Time since last request: 0.000055 seconds.
  path: Assets/AssetsFormStore/Simple Buttons/Buttons Style 2 (Square Purple)/ButtonsStyle2_04.png
  artifactKey: Guid(051eae86fed306140b8c5c92468d0064) Importer(815301076,1909f56bfc062723c751e8b465ee728b)
Start importing Assets/AssetsFormStore/Simple Buttons/Buttons Style 2 (Square Purple)/ButtonsStyle2_04.png using Guid(051eae86fed306140b8c5c92468d0064) Importer(815301076,1909f56bfc062723c751e8b465ee728b) [PhysX] Initialized MultithreadedTaskDispatcher with 4 workers.
[PhysX] Initialized MultithreadedTaskDispatcher with 4 workers.
 -> (artifact id: '21b1b93cc7c1281819ce7383b9703e2e') in 0.047302 seconds
Number of updated asset objects reloaded before import = 0
Number of asset objects unloaded after import = 3
========================================================================
Received Import Request.
  Time since last request: 0.000074 seconds.
  path: Assets/AssetsFormStore/Simple Buttons/Buttons Style 2 (Square Purple)/ButtonsStyle2_08.png
  artifactKey: Guid(e4fc6f401bbbfce4e84f72ecff21be37) Importer(815301076,1909f56bfc062723c751e8b465ee728b)
Start importing Assets/AssetsFormStore/Simple Buttons/Buttons Style 2 (Square Purple)/ButtonsStyle2_08.png using Guid(e4fc6f401bbbfce4e84f72ecff21be37) Importer(815301076,1909f56bfc062723c751e8b465ee728b) [PhysX] Initialized MultithreadedTaskDispatcher with 4 workers.
[PhysX] Initialized MultithreadedTaskDispatcher with 4 workers.
 -> (artifact id: '5ed22a2b5fb1ed7e2d012f2d1d97179a') in 0.057070 seconds
Number of updated asset objects reloaded before import = 0
Number of asset objects unloaded after import = 3
========================================================================
Received Import Request.
  Time since last request: 0.000086 seconds.
  path: Assets/AssetsFormStore/Simple Buttons/Buttons Style 2 (Square Purple)/ButtonsStyle2_24.png
  artifactKey: Guid(1196cfd8808128340b86166460df3a41) Importer(815301076,1909f56bfc062723c751e8b465ee728b)
Start importing Assets/AssetsFormStore/Simple Buttons/Buttons Style 2 (Square Purple)/ButtonsStyle2_24.png using Guid(1196cfd8808128340b86166460df3a41) Importer(815301076,1909f56bfc062723c751e8b465ee728b) [PhysX] Initialized MultithreadedTaskDispatcher with 4 workers.
[PhysX] Initialized MultithreadedTaskDispatcher with 4 workers.
 -> (artifact id: '5652dfc712601649213babcbd74501c4') in 0.065617 seconds
Number of updated asset objects reloaded before import = 0
Number of asset objects unloaded after import = 3
========================================================================
Received Import Request.
  Time since last request: 0.000038 seconds.
  path: Assets/AssetsFormStore/Simple Buttons/Buttons Style 2 (Square Purple)/ButtonsStyle2_25.png
  artifactKey: Guid(d0c3ad2fcab54be438b67f02b53d8a36) Importer(815301076,1909f56bfc062723c751e8b465ee728b)
Start importing Assets/AssetsFormStore/Simple Buttons/Buttons Style 2 (Square Purple)/ButtonsStyle2_25.png using Guid(d0c3ad2fcab54be438b67f02b53d8a36) Importer(815301076,1909f56bfc062723c751e8b465ee728b) [PhysX] Initialized MultithreadedTaskDispatcher with 4 workers.
[PhysX] Initialized MultithreadedTaskDispatcher with 4 workers.
 -> (artifact id: 'e2ae2a6bff82c10d742dadcad148c77b') in 0.087924 seconds
Number of updated asset objects reloaded before import = 0
Number of asset objects unloaded after import = 3
========================================================================
Received Import Request.
  Time since last request: 0.000123 seconds.
  path: Assets/AssetsFormStore/Simple Buttons/Buttons Style 2 (Square Purple)/ButtonsStyle2_03.png
  artifactKey: Guid(37420afda752c0a46b5eb74b1fbcd35c) Importer(815301076,1909f56bfc062723c751e8b465ee728b)
Start importing Assets/AssetsFormStore/Simple Buttons/Buttons Style 2 (Square Purple)/ButtonsStyle2_03.png using Guid(37420afda752c0a46b5eb74b1fbcd35c) Importer(815301076,1909f56bfc062723c751e8b465ee728b) [PhysX] Initialized MultithreadedTaskDispatcher with 4 workers.
[PhysX] Initialized MultithreadedTaskDispatcher with 4 workers.
 -> (artifact id: '789b422ef8c1ea7826ae3f142a7f8334') in 0.047075 seconds
Number of updated asset objects reloaded before import = 0
Number of asset objects unloaded after import = 3
========================================================================
Received Import Request.
  Time since last request: 0.000046 seconds.
  path: Assets/AssetsFormStore/Simple Buttons/Buttons Style 2 (Square Purple)/ButtonsStyle2_18.png
  artifactKey: Guid(abe54680150a1994e8eee305c08f2d38) Importer(815301076,1909f56bfc062723c751e8b465ee728b)
Start importing Assets/AssetsFormStore/Simple Buttons/Buttons Style 2 (Square Purple)/ButtonsStyle2_18.png using Guid(abe54680150a1994e8eee305c08f2d38) Importer(815301076,1909f56bfc062723c751e8b465ee728b) [PhysX] Initialized MultithreadedTaskDispatcher with 4 workers.
[PhysX] Initialized MultithreadedTaskDispatcher with 4 workers.
 -> (artifact id: '9b1499945b50e5ad898f0a3d502c1db2') in 0.046418 seconds
Number of updated asset objects reloaded before import = 0
Number of asset objects unloaded after import = 3
========================================================================
Received Import Request.
  Time since last request: 4.406407 seconds.
  path: Assets/AssetsFormStore/Simple Buttons/Buttons Style 3 (Rounded Pink)
  artifactKey: Guid(6ab75f8a1c32fb342b342d2143b434c0) Importer(815301076,1909f56bfc062723c751e8b465ee728b)
Start importing Assets/AssetsFormStore/Simple Buttons/Buttons Style 3 (Rounded Pink) using Guid(6ab75f8a1c32fb342b342d2143b434c0) Importer(815301076,1909f56bfc062723c751e8b465ee728b) [PhysX] Initialized MultithreadedTaskDispatcher with 4 workers.
 -> (artifact id: '4dde8eefd8d16f8f5347e90c8b7427dd') in 0.001130 seconds
Number of updated asset objects reloaded before import = 0
Number of asset objects unloaded after import = 0
========================================================================
Received Import Request.
  Time since last request: 0.041117 seconds.
  path: Assets/AssetsFormStore/Simple Buttons/Buttons Style 3 (Rounded Pink)/ButtonsStyle3_01.png
  artifactKey: Guid(28b781480b4bb7240ad58baebe8f65dc) Importer(815301076,1909f56bfc062723c751e8b465ee728b)
Start importing Assets/AssetsFormStore/Simple Buttons/Buttons Style 3 (Rounded Pink)/ButtonsStyle3_01.png using Guid(28b781480b4bb7240ad58baebe8f65dc) Importer(815301076,1909f56bfc062723c751e8b465ee728b) [PhysX] Initialized MultithreadedTaskDispatcher with 4 workers.
[PhysX] Initialized MultithreadedTaskDispatcher with 4 workers.
 -> (artifact id: '8533d490285593a5ddf3e5164890ebcc') in 0.055951 seconds
Number of updated asset objects reloaded before import = 0
Number of asset objects unloaded after import = 3
========================================================================
Received Import Request.
  Time since last request: 0.000031 seconds.
  path: Assets/AssetsFormStore/Simple Buttons/Buttons Style 3 (Rounded Pink)/ButtonsStyle3_02.png
  artifactKey: Guid(5d76e86f9cd9fa3448e2a73f3d54207d) Importer(815301076,1909f56bfc062723c751e8b465ee728b)
Start importing Assets/AssetsFormStore/Simple Buttons/Buttons Style 3 (Rounded Pink)/ButtonsStyle3_02.png using Guid(5d76e86f9cd9fa3448e2a73f3d54207d) Importer(815301076,1909f56bfc062723c751e8b465ee728b) [PhysX] Initialized MultithreadedTaskDispatcher with 4 workers.
[PhysX] Initialized MultithreadedTaskDispatcher with 4 workers.
 -> (artifact id: '92e7b3640aa29405125e2987dc35d36f') in 0.057439 seconds
Number of updated asset objects reloaded before import = 0
Number of asset objects unloaded after import = 3
========================================================================
Received Import Request.
  Time since last request: 0.000101 seconds.
  path: Assets/AssetsFormStore/Simple Buttons/Buttons Style 3 (Rounded Pink)/ButtonsStyle3_03.png
  artifactKey: Guid(c04deaf7361a6c54297a65ee9c203992) Importer(815301076,1909f56bfc062723c751e8b465ee728b)
Start importing Assets/AssetsFormStore/Simple Buttons/Buttons Style 3 (Rounded Pink)/ButtonsStyle3_03.png using Guid(c04deaf7361a6c54297a65ee9c203992) Importer(815301076,1909f56bfc062723c751e8b465ee728b) [PhysX] Initialized MultithreadedTaskDispatcher with 4 workers.
[PhysX] Initialized MultithreadedTaskDispatcher with 4 workers.
 -> (artifact id: '85cc472d5ebc5702b499d1f9cbb926dc') in 0.048652 seconds
Number of updated asset objects reloaded before import = 0
Number of asset objects unloaded after import = 3
========================================================================
Received Import Request.
  Time since last request: 0.000046 seconds.
  path: Assets/AssetsFormStore/Simple Buttons/Buttons Style 3 (Rounded Pink)/ButtonsStyle3_22.png
  artifactKey: Guid(43b5e4becd8884047acee0e150d8dcd0) Importer(815301076,1909f56bfc062723c751e8b465ee728b)
Start importing Assets/AssetsFormStore/Simple Buttons/Buttons Style 3 (Rounded Pink)/ButtonsStyle3_22.png using Guid(43b5e4becd8884047acee0e150d8dcd0) Importer(815301076,1909f56bfc062723c751e8b465ee728b) [PhysX] Initialized MultithreadedTaskDispatcher with 4 workers.
[PhysX] Initialized MultithreadedTaskDispatcher with 4 workers.
 -> (artifact id: 'd02c3ceb226557624bf9a70f8e5354de') in 0.056199 seconds
Number of updated asset objects reloaded before import = 0
Number of asset objects unloaded after import = 3
========================================================================
Received Import Request.
  Time since last request: 0.000028 seconds.
  path: Assets/AssetsFormStore/Simple Buttons/Buttons Style 3 (Rounded Pink)/ButtonsStyle3_11.png
  artifactKey: Guid(e622c4cbd3b9b2b4ca7ae808a8e3bf3b) Importer(815301076,1909f56bfc062723c751e8b465ee728b)
Start importing Assets/AssetsFormStore/Simple Buttons/Buttons Style 3 (Rounded Pink)/ButtonsStyle3_11.png using Guid(e622c4cbd3b9b2b4ca7ae808a8e3bf3b) Importer(815301076,1909f56bfc062723c751e8b465ee728b) [PhysX] Initialized MultithreadedTaskDispatcher with 4 workers.
[PhysX] Initialized MultithreadedTaskDispatcher with 4 workers.
 -> (artifact id: 'ea6cad2d7caf85546062ae7aec64a202') in 0.042629 seconds
Number of updated asset objects reloaded before import = 0
Number of asset objects unloaded after import = 3
========================================================================
Received Import Request.
  Time since last request: 0.000030 seconds.
  path: Assets/AssetsFormStore/Simple Buttons/Buttons Style 3 (Rounded Pink)/ButtonsStyle3_16.png
  artifactKey: Guid(a512961a75d2fec4aa75c6df4fa35dd5) Importer(815301076,1909f56bfc062723c751e8b465ee728b)
Start importing Assets/AssetsFormStore/Simple Buttons/Buttons Style 3 (Rounded Pink)/ButtonsStyle3_16.png using Guid(a512961a75d2fec4aa75c6df4fa35dd5) Importer(815301076,1909f56bfc062723c751e8b465ee728b) [PhysX] Initialized MultithreadedTaskDispatcher with 4 workers.
[PhysX] Initialized MultithreadedTaskDispatcher with 4 workers.
 -> (artifact id: '6090cca8712c6858b979821f2f967a30') in 0.061864 seconds
Number of updated asset objects reloaded before import = 0
Number of asset objects unloaded after import = 3
========================================================================
Received Import Request.
  Time since last request: 0.000079 seconds.
  path: Assets/AssetsFormStore/Simple Buttons/Buttons Style 3 (Rounded Pink)/ButtonsStyle3_17.png
  artifactKey: Guid(3efea8c302d7bd540956b3cd7fbc056e) Importer(815301076,1909f56bfc062723c751e8b465ee728b)
Start importing Assets/AssetsFormStore/Simple Buttons/Buttons Style 3 (Rounded Pink)/ButtonsStyle3_17.png using Guid(3efea8c302d7bd540956b3cd7fbc056e) Importer(815301076,1909f56bfc062723c751e8b465ee728b) [PhysX] Initialized MultithreadedTaskDispatcher with 4 workers.
[PhysX] Initialized MultithreadedTaskDispatcher with 4 workers.
 -> (artifact id: '4c34e775c343c1d3d19e9da62a226263') in 0.050220 seconds
Number of updated asset objects reloaded before import = 0
Number of asset objects unloaded after import = 3
========================================================================
Received Import Request.
  Time since last request: 0.000053 seconds.
  path: Assets/AssetsFormStore/Simple Buttons/Buttons Style 3 (Rounded Pink)/ButtonsStyle3_07.png
  artifactKey: Guid(a423ffd01d4c9fe4baddb55b7f079bae) Importer(815301076,1909f56bfc062723c751e8b465ee728b)
Start importing Assets/AssetsFormStore/Simple Buttons/Buttons Style 3 (Rounded Pink)/ButtonsStyle3_07.png using Guid(a423ffd01d4c9fe4baddb55b7f079bae) Importer(815301076,1909f56bfc062723c751e8b465ee728b) [PhysX] Initialized MultithreadedTaskDispatcher with 4 workers.
[PhysX] Initialized MultithreadedTaskDispatcher with 4 workers.
 -> (artifact id: 'fc4dccd883a813f16d3aae10a69f8b9b') in 0.055653 seconds
Number of updated asset objects reloaded before import = 0
Number of asset objects unloaded after import = 3
========================================================================
Received Import Request.
  Time since last request: 0.000031 seconds.
  path: Assets/AssetsFormStore/Simple Buttons/Buttons Style 3 (Rounded Pink)/ButtonsStyle3_15.png
  artifactKey: Guid(528724731d2a00a41a36da09d74a9e02) Importer(815301076,1909f56bfc062723c751e8b465ee728b)
Start importing Assets/AssetsFormStore/Simple Buttons/Buttons Style 3 (Rounded Pink)/ButtonsStyle3_15.png using Guid(528724731d2a00a41a36da09d74a9e02) Importer(815301076,1909f56bfc062723c751e8b465ee728b) [PhysX] Initialized MultithreadedTaskDispatcher with 4 workers.
[PhysX] Initialized MultithreadedTaskDispatcher with 4 workers.
 -> (artifact id: '30a22da83cee7470266cb975a77c0443') in 0.098256 seconds
Number of updated asset objects reloaded before import = 0
Number of asset objects unloaded after import = 3
========================================================================
Received Import Request.
  Time since last request: 0.000115 seconds.
  path: Assets/AssetsFormStore/Simple Buttons/Buttons Style 3 (Rounded Pink)/ButtonsStyle3_13.png
  artifactKey: Guid(203b915a71ebac241ad9689ec414f482) Importer(815301076,1909f56bfc062723c751e8b465ee728b)
Start importing Assets/AssetsFormStore/Simple Buttons/Buttons Style 3 (Rounded Pink)/ButtonsStyle3_13.png using Guid(203b915a71ebac241ad9689ec414f482) Importer(815301076,1909f56bfc062723c751e8b465ee728b) [PhysX] Initialized MultithreadedTaskDispatcher with 4 workers.
[PhysX] Initialized MultithreadedTaskDispatcher with 4 workers.
 -> (artifact id: '0179bac40eddab6d34a4583a7f83cfa4') in 0.068719 seconds
Number of updated asset objects reloaded before import = 0
Number of asset objects unloaded after import = 3
========================================================================
Received Import Request.
  Time since last request: 0.000029 seconds.
  path: Assets/AssetsFormStore/Simple Buttons/Buttons Style 3 (Rounded Pink)/ButtonsStyle3_26.png
  artifactKey: Guid(b4d6d0e23371ff84293c3dc01ddf9856) Importer(815301076,1909f56bfc062723c751e8b465ee728b)
Start importing Assets/AssetsFormStore/Simple Buttons/Buttons Style 3 (Rounded Pink)/ButtonsStyle3_26.png using Guid(b4d6d0e23371ff84293c3dc01ddf9856) Importer(815301076,1909f56bfc062723c751e8b465ee728b) [PhysX] Initialized MultithreadedTaskDispatcher with 4 workers.
[PhysX] Initialized MultithreadedTaskDispatcher with 4 workers.
 -> (artifact id: '8f430ecf128c1bed16b90eeab911cd57') in 0.048859 seconds
Number of updated asset objects reloaded before import = 0
Number of asset objects unloaded after import = 3
========================================================================
Received Import Request.
  Time since last request: 0.000063 seconds.
  path: Assets/AssetsFormStore/Simple Buttons/Buttons Style 3 (Rounded Pink)/ButtonsStyle3_09.png
  artifactKey: Guid(41f92186d5dda6540972d12e43d1ff85) Importer(815301076,1909f56bfc062723c751e8b465ee728b)
Start importing Assets/AssetsFormStore/Simple Buttons/Buttons Style 3 (Rounded Pink)/ButtonsStyle3_09.png using Guid(41f92186d5dda6540972d12e43d1ff85) Importer(815301076,1909f56bfc062723c751e8b465ee728b) [PhysX] Initialized MultithreadedTaskDispatcher with 4 workers.
[PhysX] Initialized MultithreadedTaskDispatcher with 4 workers.
 -> (artifact id: '1b38b414c4ed51c361c54be275e6bde3') in 0.045181 seconds
Number of updated asset objects reloaded before import = 0
Number of asset objects unloaded after import = 3
========================================================================
Received Import Request.
  Time since last request: 0.000043 seconds.
  path: Assets/AssetsFormStore/Simple Buttons/Buttons Style 3 (Rounded Pink)/ButtonsStyle3_23.png
  artifactKey: Guid(e98aeb65c3e46094ab4e863d5aa85ee7) Importer(815301076,1909f56bfc062723c751e8b465ee728b)
Start importing Assets/AssetsFormStore/Simple Buttons/Buttons Style 3 (Rounded Pink)/ButtonsStyle3_23.png using Guid(e98aeb65c3e46094ab4e863d5aa85ee7) Importer(815301076,1909f56bfc062723c751e8b465ee728b) [PhysX] Initialized MultithreadedTaskDispatcher with 4 workers.
[PhysX] Initialized MultithreadedTaskDispatcher with 4 workers.
 -> (artifact id: '7f37eee60ad0be55ec250f36cbc641d5') in 0.052894 seconds
Number of updated asset objects reloaded before import = 0
Number of asset objects unloaded after import = 3
========================================================================
Received Import Request.
  Time since last request: 0.000032 seconds.
  path: Assets/AssetsFormStore/Simple Buttons/Buttons Style 3 (Rounded Pink)/ButtonsStyle3_08.png
  artifactKey: Guid(99ceae203ba29e243ace9ff02a725ef3) Importer(815301076,1909f56bfc062723c751e8b465ee728b)
Start importing Assets/AssetsFormStore/Simple Buttons/Buttons Style 3 (Rounded Pink)/ButtonsStyle3_08.png using Guid(99ceae203ba29e243ace9ff02a725ef3) Importer(815301076,1909f56bfc062723c751e8b465ee728b) [PhysX] Initialized MultithreadedTaskDispatcher with 4 workers.
[PhysX] Initialized MultithreadedTaskDispatcher with 4 workers.
 -> (artifact id: '291c797d5af3082d41e1767dce927e3e') in 0.048796 seconds
Number of updated asset objects reloaded before import = 0
Number of asset objects unloaded after import = 3
========================================================================
Received Import Request.
  Time since last request: 0.000098 seconds.
  path: Assets/AssetsFormStore/Simple Buttons/Buttons Style 3 (Rounded Pink)/ButtonsStyle3_04.png
  artifactKey: Guid(11375b3457f731746893e67539baf500) Importer(815301076,1909f56bfc062723c751e8b465ee728b)
Start importing Assets/AssetsFormStore/Simple Buttons/Buttons Style 3 (Rounded Pink)/ButtonsStyle3_04.png using Guid(11375b3457f731746893e67539baf500) Importer(815301076,1909f56bfc062723c751e8b465ee728b) [PhysX] Initialized MultithreadedTaskDispatcher with 4 workers.
[PhysX] Initialized MultithreadedTaskDispatcher with 4 workers.
 -> (artifact id: '8d7233712099929095a6c53bdc2b578f') in 0.058775 seconds
Number of updated asset objects reloaded before import = 0
Number of asset objects unloaded after import = 3
========================================================================
Received Import Request.
  Time since last request: 0.000115 seconds.
  path: Assets/AssetsFormStore/Simple Buttons/Buttons Style 3 (Rounded Pink)/ButtonsStyle3_21.png
  artifactKey: Guid(a730a75e325287748a0babfcac0941ac) Importer(815301076,1909f56bfc062723c751e8b465ee728b)
Start importing Assets/AssetsFormStore/Simple Buttons/Buttons Style 3 (Rounded Pink)/ButtonsStyle3_21.png using Guid(a730a75e325287748a0babfcac0941ac) Importer(815301076,1909f56bfc062723c751e8b465ee728b) [PhysX] Initialized MultithreadedTaskDispatcher with 4 workers.
[PhysX] Initialized MultithreadedTaskDispatcher with 4 workers.
 -> (artifact id: '19ae84ec9486e8d30c8cca2c929c304b') in 0.052996 seconds
Number of updated asset objects reloaded before import = 0
Number of asset objects unloaded after import = 3
========================================================================
Received Import Request.
  Time since last request: 0.000036 seconds.
  path: Assets/AssetsFormStore/Simple Buttons/Buttons Style 3 (Rounded Pink)/ButtonsStyle3_24.png
  artifactKey: Guid(759f7788ab2d45442a085ea6cf0a8d79) Importer(815301076,1909f56bfc062723c751e8b465ee728b)
Start importing Assets/AssetsFormStore/Simple Buttons/Buttons Style 3 (Rounded Pink)/ButtonsStyle3_24.png using Guid(759f7788ab2d45442a085ea6cf0a8d79) Importer(815301076,1909f56bfc062723c751e8b465ee728b) [PhysX] Initialized MultithreadedTaskDispatcher with 4 workers.
[PhysX] Initialized MultithreadedTaskDispatcher with 4 workers.
 -> (artifact id: '684e69bca0dd889d640c5ea9ccbed96b') in 0.047454 seconds
Number of updated asset objects reloaded before import = 0
Number of asset objects unloaded after import = 3
========================================================================
Received Import Request.
  Time since last request: 0.000066 seconds.
  path: Assets/AssetsFormStore/Simple Buttons/Buttons Style 3 (Rounded Pink)/ButtonsStyle3_18.png
  artifactKey: Guid(69127940d857e764e995eb115dc8f10a) Importer(815301076,1909f56bfc062723c751e8b465ee728b)
Start importing Assets/AssetsFormStore/Simple Buttons/Buttons Style 3 (Rounded Pink)/ButtonsStyle3_18.png using Guid(69127940d857e764e995eb115dc8f10a) Importer(815301076,1909f56bfc062723c751e8b465ee728b) [PhysX] Initialized MultithreadedTaskDispatcher with 4 workers.
[PhysX] Initialized MultithreadedTaskDispatcher with 4 workers.
 -> (artifact id: 'cf616439c0dc4dc97c8c9b28d6c67f77') in 0.045281 seconds
Number of updated asset objects reloaded before import = 0
Number of asset objects unloaded after import = 3
========================================================================
Received Import Request.
  Time since last request: 0.000034 seconds.
  path: Assets/AssetsFormStore/Simple Buttons/Buttons Style 3 (Rounded Pink)/ButtonsStyle3_19.png
  artifactKey: Guid(5f001d2e145145f4fad6bdeb9251d1ae) Importer(815301076,1909f56bfc062723c751e8b465ee728b)
Start importing Assets/AssetsFormStore/Simple Buttons/Buttons Style 3 (Rounded Pink)/ButtonsStyle3_19.png using Guid(5f001d2e145145f4fad6bdeb9251d1ae) Importer(815301076,1909f56bfc062723c751e8b465ee728b) [PhysX] Initialized MultithreadedTaskDispatcher with 4 workers.
[PhysX] Initialized MultithreadedTaskDispatcher with 4 workers.
 -> (artifact id: 'e607a108c30024a298eb6795560adb44') in 0.050019 seconds
Number of updated asset objects reloaded before import = 0
Number of asset objects unloaded after import = 3
========================================================================
Received Import Request.
  Time since last request: 0.000025 seconds.
  path: Assets/AssetsFormStore/Simple Buttons/Buttons Style 3 (Rounded Pink)/ButtonsStyle3_12.png
  artifactKey: Guid(803b0e1e2c6b24244ad332356f595bd3) Importer(815301076,1909f56bfc062723c751e8b465ee728b)
Start importing Assets/AssetsFormStore/Simple Buttons/Buttons Style 3 (Rounded Pink)/ButtonsStyle3_12.png using Guid(803b0e1e2c6b24244ad332356f595bd3) Importer(815301076,1909f56bfc062723c751e8b465ee728b) [PhysX] Initialized MultithreadedTaskDispatcher with 4 workers.
[PhysX] Initialized MultithreadedTaskDispatcher with 4 workers.
 -> (artifact id: 'ca4d85b7a7b81903ae08ed7b3ba6445c') in 0.048600 seconds
Number of updated asset objects reloaded before import = 0
Number of asset objects unloaded after import = 3
========================================================================
Received Import Request.
  Time since last request: 0.000060 seconds.
  path: Assets/AssetsFormStore/Simple Buttons/Buttons Style 3 (Rounded Pink)/ButtonsStyle3_20.png
  artifactKey: Guid(f37854832f89e90469ec2c558dbff79d) Importer(815301076,1909f56bfc062723c751e8b465ee728b)
Start importing Assets/AssetsFormStore/Simple Buttons/Buttons Style 3 (Rounded Pink)/ButtonsStyle3_20.png using Guid(f37854832f89e90469ec2c558dbff79d) Importer(815301076,1909f56bfc062723c751e8b465ee728b) [PhysX] Initialized MultithreadedTaskDispatcher with 4 workers.
[PhysX] Initialized MultithreadedTaskDispatcher with 4 workers.
 -> (artifact id: '1fd36fb8985bf487f218638310f81b9e') in 0.055074 seconds
Number of updated asset objects reloaded before import = 0
Number of asset objects unloaded after import = 3
========================================================================
Received Import Request.
  Time since last request: 0.000048 seconds.
  path: Assets/AssetsFormStore/Simple Buttons/Buttons Style 3 (Rounded Pink)/ButtonsStyle3_06.png
  artifactKey: Guid(610101b1571444f449c7e4f9f3abe34f) Importer(815301076,1909f56bfc062723c751e8b465ee728b)
Start importing Assets/AssetsFormStore/Simple Buttons/Buttons Style 3 (Rounded Pink)/ButtonsStyle3_06.png using Guid(610101b1571444f449c7e4f9f3abe34f) Importer(815301076,1909f56bfc062723c751e8b465ee728b) [PhysX] Initialized MultithreadedTaskDispatcher with 4 workers.
[PhysX] Initialized MultithreadedTaskDispatcher with 4 workers.
 -> (artifact id: 'a7426b60b45fe22c48b0e0baf954238b') in 0.045455 seconds
Number of updated asset objects reloaded before import = 0
Number of asset objects unloaded after import = 3
========================================================================
Received Import Request.
  Time since last request: 0.000106 seconds.
  path: Assets/AssetsFormStore/Simple Buttons/Buttons Style 3 (Rounded Pink)/ButtonsStyle3_10.png
  artifactKey: Guid(e59da62836b29d848a90a21a652a6417) Importer(815301076,1909f56bfc062723c751e8b465ee728b)
Start importing Assets/AssetsFormStore/Simple Buttons/Buttons Style 3 (Rounded Pink)/ButtonsStyle3_10.png using Guid(e59da62836b29d848a90a21a652a6417) Importer(815301076,1909f56bfc062723c751e8b465ee728b) [PhysX] Initialized MultithreadedTaskDispatcher with 4 workers.
[PhysX] Initialized MultithreadedTaskDispatcher with 4 workers.
 -> (artifact id: '21b92a710073e4f8b5a406572ec45862') in 0.106376 seconds
Number of updated asset objects reloaded before import = 0
Number of asset objects unloaded after import = 3
========================================================================
Received Import Request.
  Time since last request: 0.000323 seconds.
  path: Assets/AssetsFormStore/Simple Buttons/Buttons Style 3 (Rounded Pink)/ButtonsStyle3_14.png
  artifactKey: Guid(b0f42b91f3b87e2408b748aefcdf7ca2) Importer(815301076,1909f56bfc062723c751e8b465ee728b)
Start importing Assets/AssetsFormStore/Simple Buttons/Buttons Style 3 (Rounded Pink)/ButtonsStyle3_14.png using Guid(b0f42b91f3b87e2408b748aefcdf7ca2) Importer(815301076,1909f56bfc062723c751e8b465ee728b) [PhysX] Initialized MultithreadedTaskDispatcher with 4 workers.
[PhysX] Initialized MultithreadedTaskDispatcher with 4 workers.
 -> (artifact id: '9f749b963a73508788f27f327940aca3') in 0.063565 seconds
Number of updated asset objects reloaded before import = 0
Number of asset objects unloaded after import = 3
========================================================================
Received Import Request.
  Time since last request: 0.000036 seconds.
  path: Assets/AssetsFormStore/Simple Buttons/Buttons Style 3 (Rounded Pink)/ButtonsStyle3_25.png
  artifactKey: Guid(57b19169832f7e6409b11f1d5d5244fa) Importer(815301076,1909f56bfc062723c751e8b465ee728b)
Start importing Assets/AssetsFormStore/Simple Buttons/Buttons Style 3 (Rounded Pink)/ButtonsStyle3_25.png using Guid(57b19169832f7e6409b11f1d5d5244fa) Importer(815301076,1909f56bfc062723c751e8b465ee728b) [PhysX] Initialized MultithreadedTaskDispatcher with 4 workers.
[PhysX] Initialized MultithreadedTaskDispatcher with 4 workers.
 -> (artifact id: 'fdcdde8498df1ba1c013d4b8cbf053e9') in 0.071474 seconds
Number of updated asset objects reloaded before import = 0
Number of asset objects unloaded after import = 3
========================================================================
Received Import Request.
  Time since last request: 0.000087 seconds.
  path: Assets/AssetsFormStore/Simple Buttons/Buttons Style 3 (Rounded Pink)/ButtonsStyle3_05.png
  artifactKey: Guid(a4a66d5385fa0e94cb470ad21e57ba05) Importer(815301076,1909f56bfc062723c751e8b465ee728b)
Start importing Assets/AssetsFormStore/Simple Buttons/Buttons Style 3 (Rounded Pink)/ButtonsStyle3_05.png using Guid(a4a66d5385fa0e94cb470ad21e57ba05) Importer(815301076,1909f56bfc062723c751e8b465ee728b) [PhysX] Initialized MultithreadedTaskDispatcher with 4 workers.
[PhysX] Initialized MultithreadedTaskDispatcher with 4 workers.
 -> (artifact id: '49270e1675751e607df0326a7d92c885') in 0.044629 seconds
Number of updated asset objects reloaded before import = 0
Number of asset objects unloaded after import = 3
========================================================================
Received Import Request.
  Time since last request: 1.440097 seconds.
  path: Assets/AssetsFormStore/Simple Buttons/Buttons Style 4 (Square Pink)
  artifactKey: Guid(d524110a82a410144b4fa11b2ca760fe) Importer(815301076,1909f56bfc062723c751e8b465ee728b)
Start importing Assets/AssetsFormStore/Simple Buttons/Buttons Style 4 (Square Pink) using Guid(d524110a82a410144b4fa11b2ca760fe) Importer(815301076,1909f56bfc062723c751e8b465ee728b) [PhysX] Initialized MultithreadedTaskDispatcher with 4 workers.
 -> (artifact id: 'd6d7d703aacfbcdff0a51087b8159361') in 0.001433 seconds
Number of updated asset objects reloaded before import = 0
Number of asset objects unloaded after import = 0
========================================================================
Received Import Request.
  Time since last request: 0.045742 seconds.
  path: Assets/AssetsFormStore/Simple Buttons/Buttons Style 4 (Square Pink)/ButtonsStyle4_01.png
  artifactKey: Guid(0f51b1b75b0cda146a0198335ba7afad) Importer(815301076,1909f56bfc062723c751e8b465ee728b)
Start importing Assets/AssetsFormStore/Simple Buttons/Buttons Style 4 (Square Pink)/ButtonsStyle4_01.png using Guid(0f51b1b75b0cda146a0198335ba7afad) Importer(815301076,1909f56bfc062723c751e8b465ee728b) [PhysX] Initialized MultithreadedTaskDispatcher with 4 workers.
[PhysX] Initialized MultithreadedTaskDispatcher with 4 workers.
 -> (artifact id: '65b73f776f999640fe9b239468ba648c') in 0.047712 seconds
Number of updated asset objects reloaded before import = 0
Number of asset objects unloaded after import = 3
========================================================================
Received Import Request.
  Time since last request: 0.000028 seconds.
  path: Assets/AssetsFormStore/Simple Buttons/Buttons Style 4 (Square Pink)/ButtonsStyle4_20.png
  artifactKey: Guid(a0e263cd36471d74eb42fc790a41d491) Importer(815301076,1909f56bfc062723c751e8b465ee728b)
Start importing Assets/AssetsFormStore/Simple Buttons/Buttons Style 4 (Square Pink)/ButtonsStyle4_20.png using Guid(a0e263cd36471d74eb42fc790a41d491) Importer(815301076,1909f56bfc062723c751e8b465ee728b) [PhysX] Initialized MultithreadedTaskDispatcher with 4 workers.
[PhysX] Initialized MultithreadedTaskDispatcher with 4 workers.
 -> (artifact id: 'f92f98cd58a62b5f67c014043cd27b15') in 0.047024 seconds
Number of updated asset objects reloaded before import = 0
Number of asset objects unloaded after import = 3
========================================================================
Received Import Request.
  Time since last request: 0.000037 seconds.
  path: Assets/AssetsFormStore/Simple Buttons/Buttons Style 4 (Square Pink)/ButtonsStyle4_15.png
  artifactKey: Guid(5289e686015fa0140a159eedec2d1590) Importer(815301076,1909f56bfc062723c751e8b465ee728b)
Start importing Assets/AssetsFormStore/Simple Buttons/Buttons Style 4 (Square Pink)/ButtonsStyle4_15.png using Guid(5289e686015fa0140a159eedec2d1590) Importer(815301076,1909f56bfc062723c751e8b465ee728b) [PhysX] Initialized MultithreadedTaskDispatcher with 4 workers.
[PhysX] Initialized MultithreadedTaskDispatcher with 4 workers.
 -> (artifact id: 'b2349d4cf8ab05f9dfb99c3a771ea9a3') in 0.057229 seconds
Number of updated asset objects reloaded before import = 0
Number of asset objects unloaded after import = 3
========================================================================
Received Import Request.
  Time since last request: 0.000033 seconds.
  path: Assets/AssetsFormStore/Simple Buttons/Buttons Style 4 (Square Pink)/ButtonsStyle4_08.png
  artifactKey: Guid(08311ec6247757547910a81b63e35f7d) Importer(815301076,1909f56bfc062723c751e8b465ee728b)
Start importing Assets/AssetsFormStore/Simple Buttons/Buttons Style 4 (Square Pink)/ButtonsStyle4_08.png using Guid(08311ec6247757547910a81b63e35f7d) Importer(815301076,1909f56bfc062723c751e8b465ee728b) [PhysX] Initialized MultithreadedTaskDispatcher with 4 workers.
[PhysX] Initialized MultithreadedTaskDispatcher with 4 workers.
 -> (artifact id: '1c4264b6b8cd0a06e3364aba318b09d3') in 0.123004 seconds
Number of updated asset objects reloaded before import = 0
Number of asset objects unloaded after import = 3
========================================================================
Received Import Request.
  Time since last request: 0.000034 seconds.
  path: Assets/AssetsFormStore/Simple Buttons/Buttons Style 4 (Square Pink)/ButtonsStyle4_05.png
  artifactKey: Guid(1962524212ef3494cae3b200f8559556) Importer(815301076,1909f56bfc062723c751e8b465ee728b)
Start importing Assets/AssetsFormStore/Simple Buttons/Buttons Style 4 (Square Pink)/ButtonsStyle4_05.png using Guid(1962524212ef3494cae3b200f8559556) Importer(815301076,1909f56bfc062723c751e8b465ee728b) [PhysX] Initialized MultithreadedTaskDispatcher with 4 workers.
[PhysX] Initialized MultithreadedTaskDispatcher with 4 workers.
 -> (artifact id: '096ff9b641a74bb9d8fad0bd7a519df2') in 0.048459 seconds
Number of updated asset objects reloaded before import = 0
Number of asset objects unloaded after import = 3
========================================================================
Received Import Request.
  Time since last request: 0.000037 seconds.
  path: Assets/AssetsFormStore/Simple Buttons/Buttons Style 4 (Square Pink)/ButtonsStyle4_10.png
  artifactKey: Guid(060c42d8eb4509e4bb93160c67bcb221) Importer(815301076,1909f56bfc062723c751e8b465ee728b)
Start importing Assets/AssetsFormStore/Simple Buttons/Buttons Style 4 (Square Pink)/ButtonsStyle4_10.png using Guid(060c42d8eb4509e4bb93160c67bcb221) Importer(815301076,1909f56bfc062723c751e8b465ee728b) [PhysX] Initialized MultithreadedTaskDispatcher with 4 workers.
[PhysX] Initialized MultithreadedTaskDispatcher with 4 workers.
 -> (artifact id: '882f0b8f4e1115064d906070ce3dd5bd') in 0.062185 seconds
Number of updated asset objects reloaded before import = 0
Number of asset objects unloaded after import = 3
========================================================================
Received Import Request.
  Time since last request: 0.000035 seconds.
  path: Assets/AssetsFormStore/Simple Buttons/Buttons Style 4 (Square Pink)/ButtonsStyle4_18.png
  artifactKey: Guid(cfb421e2d3b7cb24d96264d204811f74) Importer(815301076,1909f56bfc062723c751e8b465ee728b)
Start importing Assets/AssetsFormStore/Simple Buttons/Buttons Style 4 (Square Pink)/ButtonsStyle4_18.png using Guid(cfb421e2d3b7cb24d96264d204811f74) Importer(815301076,1909f56bfc062723c751e8b465ee728b) [PhysX] Initialized MultithreadedTaskDispatcher with 4 workers.
[PhysX] Initialized MultithreadedTaskDispatcher with 4 workers.
 -> (artifact id: 'a15a869fb43237b0235c82306fba9be1') in 0.115398 seconds
Number of updated asset objects reloaded before import = 0
Number of asset objects unloaded after import = 3
========================================================================
Received Import Request.
  Time since last request: 0.000036 seconds.
  path: Assets/AssetsFormStore/Simple Buttons/Buttons Style 4 (Square Pink)/ButtonsStyle4_26.png
  artifactKey: Guid(0d3465e8d7bf7f548a20dbde2b03c0b7) Importer(815301076,1909f56bfc062723c751e8b465ee728b)
Start importing Assets/AssetsFormStore/Simple Buttons/Buttons Style 4 (Square Pink)/ButtonsStyle4_26.png using Guid(0d3465e8d7bf7f548a20dbde2b03c0b7) Importer(815301076,1909f56bfc062723c751e8b465ee728b) [PhysX] Initialized MultithreadedTaskDispatcher with 4 workers.
[PhysX] Initialized MultithreadedTaskDispatcher with 4 workers.
 -> (artifact id: 'b8467da6716636708ca8470c4f1480c5') in 0.050498 seconds
Number of updated asset objects reloaded before import = 0
Number of asset objects unloaded after import = 3
========================================================================
Received Import Request.
  Time since last request: 0.000043 seconds.
  path: Assets/AssetsFormStore/Simple Buttons/Buttons Style 4 (Square Pink)/ButtonsStyle4_12.png
  artifactKey: Guid(25b62305c38b8cc4fb02b7f76ed7326b) Importer(815301076,1909f56bfc062723c751e8b465ee728b)
Start importing Assets/AssetsFormStore/Simple Buttons/Buttons Style 4 (Square Pink)/ButtonsStyle4_12.png using Guid(25b62305c38b8cc4fb02b7f76ed7326b) Importer(815301076,1909f56bfc062723c751e8b465ee728b) [PhysX] Initialized MultithreadedTaskDispatcher with 4 workers.
[PhysX] Initialized MultithreadedTaskDispatcher with 4 workers.
 -> (artifact id: 'f6e3062f3911f958d66d12aadc8ffc7b') in 0.044974 seconds
Number of updated asset objects reloaded before import = 0
Number of asset objects unloaded after import = 3
========================================================================
Received Import Request.
  Time since last request: 0.000039 seconds.
  path: Assets/AssetsFormStore/Simple Buttons/Buttons Style 4 (Square Pink)/ButtonsStyle4_19.png
  artifactKey: Guid(f8fcff0649a19924293bddb0a2762135) Importer(815301076,1909f56bfc062723c751e8b465ee728b)
Start importing Assets/AssetsFormStore/Simple Buttons/Buttons Style 4 (Square Pink)/ButtonsStyle4_19.png using Guid(f8fcff0649a19924293bddb0a2762135) Importer(815301076,1909f56bfc062723c751e8b465ee728b) [PhysX] Initialized MultithreadedTaskDispatcher with 4 workers.
[PhysX] Initialized MultithreadedTaskDispatcher with 4 workers.
 -> (artifact id: '9127c5d95efa7e7ed31b0b29acabea66') in 0.046941 seconds
Number of updated asset objects reloaded before import = 0
Number of asset objects unloaded after import = 3
========================================================================
Received Import Request.
  Time since last request: 0.000027 seconds.
  path: Assets/AssetsFormStore/Simple Buttons/Buttons Style 4 (Square Pink)/ButtonsStyle4_16.png
  artifactKey: Guid(3cfc09d826f809c4f935fe2ad948d80c) Importer(815301076,1909f56bfc062723c751e8b465ee728b)
Start importing Assets/AssetsFormStore/Simple Buttons/Buttons Style 4 (Square Pink)/ButtonsStyle4_16.png using Guid(3cfc09d826f809c4f935fe2ad948d80c) Importer(815301076,1909f56bfc062723c751e8b465ee728b) [PhysX] Initialized MultithreadedTaskDispatcher with 4 workers.
[PhysX] Initialized MultithreadedTaskDispatcher with 4 workers.
 -> (artifact id: '7ac68b9b13d068622bd0a293d0100176') in 0.047927 seconds
Number of updated asset objects reloaded before import = 0
Number of asset objects unloaded after import = 3
========================================================================
Received Import Request.
  Time since last request: 0.000026 seconds.
  path: Assets/AssetsFormStore/Simple Buttons/Buttons Style 4 (Square Pink)/ButtonsStyle4_09.png
  artifactKey: Guid(810e073e7677e5c4097c39495c5a13c9) Importer(815301076,1909f56bfc062723c751e8b465ee728b)
Start importing Assets/AssetsFormStore/Simple Buttons/Buttons Style 4 (Square Pink)/ButtonsStyle4_09.png using Guid(810e073e7677e5c4097c39495c5a13c9) Importer(815301076,1909f56bfc062723c751e8b465ee728b) [PhysX] Initialized MultithreadedTaskDispatcher with 4 workers.
[PhysX] Initialized MultithreadedTaskDispatcher with 4 workers.
 -> (artifact id: '6b679642972cac293fd7490950071215') in 0.046608 seconds
Number of updated asset objects reloaded before import = 0
Number of asset objects unloaded after import = 3
========================================================================
Received Import Request.
  Time since last request: 0.000036 seconds.
  path: Assets/AssetsFormStore/Simple Buttons/Buttons Style 4 (Square Pink)/ButtonsStyle4_02.png
  artifactKey: Guid(4b252a746b5f3c445b0248e68ce5c8fd) Importer(815301076,1909f56bfc062723c751e8b465ee728b)
Start importing Assets/AssetsFormStore/Simple Buttons/Buttons Style 4 (Square Pink)/ButtonsStyle4_02.png using Guid(4b252a746b5f3c445b0248e68ce5c8fd) Importer(815301076,1909f56bfc062723c751e8b465ee728b) [PhysX] Initialized MultithreadedTaskDispatcher with 4 workers.
[PhysX] Initialized MultithreadedTaskDispatcher with 4 workers.
 -> (artifact id: 'c2b543b60f08c4514c4d48b2d95c2cee') in 0.047339 seconds
Number of updated asset objects reloaded before import = 0
Number of asset objects unloaded after import = 3
========================================================================
Received Import Request.
  Time since last request: 0.000046 seconds.
  path: Assets/AssetsFormStore/Simple Buttons/Buttons Style 4 (Square Pink)/ButtonsStyle4_04.png
  artifactKey: Guid(255887467e3ecd343a625a3d481bd856) Importer(815301076,1909f56bfc062723c751e8b465ee728b)
Start importing Assets/AssetsFormStore/Simple Buttons/Buttons Style 4 (Square Pink)/ButtonsStyle4_04.png using Guid(255887467e3ecd343a625a3d481bd856) Importer(815301076,1909f56bfc062723c751e8b465ee728b) [PhysX] Initialized MultithreadedTaskDispatcher with 4 workers.
[PhysX] Initialized MultithreadedTaskDispatcher with 4 workers.
 -> (artifact id: 'af02c6985d4137a2f35402cde8c957e4') in 0.043381 seconds
Number of updated asset objects reloaded before import = 0
Number of asset objects unloaded after import = 3
========================================================================
Received Import Request.
  Time since last request: 0.000026 seconds.
  path: Assets/AssetsFormStore/Simple Buttons/Buttons Style 4 (Square Pink)/ButtonsStyle4_13.png
  artifactKey: Guid(0d194896b52be6b4c84a150347149a46) Importer(815301076,1909f56bfc062723c751e8b465ee728b)
Start importing Assets/AssetsFormStore/Simple Buttons/Buttons Style 4 (Square Pink)/ButtonsStyle4_13.png using Guid(0d194896b52be6b4c84a150347149a46) Importer(815301076,1909f56bfc062723c751e8b465ee728b) [PhysX] Initialized MultithreadedTaskDispatcher with 4 workers.
[PhysX] Initialized MultithreadedTaskDispatcher with 4 workers.
 -> (artifact id: '3ae28d13b50904eca5e56d6ca6fea223') in 0.039406 seconds
Number of updated asset objects reloaded before import = 0
Number of asset objects unloaded after import = 3
========================================================================
Received Import Request.
  Time since last request: 0.000083 seconds.
  path: Assets/AssetsFormStore/Simple Buttons/Buttons Style 4 (Square Pink)/ButtonsStyle4_14.png
  artifactKey: Guid(a0c018af355012b419a4ec40f31c8047) Importer(815301076,1909f56bfc062723c751e8b465ee728b)
Start importing Assets/AssetsFormStore/Simple Buttons/Buttons Style 4 (Square Pink)/ButtonsStyle4_14.png using Guid(a0c018af355012b419a4ec40f31c8047) Importer(815301076,1909f56bfc062723c751e8b465ee728b) [PhysX] Initialized MultithreadedTaskDispatcher with 4 workers.
[PhysX] Initialized MultithreadedTaskDispatcher with 4 workers.
 -> (artifact id: '9c6117498bb3c7fdbadca1c1d4ff76d0') in 0.054672 seconds
Number of updated asset objects reloaded before import = 0
Number of asset objects unloaded after import = 3
========================================================================
Received Import Request.
  Time since last request: 0.000037 seconds.
  path: Assets/AssetsFormStore/Simple Buttons/Buttons Style 4 (Square Pink)/ButtonsStyle4_17.png
  artifactKey: Guid(8dd6cc3d1e94fcc439380b9361a78192) Importer(815301076,1909f56bfc062723c751e8b465ee728b)
Start importing Assets/AssetsFormStore/Simple Buttons/Buttons Style 4 (Square Pink)/ButtonsStyle4_17.png using Guid(8dd6cc3d1e94fcc439380b9361a78192) Importer(815301076,1909f56bfc062723c751e8b465ee728b) [PhysX] Initialized MultithreadedTaskDispatcher with 4 workers.
[PhysX] Initialized MultithreadedTaskDispatcher with 4 workers.
 -> (artifact id: '949b515f6487d0eb818001f556a46871') in 0.051500 seconds
Number of updated asset objects reloaded before import = 0
Number of asset objects unloaded after import = 3
========================================================================
Received Import Request.
  Time since last request: 0.000032 seconds.
  path: Assets/AssetsFormStore/Simple Buttons/Buttons Style 4 (Square Pink)/ButtonsStyle4_11.png
  artifactKey: Guid(200f4c1fca449fd49a443ec3391f40b3) Importer(815301076,1909f56bfc062723c751e8b465ee728b)
Start importing Assets/AssetsFormStore/Simple Buttons/Buttons Style 4 (Square Pink)/ButtonsStyle4_11.png using Guid(200f4c1fca449fd49a443ec3391f40b3) Importer(815301076,1909f56bfc062723c751e8b465ee728b) [PhysX] Initialized MultithreadedTaskDispatcher with 4 workers.
[PhysX] Initialized MultithreadedTaskDispatcher with 4 workers.
 -> (artifact id: '64619d76cb5cfdbfa333c8b3180fd3e8') in 0.050126 seconds
Number of updated asset objects reloaded before import = 0
Number of asset objects unloaded after import = 3
========================================================================
Received Import Request.
  Time since last request: 0.000107 seconds.
  path: Assets/AssetsFormStore/Simple Buttons/Buttons Style 4 (Square Pink)/ButtonsStyle4_23.png
  artifactKey: Guid(c47b2588e354b9846b6a86484b01c372) Importer(815301076,1909f56bfc062723c751e8b465ee728b)
Start importing Assets/AssetsFormStore/Simple Buttons/Buttons Style 4 (Square Pink)/ButtonsStyle4_23.png using Guid(c47b2588e354b9846b6a86484b01c372) Importer(815301076,1909f56bfc062723c751e8b465ee728b) [PhysX] Initialized MultithreadedTaskDispatcher with 4 workers.
[PhysX] Initialized MultithreadedTaskDispatcher with 4 workers.
 -> (artifact id: '0a13130424b105ed7d4d07c7060422dd') in 0.045093 seconds
Number of updated asset objects reloaded before import = 0
Number of asset objects unloaded after import = 3
========================================================================
Received Import Request.
  Time since last request: 0.000027 seconds.
  path: Assets/AssetsFormStore/Simple Buttons/Buttons Style 4 (Square Pink)/ButtonsStyle4_07.png
  artifactKey: Guid(84febbaf9a199794c8a782053ae2bf3e) Importer(815301076,1909f56bfc062723c751e8b465ee728b)
Start importing Assets/AssetsFormStore/Simple Buttons/Buttons Style 4 (Square Pink)/ButtonsStyle4_07.png using Guid(84febbaf9a199794c8a782053ae2bf3e) Importer(815301076,1909f56bfc062723c751e8b465ee728b) [PhysX] Initialized MultithreadedTaskDispatcher with 4 workers.
[PhysX] Initialized MultithreadedTaskDispatcher with 4 workers.
 -> (artifact id: '431f051d3328250929f273142c09a3b2') in 0.049250 seconds
Number of updated asset objects reloaded before import = 0
Number of asset objects unloaded after import = 3
========================================================================
Received Import Request.
  Time since last request: 0.000035 seconds.
  path: Assets/AssetsFormStore/Simple Buttons/Buttons Style 4 (Square Pink)/ButtonsStyle4_22.png
  artifactKey: Guid(3f90df612d34c1848808619eaec45245) Importer(815301076,1909f56bfc062723c751e8b465ee728b)
Start importing Assets/AssetsFormStore/Simple Buttons/Buttons Style 4 (Square Pink)/ButtonsStyle4_22.png using Guid(3f90df612d34c1848808619eaec45245) Importer(815301076,1909f56bfc062723c751e8b465ee728b) [PhysX] Initialized MultithreadedTaskDispatcher with 4 workers.
[PhysX] Initialized MultithreadedTaskDispatcher with 4 workers.
 -> (artifact id: 'cab3e2d5c4c448d620b22ea23dbba872') in 0.046556 seconds
Number of updated asset objects reloaded before import = 0
Number of asset objects unloaded after import = 3
========================================================================
Received Import Request.
  Time since last request: 0.000032 seconds.
  path: Assets/AssetsFormStore/Simple Buttons/Buttons Style 4 (Square Pink)/ButtonsStyle4_06.png
  artifactKey: Guid(1243d881850a04b46b5b3273c75d44f7) Importer(815301076,1909f56bfc062723c751e8b465ee728b)
Start importing Assets/AssetsFormStore/Simple Buttons/Buttons Style 4 (Square Pink)/ButtonsStyle4_06.png using Guid(1243d881850a04b46b5b3273c75d44f7) Importer(815301076,1909f56bfc062723c751e8b465ee728b) [PhysX] Initialized MultithreadedTaskDispatcher with 4 workers.
[PhysX] Initialized MultithreadedTaskDispatcher with 4 workers.
 -> (artifact id: '231e4f5a7499c9f0939d2b759628940e') in 0.120095 seconds
Number of updated asset objects reloaded before import = 0
Number of asset objects unloaded after import = 3
========================================================================
Received Import Request.
  Time since last request: 0.000395 seconds.
  path: Assets/AssetsFormStore/Simple Buttons/Buttons Style 4 (Square Pink)/ButtonsStyle4_03.png
  artifactKey: Guid(a1de3d7ea33b23045a8b0487fc6e9f4f) Importer(815301076,1909f56bfc062723c751e8b465ee728b)
Start importing Assets/AssetsFormStore/Simple Buttons/Buttons Style 4 (Square Pink)/ButtonsStyle4_03.png using Guid(a1de3d7ea33b23045a8b0487fc6e9f4f) Importer(815301076,1909f56bfc062723c751e8b465ee728b) [PhysX] Initialized MultithreadedTaskDispatcher with 4 workers.
[PhysX] Initialized MultithreadedTaskDispatcher with 4 workers.
 -> (artifact id: 'd1ccb8f8a99b36dbeab384bb4793cd95') in 0.054702 seconds
Number of updated asset objects reloaded before import = 0
Number of asset objects unloaded after import = 3
========================================================================
Received Import Request.
  Time since last request: 0.000038 seconds.
  path: Assets/AssetsFormStore/Simple Buttons/Buttons Style 4 (Square Pink)/ButtonsStyle4_21.png
  artifactKey: Guid(ce104ad1f3d184649aa8cd73b5ad18f3) Importer(815301076,1909f56bfc062723c751e8b465ee728b)
Start importing Assets/AssetsFormStore/Simple Buttons/Buttons Style 4 (Square Pink)/ButtonsStyle4_21.png using Guid(ce104ad1f3d184649aa8cd73b5ad18f3) Importer(815301076,1909f56bfc062723c751e8b465ee728b) [PhysX] Initialized MultithreadedTaskDispatcher with 4 workers.
[PhysX] Initialized MultithreadedTaskDispatcher with 4 workers.
 -> (artifact id: 'e3ce4fff5b4b79e6f2abb2ddb3a3f804') in 0.051906 seconds
Number of updated asset objects reloaded before import = 0
Number of asset objects unloaded after import = 3
========================================================================
Received Import Request.
  Time since last request: 0.000075 seconds.
  path: Assets/AssetsFormStore/Simple Buttons/Buttons Style 4 (Square Pink)/ButtonsStyle4_25.png
  artifactKey: Guid(821908326398b3d439118d5987df04c8) Importer(815301076,1909f56bfc062723c751e8b465ee728b)
Start importing Assets/AssetsFormStore/Simple Buttons/Buttons Style 4 (Square Pink)/ButtonsStyle4_25.png using Guid(821908326398b3d439118d5987df04c8) Importer(815301076,1909f56bfc062723c751e8b465ee728b) [PhysX] Initialized MultithreadedTaskDispatcher with 4 workers.
[PhysX] Initialized MultithreadedTaskDispatcher with 4 workers.
 -> (artifact id: '5383a3e51b38d23aeceb67f8162a89ee') in 0.054378 seconds
Number of updated asset objects reloaded before import = 0
Number of asset objects unloaded after import = 3
========================================================================
Received Import Request.
  Time since last request: 0.000028 seconds.
  path: Assets/AssetsFormStore/Simple Buttons/Buttons Style 4 (Square Pink)/ButtonsStyle4_24.png
  artifactKey: Guid(15e32fd9f474c0944ad1a3a805acf80d) Importer(815301076,1909f56bfc062723c751e8b465ee728b)
Start importing Assets/AssetsFormStore/Simple Buttons/Buttons Style 4 (Square Pink)/ButtonsStyle4_24.png using Guid(15e32fd9f474c0944ad1a3a805acf80d) Importer(815301076,1909f56bfc062723c751e8b465ee728b) [PhysX] Initialized MultithreadedTaskDispatcher with 4 workers.
[PhysX] Initialized MultithreadedTaskDispatcher with 4 workers.
 -> (artifact id: '8d38968d5db37ec101afdbaf971234ec') in 0.048069 seconds
Number of updated asset objects reloaded before import = 0
Number of asset objects unloaded after import = 3
========================================================================
Received Import Request.
  Time since last request: 122.612235 seconds.
  path: Assets/AssetsFormStore/Simple Buttons/Buttons Style 5 (Rounded Green)
  artifactKey: Guid(f3348c4654d3e394b95e184635e532ad) Importer(815301076,1909f56bfc062723c751e8b465ee728b)
Start importing Assets/AssetsFormStore/Simple Buttons/Buttons Style 5 (Rounded Green) using Guid(f3348c4654d3e394b95e184635e532ad) Importer(815301076,1909f56bfc062723c751e8b465ee728b) [PhysX] Initialized MultithreadedTaskDispatcher with 4 workers.
 -> (artifact id: '5ffc814be230076f3d459fc89628f868') in 0.002271 seconds
Number of updated asset objects reloaded before import = 0
Number of asset objects unloaded after import = 0
========================================================================
Received Import Request.
  Time since last request: 0.043105 seconds.
  path: Assets/AssetsFormStore/Simple Buttons/Buttons Style 5 (Rounded Green)/ButtonsStyle5_01.png
  artifactKey: Guid(c66496c0a7a9bbb40bae317a92b9db4a) Importer(815301076,1909f56bfc062723c751e8b465ee728b)
Start importing Assets/AssetsFormStore/Simple Buttons/Buttons Style 5 (Rounded Green)/ButtonsStyle5_01.png using Guid(c66496c0a7a9bbb40bae317a92b9db4a) Importer(815301076,1909f56bfc062723c751e8b465ee728b) [PhysX] Initialized MultithreadedTaskDispatcher with 4 workers.
[PhysX] Initialized MultithreadedTaskDispatcher with 4 workers.
 -> (artifact id: '628ebaa1046205f5988db0e4f46f4aa3') in 0.090412 seconds
Number of updated asset objects reloaded before import = 0
Number of asset objects unloaded after import = 3
========================================================================
Received Import Request.
  Time since last request: 0.000445 seconds.
  path: Assets/AssetsFormStore/Simple Buttons/Buttons Style 5 (Rounded Green)/ButtonsStyle5_10.png
  artifactKey: Guid(cadded52c2c745048850a4c793a7a9cd) Importer(815301076,1909f56bfc062723c751e8b465ee728b)
Start importing Assets/AssetsFormStore/Simple Buttons/Buttons Style 5 (Rounded Green)/ButtonsStyle5_10.png using Guid(cadded52c2c745048850a4c793a7a9cd) Importer(815301076,1909f56bfc062723c751e8b465ee728b) [PhysX] Initialized MultithreadedTaskDispatcher with 4 workers.
[PhysX] Initialized MultithreadedTaskDispatcher with 4 workers.
 -> (artifact id: '0e1776974ab16dd578e4b17945889f07') in 0.061060 seconds
Number of updated asset objects reloaded before import = 0
Number of asset objects unloaded after import = 3
========================================================================
Received Import Request.
  Time since last request: 0.000092 seconds.
  path: Assets/AssetsFormStore/Simple Buttons/Buttons Style 5 (Rounded Green)/ButtonsStyle5_23.png
  artifactKey: Guid(5840efc7c24837e4ba77574e8d1e10ea) Importer(815301076,1909f56bfc062723c751e8b465ee728b)
Start importing Assets/AssetsFormStore/Simple Buttons/Buttons Style 5 (Rounded Green)/ButtonsStyle5_23.png using Guid(5840efc7c24837e4ba77574e8d1e10ea) Importer(815301076,1909f56bfc062723c751e8b465ee728b) [PhysX] Initialized MultithreadedTaskDispatcher with 4 workers.
[PhysX] Initialized MultithreadedTaskDispatcher with 4 workers.
 -> (artifact id: '364d5183518543e9bc07ab9da354276d') in 0.043897 seconds
Number of updated asset objects reloaded before import = 0
Number of asset objects unloaded after import = 3
========================================================================
Received Import Request.
  Time since last request: 0.000034 seconds.
  path: Assets/AssetsFormStore/Simple Buttons/Buttons Style 5 (Rounded Green)/ButtonsStyle5_14.png
  artifactKey: Guid(aa97485a9ccb2694d852b5ec2561f5d7) Importer(815301076,1909f56bfc062723c751e8b465ee728b)
Start importing Assets/AssetsFormStore/Simple Buttons/Buttons Style 5 (Rounded Green)/ButtonsStyle5_14.png using Guid(aa97485a9ccb2694d852b5ec2561f5d7) Importer(815301076,1909f56bfc062723c751e8b465ee728b) [PhysX] Initialized MultithreadedTaskDispatcher with 4 workers.
[PhysX] Initialized MultithreadedTaskDispatcher with 4 workers.
 -> (artifact id: '98617d469d7baf3b891271de649f53ef') in 0.048971 seconds
Number of updated asset objects reloaded before import = 0
Number of asset objects unloaded after import = 3
========================================================================
Received Import Request.
  Time since last request: 0.000041 seconds.
  path: Assets/AssetsFormStore/Simple Buttons/Buttons Style 5 (Rounded Green)/ButtonsStyle5_04.png
  artifactKey: Guid(5317fb8f426baab4bad5a55d1cf652c3) Importer(815301076,1909f56bfc062723c751e8b465ee728b)
Start importing Assets/AssetsFormStore/Simple Buttons/Buttons Style 5 (Rounded Green)/ButtonsStyle5_04.png using Guid(5317fb8f426baab4bad5a55d1cf652c3) Importer(815301076,1909f56bfc062723c751e8b465ee728b) [PhysX] Initialized MultithreadedTaskDispatcher with 4 workers.
[PhysX] Initialized MultithreadedTaskDispatcher with 4 workers.
 -> (artifact id: '20567d04216245d47f009fa2ec78406a') in 0.057590 seconds
Number of updated asset objects reloaded before import = 0
Number of asset objects unloaded after import = 3
========================================================================
Received Import Request.
  Time since last request: 0.000341 seconds.
  path: Assets/AssetsFormStore/Simple Buttons/Buttons Style 5 (Rounded Green)/ButtonsStyle5_19.png
  artifactKey: Guid(72d2aab6422e7e3429e8fec34f4c9c6a) Importer(815301076,1909f56bfc062723c751e8b465ee728b)
Start importing Assets/AssetsFormStore/Simple Buttons/Buttons Style 5 (Rounded Green)/ButtonsStyle5_19.png using Guid(72d2aab6422e7e3429e8fec34f4c9c6a) Importer(815301076,1909f56bfc062723c751e8b465ee728b) [PhysX] Initialized MultithreadedTaskDispatcher with 4 workers.
[PhysX] Initialized MultithreadedTaskDispatcher with 4 workers.
 -> (artifact id: 'e38c1489f03b257b1e481789105ed0b0') in 0.127287 seconds
Number of updated asset objects reloaded before import = 0
Number of asset objects unloaded after import = 3
========================================================================
Received Import Request.
  Time since last request: 0.000037 seconds.
  path: Assets/AssetsFormStore/Simple Buttons/Buttons Style 5 (Rounded Green)/ButtonsStyle5_24.png
  artifactKey: Guid(32302e34dd59f524d89f13356091ce79) Importer(815301076,1909f56bfc062723c751e8b465ee728b)
Start importing Assets/AssetsFormStore/Simple Buttons/Buttons Style 5 (Rounded Green)/ButtonsStyle5_24.png using Guid(32302e34dd59f524d89f13356091ce79) Importer(815301076,1909f56bfc062723c751e8b465ee728b) [PhysX] Initialized MultithreadedTaskDispatcher with 4 workers.
[PhysX] Initialized MultithreadedTaskDispatcher with 4 workers.
 -> (artifact id: '29b8270f20075f50c0b5f626a9ef066a') in 0.204943 seconds
Number of updated asset objects reloaded before import = 0
Number of asset objects unloaded after import = 3
========================================================================
Received Import Request.
  Time since last request: 0.000125 seconds.
  path: Assets/AssetsFormStore/Simple Buttons/Buttons Style 5 (Rounded Green)/ButtonsStyle5_06.png
  artifactKey: Guid(9c456c7cd6977a44cbe656e90cf73725) Importer(815301076,1909f56bfc062723c751e8b465ee728b)
Start importing Assets/AssetsFormStore/Simple Buttons/Buttons Style 5 (Rounded Green)/ButtonsStyle5_06.png using Guid(9c456c7cd6977a44cbe656e90cf73725) Importer(815301076,1909f56bfc062723c751e8b465ee728b) [PhysX] Initialized MultithreadedTaskDispatcher with 4 workers.
[PhysX] Initialized MultithreadedTaskDispatcher with 4 workers.
 -> (artifact id: '6a6eaf067472a78ee46d853582b86e12') in 0.043950 seconds
Number of updated asset objects reloaded before import = 0
Number of asset objects unloaded after import = 3
========================================================================
Received Import Request.
  Time since last request: 0.000028 seconds.
  path: Assets/AssetsFormStore/Simple Buttons/Buttons Style 5 (Rounded Green)/ButtonsStyle5_13.png
  artifactKey: Guid(3041893e5179b6f4189c9aab97959719) Importer(815301076,1909f56bfc062723c751e8b465ee728b)
Start importing Assets/AssetsFormStore/Simple Buttons/Buttons Style 5 (Rounded Green)/ButtonsStyle5_13.png using Guid(3041893e5179b6f4189c9aab97959719) Importer(815301076,1909f56bfc062723c751e8b465ee728b) [PhysX] Initialized MultithreadedTaskDispatcher with 4 workers.
[PhysX] Initialized MultithreadedTaskDispatcher with 4 workers.
 -> (artifact id: 'abb740a005c4d168cfd2ba960432035b') in 0.084958 seconds
Number of updated asset objects reloaded before import = 0
Number of asset objects unloaded after import = 3
========================================================================
Received Import Request.
  Time since last request: 0.000123 seconds.
  path: Assets/AssetsFormStore/Simple Buttons/Buttons Style 5 (Rounded Green)/ButtonsStyle5_16.png
  artifactKey: Guid(5e93dc3a25307f74691b54d78c0c830f) Importer(815301076,1909f56bfc062723c751e8b465ee728b)
Start importing Assets/AssetsFormStore/Simple Buttons/Buttons Style 5 (Rounded Green)/ButtonsStyle5_16.png using Guid(5e93dc3a25307f74691b54d78c0c830f) Importer(815301076,1909f56bfc062723c751e8b465ee728b) [PhysX] Initialized MultithreadedTaskDispatcher with 4 workers.
[PhysX] Initialized MultithreadedTaskDispatcher with 4 workers.
 -> (artifact id: '563ed944e4245350b4a54d89343d637f') in 0.061470 seconds
Number of updated asset objects reloaded before import = 0
Number of asset objects unloaded after import = 3
========================================================================
Received Import Request.
  Time since last request: 0.000036 seconds.
  path: Assets/AssetsFormStore/Simple Buttons/Buttons Style 5 (Rounded Green)/ButtonsStyle5_08.png
  artifactKey: Guid(3bd1830b4c4fb894d8d44eed0e516d1e) Importer(815301076,1909f56bfc062723c751e8b465ee728b)
Start importing Assets/AssetsFormStore/Simple Buttons/Buttons Style 5 (Rounded Green)/ButtonsStyle5_08.png using Guid(3bd1830b4c4fb894d8d44eed0e516d1e) Importer(815301076,1909f56bfc062723c751e8b465ee728b) [PhysX] Initialized MultithreadedTaskDispatcher with 4 workers.
[PhysX] Initialized MultithreadedTaskDispatcher with 4 workers.
 -> (artifact id: '5119a9e8671d4896aededc4234207a1b') in 0.085360 seconds
Number of updated asset objects reloaded before import = 0
Number of asset objects unloaded after import = 3
========================================================================
Received Import Request.
  Time since last request: 0.000059 seconds.
  path: Assets/AssetsFormStore/Simple Buttons/Buttons Style 5 (Rounded Green)/ButtonsStyle5_22.png
  artifactKey: Guid(03f751de83b3e22498f3964d3dad4fe5) Importer(815301076,1909f56bfc062723c751e8b465ee728b)
Start importing Assets/AssetsFormStore/Simple Buttons/Buttons Style 5 (Rounded Green)/ButtonsStyle5_22.png using Guid(03f751de83b3e22498f3964d3dad4fe5) Importer(815301076,1909f56bfc062723c751e8b465ee728b) [PhysX] Initialized MultithreadedTaskDispatcher with 4 workers.
[PhysX] Initialized MultithreadedTaskDispatcher with 4 workers.
 -> (artifact id: '8fb2d1d2fc41865e3f4efe15a92e2058') in 0.071158 seconds
Number of updated asset objects reloaded before import = 0
Number of asset objects unloaded after import = 3
========================================================================
Received Import Request.
  Time since last request: 0.000051 seconds.
  path: Assets/AssetsFormStore/Simple Buttons/Buttons Style 5 (Rounded Green)/ButtonsStyle5_07.png
  artifactKey: Guid(9cd3ecbdd1be06e44b6514e00ec1a420) Importer(815301076,1909f56bfc062723c751e8b465ee728b)
Start importing Assets/AssetsFormStore/Simple Buttons/Buttons Style 5 (Rounded Green)/ButtonsStyle5_07.png using Guid(9cd3ecbdd1be06e44b6514e00ec1a420) Importer(815301076,1909f56bfc062723c751e8b465ee728b) [PhysX] Initialized MultithreadedTaskDispatcher with 4 workers.
[PhysX] Initialized MultithreadedTaskDispatcher with 4 workers.
 -> (artifact id: '8183a3ec86c9949d8504662ec80f9684') in 0.053650 seconds
Number of updated asset objects reloaded before import = 0
Number of asset objects unloaded after import = 3
========================================================================
Received Import Request.
  Time since last request: 0.000079 seconds.
  path: Assets/AssetsFormStore/Simple Buttons/Buttons Style 5 (Rounded Green)/ButtonsStyle5_18.png
  artifactKey: Guid(0413b9cc717287548979b28d5ba9969c) Importer(815301076,1909f56bfc062723c751e8b465ee728b)
Start importing Assets/AssetsFormStore/Simple Buttons/Buttons Style 5 (Rounded Green)/ButtonsStyle5_18.png using Guid(0413b9cc717287548979b28d5ba9969c) Importer(815301076,1909f56bfc062723c751e8b465ee728b) [PhysX] Initialized MultithreadedTaskDispatcher with 4 workers.
[PhysX] Initialized MultithreadedTaskDispatcher with 4 workers.
 -> (artifact id: '6ab614560e7c4386b3ecf0231da40e6c') in 0.064827 seconds
Number of updated asset objects reloaded before import = 0
Number of asset objects unloaded after import = 3
========================================================================
Received Import Request.
  Time since last request: 0.000113 seconds.
  path: Assets/AssetsFormStore/Simple Buttons/Buttons Style 5 (Rounded Green)/ButtonsStyle5_02.png
  artifactKey: Guid(8799b3dc747735b4c8b490c6d153e15b) Importer(815301076,1909f56bfc062723c751e8b465ee728b)
Start importing Assets/AssetsFormStore/Simple Buttons/Buttons Style 5 (Rounded Green)/ButtonsStyle5_02.png using Guid(8799b3dc747735b4c8b490c6d153e15b) Importer(815301076,1909f56bfc062723c751e8b465ee728b) [PhysX] Initialized MultithreadedTaskDispatcher with 4 workers.
[PhysX] Initialized MultithreadedTaskDispatcher with 4 workers.
 -> (artifact id: '05ec1ccbec26ea262f2f60b20ef8b547') in 0.078291 seconds
Number of updated asset objects reloaded before import = 0
Number of asset objects unloaded after import = 3
========================================================================
Received Import Request.
  Time since last request: 0.001355 seconds.
  path: Assets/AssetsFormStore/Simple Buttons/Buttons Style 5 (Rounded Green)/ButtonsStyle5_26.png
  artifactKey: Guid(5b7abee8b31de6e4f96bf409a635d1d2) Importer(815301076,1909f56bfc062723c751e8b465ee728b)
Start importing Assets/AssetsFormStore/Simple Buttons/Buttons Style 5 (Rounded Green)/ButtonsStyle5_26.png using Guid(5b7abee8b31de6e4f96bf409a635d1d2) Importer(815301076,1909f56bfc062723c751e8b465ee728b) [PhysX] Initialized MultithreadedTaskDispatcher with 4 workers.
[PhysX] Initialized MultithreadedTaskDispatcher with 4 workers.
 -> (artifact id: '4bf557ca9b9d9f4e8f74477aa85331b9') in 0.222210 seconds
Number of updated asset objects reloaded before import = 0
Number of asset objects unloaded after import = 3
========================================================================
Received Import Request.
  Time since last request: 0.000037 seconds.
  path: Assets/AssetsFormStore/Simple Buttons/Buttons Style 5 (Rounded Green)/ButtonsStyle5_03.png
  artifactKey: Guid(ffc881576432a154fb549d752d7348db) Importer(815301076,1909f56bfc062723c751e8b465ee728b)
Start importing Assets/AssetsFormStore/Simple Buttons/Buttons Style 5 (Rounded Green)/ButtonsStyle5_03.png using Guid(ffc881576432a154fb549d752d7348db) Importer(815301076,1909f56bfc062723c751e8b465ee728b) [PhysX] Initialized MultithreadedTaskDispatcher with 4 workers.
[PhysX] Initialized MultithreadedTaskDispatcher with 4 workers.
 -> (artifact id: 'cd205d3c983c665276afe70435b3b3f0') in 0.058772 seconds
Number of updated asset objects reloaded before import = 0
Number of asset objects unloaded after import = 3
========================================================================
Received Import Request.
  Time since last request: 0.000037 seconds.
  path: Assets/AssetsFormStore/Simple Buttons/Buttons Style 5 (Rounded Green)/ButtonsStyle5_15.png
  artifactKey: Guid(c5b2a80aaa37e5e4385e72af1febc929) Importer(815301076,1909f56bfc062723c751e8b465ee728b)
Start importing Assets/AssetsFormStore/Simple Buttons/Buttons Style 5 (Rounded Green)/ButtonsStyle5_15.png using Guid(c5b2a80aaa37e5e4385e72af1febc929) Importer(815301076,1909f56bfc062723c751e8b465ee728b) [PhysX] Initialized MultithreadedTaskDispatcher with 4 workers.
[PhysX] Initialized MultithreadedTaskDispatcher with 4 workers.
 -> (artifact id: 'ece514d42d14718702d125fa53b4b917') in 0.043766 seconds
Number of updated asset objects reloaded before import = 0
Number of asset objects unloaded after import = 3
========================================================================
Received Import Request.
  Time since last request: 0.000033 seconds.
  path: Assets/AssetsFormStore/Simple Buttons/Buttons Style 6 (Square Green)/ButtonsStyle6_06.png
  artifactKey: Guid(1909f0ade7f39a64aaf4a4eb5115c6cc) Importer(815301076,1909f56bfc062723c751e8b465ee728b)
Start importing Assets/AssetsFormStore/Simple Buttons/Buttons Style 6 (Square Green)/ButtonsStyle6_06.png using Guid(1909f0ade7f39a64aaf4a4eb5115c6cc) Importer(815301076,1909f56bfc062723c751e8b465ee728b) [PhysX] Initialized MultithreadedTaskDispatcher with 4 workers.
[PhysX] Initialized MultithreadedTaskDispatcher with 4 workers.
 -> (artifact id: 'a2f0ac3b3c759971053b8c272131b354') in 0.056263 seconds
Number of updated asset objects reloaded before import = 0
Number of asset objects unloaded after import = 3
========================================================================
Received Import Request.
  Time since last request: 0.000038 seconds.
  path: Assets/AssetsFormStore/Simple Buttons/Buttons Style 6 (Square Green)/ButtonsStyle6_26.png
  artifactKey: Guid(896c2c7e6d789264fa6b21eb99d6e283) Importer(815301076,1909f56bfc062723c751e8b465ee728b)
Start importing Assets/AssetsFormStore/Simple Buttons/Buttons Style 6 (Square Green)/ButtonsStyle6_26.png using Guid(896c2c7e6d789264fa6b21eb99d6e283) Importer(815301076,1909f56bfc062723c751e8b465ee728b) [PhysX] Initialized MultithreadedTaskDispatcher with 4 workers.
[PhysX] Initialized MultithreadedTaskDispatcher with 4 workers.
 -> (artifact id: 'dffb886bf7e69fe06cdd14bb3b24bf0d') in 0.051733 seconds
Number of updated asset objects reloaded before import = 0
Number of asset objects unloaded after import = 3
========================================================================
Received Import Request.
  Time since last request: 0.000030 seconds.
  path: Assets/AssetsFormStore/Simple Buttons/Buttons Style 6 (Square Green)/ButtonsStyle6_12.png
  artifactKey: Guid(7ba50450cda5a6b449f7a9d2adc151ad) Importer(815301076,1909f56bfc062723c751e8b465ee728b)
Start importing Assets/AssetsFormStore/Simple Buttons/Buttons Style 6 (Square Green)/ButtonsStyle6_12.png using Guid(7ba50450cda5a6b449f7a9d2adc151ad) Importer(815301076,1909f56bfc062723c751e8b465ee728b) [PhysX] Initialized MultithreadedTaskDispatcher with 4 workers.
[PhysX] Initialized MultithreadedTaskDispatcher with 4 workers.
 -> (artifact id: 'f398455eec708dd62708f471e7ea21b9') in 0.051116 seconds
Number of updated asset objects reloaded before import = 0
Number of asset objects unloaded after import = 3
========================================================================
Received Import Request.
  Time since last request: 0.000065 seconds.
  path: Assets/AssetsFormStore/Simple Buttons/Buttons Style 6 (Square Green)/ButtonsStyle6_24.png
  artifactKey: Guid(6aff451c6d33c6a4e99babc2eb5ad56b) Importer(815301076,1909f56bfc062723c751e8b465ee728b)
Start importing Assets/AssetsFormStore/Simple Buttons/Buttons Style 6 (Square Green)/ButtonsStyle6_24.png using Guid(6aff451c6d33c6a4e99babc2eb5ad56b) Importer(815301076,1909f56bfc062723c751e8b465ee728b) [PhysX] Initialized MultithreadedTaskDispatcher with 4 workers.
[PhysX] Initialized MultithreadedTaskDispatcher with 4 workers.
 -> (artifact id: '3f7c2f0ffe576da7aa651459efef9e24') in 0.058891 seconds
Number of updated asset objects reloaded before import = 0
Number of asset objects unloaded after import = 3
========================================================================
Received Import Request.
  Time since last request: 0.000074 seconds.
  path: Assets/AssetsFormStore/Simple Buttons/Buttons Style 6 (Square Green)/ButtonsStyle6_01.png
  artifactKey: Guid(a88d28a1d6de27c418fe34d102a2b296) Importer(815301076,1909f56bfc062723c751e8b465ee728b)
Start importing Assets/AssetsFormStore/Simple Buttons/Buttons Style 6 (Square Green)/ButtonsStyle6_01.png using Guid(a88d28a1d6de27c418fe34d102a2b296) Importer(815301076,1909f56bfc062723c751e8b465ee728b) [PhysX] Initialized MultithreadedTaskDispatcher with 4 workers.
[PhysX] Initialized MultithreadedTaskDispatcher with 4 workers.
 -> (artifact id: 'aab946915987b48d4748f0f4075e7472') in 0.032870 seconds
Number of updated asset objects reloaded before import = 0
Number of asset objects unloaded after import = 3
========================================================================
Received Import Request.
  Time since last request: 0.000047 seconds.
  path: Assets/AssetsFormStore/Simple Buttons/Buttons Style 6 (Square Green)/ButtonsStyle6_09.png
  artifactKey: Guid(f985fba949b6abb419c13bf52ebe2070) Importer(815301076,1909f56bfc062723c751e8b465ee728b)
Start importing Assets/AssetsFormStore/Simple Buttons/Buttons Style 6 (Square Green)/ButtonsStyle6_09.png using Guid(f985fba949b6abb419c13bf52ebe2070) Importer(815301076,1909f56bfc062723c751e8b465ee728b) [PhysX] Initialized MultithreadedTaskDispatcher with 4 workers.
[PhysX] Initialized MultithreadedTaskDispatcher with 4 workers.
 -> (artifact id: '05a2945a37cb3d4fc0bb3fc5fa31b65b') in 0.050049 seconds
Number of updated asset objects reloaded before import = 0
Number of asset objects unloaded after import = 3
========================================================================
Received Import Request.
  Time since last request: 0.000041 seconds.
  path: Assets/AssetsFormStore/Simple Buttons/Buttons Style 6 (Square Green)/ButtonsStyle6_18.png
  artifactKey: Guid(c010c0f1055e78e4a8d9f4b435261123) Importer(815301076,1909f56bfc062723c751e8b465ee728b)
Start importing Assets/AssetsFormStore/Simple Buttons/Buttons Style 6 (Square Green)/ButtonsStyle6_18.png using Guid(c010c0f1055e78e4a8d9f4b435261123) Importer(815301076,1909f56bfc062723c751e8b465ee728b) [PhysX] Initialized MultithreadedTaskDispatcher with 4 workers.
[PhysX] Initialized MultithreadedTaskDispatcher with 4 workers.
 -> (artifact id: '226d5616f185aca2b102f5d8712fca48') in 0.047448 seconds
Number of updated asset objects reloaded before import = 0
Number of asset objects unloaded after import = 3
========================================================================
Received Import Request.
  Time since last request: 0.000103 seconds.
  path: Assets/AssetsFormStore/Simple Buttons/Buttons Style 6 (Square Green)/ButtonsStyle6_07.png
  artifactKey: Guid(eb0ae36b7e4e35a42a89703e576cf332) Importer(815301076,1909f56bfc062723c751e8b465ee728b)
Start importing Assets/AssetsFormStore/Simple Buttons/Buttons Style 6 (Square Green)/ButtonsStyle6_07.png using Guid(eb0ae36b7e4e35a42a89703e576cf332) Importer(815301076,1909f56bfc062723c751e8b465ee728b) [PhysX] Initialized MultithreadedTaskDispatcher with 4 workers.
[PhysX] Initialized MultithreadedTaskDispatcher with 4 workers.
 -> (artifact id: '708a966313938021d703cf9ecea434d3') in 0.049044 seconds
Number of updated asset objects reloaded before import = 0
Number of asset objects unloaded after import = 3
========================================================================
Received Import Request.
  Time since last request: 0.000614 seconds.
  path: Assets/AssetsFormStore/Simple Buttons/Buttons Style 6 (Square Green)/ButtonsStyle6_22.png
  artifactKey: Guid(d3ed1aedfbe26294685204749f84ade2) Importer(815301076,1909f56bfc062723c751e8b465ee728b)
Start importing Assets/AssetsFormStore/Simple Buttons/Buttons Style 6 (Square Green)/ButtonsStyle6_22.png using Guid(d3ed1aedfbe26294685204749f84ade2) Importer(815301076,1909f56bfc062723c751e8b465ee728b) [PhysX] Initialized MultithreadedTaskDispatcher with 4 workers.
[PhysX] Initialized MultithreadedTaskDispatcher with 4 workers.
 -> (artifact id: '5bca782004c273d50eb30e7ec253d97c') in 0.086890 seconds
Number of updated asset objects reloaded before import = 0
Number of asset objects unloaded after import = 3
========================================================================
Received Import Request.
  Time since last request: 0.000249 seconds.
  path: Assets/AssetsFormStore/Simple Buttons/Buttons Style 6 (Square Green)/ButtonsStyle6_15.png
  artifactKey: Guid(4476b3b2ff8dc0e4a84d8427a8714415) Importer(815301076,1909f56bfc062723c751e8b465ee728b)
Start importing Assets/AssetsFormStore/Simple Buttons/Buttons Style 6 (Square Green)/ButtonsStyle6_15.png using Guid(4476b3b2ff8dc0e4a84d8427a8714415) Importer(815301076,1909f56bfc062723c751e8b465ee728b) [PhysX] Initialized MultithreadedTaskDispatcher with 4 workers.
[PhysX] Initialized MultithreadedTaskDispatcher with 4 workers.
 -> (artifact id: '69d6933fe44fdad8ad26d50b55b89eca') in 0.065466 seconds
Number of updated asset objects reloaded before import = 0
Number of asset objects unloaded after import = 3
========================================================================
Received Import Request.
  Time since last request: 0.000149 seconds.
  path: Assets/AssetsFormStore/Simple Buttons/Buttons Style 6 (Square Green)/ButtonsStyle6_02.png
  artifactKey: Guid(bb4595294ae3c924faccde948a58574d) Importer(815301076,1909f56bfc062723c751e8b465ee728b)
Start importing Assets/AssetsFormStore/Simple Buttons/Buttons Style 6 (Square Green)/ButtonsStyle6_02.png using Guid(bb4595294ae3c924faccde948a58574d) Importer(815301076,1909f56bfc062723c751e8b465ee728b) [PhysX] Initialized MultithreadedTaskDispatcher with 4 workers.
[PhysX] Initialized MultithreadedTaskDispatcher with 4 workers.
 -> (artifact id: '119536120e188fa55f6965715653e275') in 0.301201 seconds
Number of updated asset objects reloaded before import = 0
Number of asset objects unloaded after import = 3
========================================================================
Received Import Request.
  Time since last request: 0.000032 seconds.
  path: Assets/AssetsFormStore/Simple Buttons/Buttons Style 6 (Square Green)/ButtonsStyle6_05.png
  artifactKey: Guid(276cf35c35ad70f46aeddb24071cd752) Importer(815301076,1909f56bfc062723c751e8b465ee728b)
Start importing Assets/AssetsFormStore/Simple Buttons/Buttons Style 6 (Square Green)/ButtonsStyle6_05.png using Guid(276cf35c35ad70f46aeddb24071cd752) Importer(815301076,1909f56bfc062723c751e8b465ee728b) [PhysX] Initialized MultithreadedTaskDispatcher with 4 workers.
[PhysX] Initialized MultithreadedTaskDispatcher with 4 workers.
 -> (artifact id: '90acb00b0c7a3d2e3729ec3c699f1404') in 0.060949 seconds
Number of updated asset objects reloaded before import = 0
Number of asset objects unloaded after import = 3
========================================================================
Received Import Request.
  Time since last request: 0.000039 seconds.
  path: Assets/AssetsFormStore/Simple Buttons/Buttons Style 6 (Square Green)/ButtonsStyle6_20.png
  artifactKey: Guid(f09acf0f7fc67404fbbad804530401d6) Importer(815301076,1909f56bfc062723c751e8b465ee728b)
Start importing Assets/AssetsFormStore/Simple Buttons/Buttons Style 6 (Square Green)/ButtonsStyle6_20.png using Guid(f09acf0f7fc67404fbbad804530401d6) Importer(815301076,1909f56bfc062723c751e8b465ee728b) [PhysX] Initialized MultithreadedTaskDispatcher with 4 workers.
[PhysX] Initialized MultithreadedTaskDispatcher with 4 workers.
 -> (artifact id: '0fb340b328cb324fbe39d03024f24a3f') in 0.076881 seconds
Number of updated asset objects reloaded before import = 0
Number of asset objects unloaded after import = 3
========================================================================
Received Import Request.
  Time since last request: 0.000049 seconds.
  path: Assets/AssetsFormStore/Simple Buttons/Buttons Style 6 (Square Green)/ButtonsStyle6_10.png
  artifactKey: Guid(67e86ac9dec749b42803577fa814838c) Importer(815301076,1909f56bfc062723c751e8b465ee728b)
Start importing Assets/AssetsFormStore/Simple Buttons/Buttons Style 6 (Square Green)/ButtonsStyle6_10.png using Guid(67e86ac9dec749b42803577fa814838c) Importer(815301076,1909f56bfc062723c751e8b465ee728b) [PhysX] Initialized MultithreadedTaskDispatcher with 4 workers.
[PhysX] Initialized MultithreadedTaskDispatcher with 4 workers.
 -> (artifact id: '3f11756c2e1fbb94bf9a7fca4392b38e') in 0.057656 seconds
Number of updated asset objects reloaded before import = 0
Number of asset objects unloaded after import = 3
========================================================================
Received Import Request.
  Time since last request: 0.000041 seconds.
  path: Assets/AssetsFormStore/Simple Buttons/Buttons Style 6 (Square Green)/ButtonsStyle6_21.png
  artifactKey: Guid(24ea83971b56cff4ea0d76cd0ac34520) Importer(815301076,1909f56bfc062723c751e8b465ee728b)
Start importing Assets/AssetsFormStore/Simple Buttons/Buttons Style 6 (Square Green)/ButtonsStyle6_21.png using Guid(24ea83971b56cff4ea0d76cd0ac34520) Importer(815301076,1909f56bfc062723c751e8b465ee728b) [PhysX] Initialized MultithreadedTaskDispatcher with 4 workers.
[PhysX] Initialized MultithreadedTaskDispatcher with 4 workers.
 -> (artifact id: 'fefde1a2b96c3c4a85eb9df20bbb8f55') in 0.046025 seconds
Number of updated asset objects reloaded before import = 0
Number of asset objects unloaded after import = 3
========================================================================
Received Import Request.
  Time since last request: 0.000091 seconds.
  path: Assets/AssetsFormStore/Simple Buttons/Buttons Style 7 (Rounded Turquoise)
  artifactKey: Guid(ccbd4f6946eb588479568060eb8a0659) Importer(815301076,1909f56bfc062723c751e8b465ee728b)
Start importing Assets/AssetsFormStore/Simple Buttons/Buttons Style 7 (Rounded Turquoise) using Guid(ccbd4f6946eb588479568060eb8a0659) Importer(815301076,1909f56bfc062723c751e8b465ee728b) [PhysX] Initialized MultithreadedTaskDispatcher with 4 workers.
 -> (artifact id: 'ee50dfd695779e2bb9910cfe419d7a74') in 0.002802 seconds
Number of updated asset objects reloaded before import = 0
Number of asset objects unloaded after import = 0
========================================================================
Received Import Request.
  Time since last request: 0.000062 seconds.
  path: Assets/AssetsFormStore/Simple Buttons/Buttons Style 5 (Rounded Green)/ButtonsStyle5_11.png
  artifactKey: Guid(fb6cd26a70c0e9e4aa620c0cb01c7da5) Importer(815301076,1909f56bfc062723c751e8b465ee728b)
Start importing Assets/AssetsFormStore/Simple Buttons/Buttons Style 5 (Rounded Green)/ButtonsStyle5_11.png using Guid(fb6cd26a70c0e9e4aa620c0cb01c7da5) Importer(815301076,1909f56bfc062723c751e8b465ee728b) [PhysX] Initialized MultithreadedTaskDispatcher with 4 workers.
[PhysX] Initialized MultithreadedTaskDispatcher with 4 workers.
 -> (artifact id: 'af9f8419d75c87d8eb68217582025608') in 0.072723 seconds
Number of updated asset objects reloaded before import = 0
Number of asset objects unloaded after import = 3
========================================================================
Received Import Request.
  Time since last request: 0.000036 seconds.
  path: Assets/AssetsFormStore/Simple Buttons/Buttons Style 6 (Square Green)/ButtonsStyle6_19.png
  artifactKey: Guid(49fb5a2ba972d1648b383eac65651093) Importer(815301076,1909f56bfc062723c751e8b465ee728b)
Start importing Assets/AssetsFormStore/Simple Buttons/Buttons Style 6 (Square Green)/ButtonsStyle6_19.png using Guid(49fb5a2ba972d1648b383eac65651093) Importer(815301076,1909f56bfc062723c751e8b465ee728b) [PhysX] Initialized MultithreadedTaskDispatcher with 4 workers.
[PhysX] Initialized MultithreadedTaskDispatcher with 4 workers.
 -> (artifact id: '4d710781e43dc7857d0ec42e4b63217a') in 0.130873 seconds
Number of updated asset objects reloaded before import = 0
Number of asset objects unloaded after import = 3
========================================================================
Received Import Request.
  Time since last request: 0.000045 seconds.
  path: Assets/AssetsFormStore/Simple Buttons/Buttons Style 7 (Rounded Turquoise)/ButtonsStyle7_01.png
  artifactKey: Guid(941926ed1a7f5a947afe9b219f4e0590) Importer(815301076,1909f56bfc062723c751e8b465ee728b)
Start importing Assets/AssetsFormStore/Simple Buttons/Buttons Style 7 (Rounded Turquoise)/ButtonsStyle7_01.png using Guid(941926ed1a7f5a947afe9b219f4e0590) Importer(815301076,1909f56bfc062723c751e8b465ee728b) [PhysX] Initialized MultithreadedTaskDispatcher with 4 workers.
[PhysX] Initialized MultithreadedTaskDispatcher with 4 workers.
 -> (artifact id: 'df780de8ff785b0e14165fb6e30c7fd7') in 0.036681 seconds
Number of updated asset objects reloaded before import = 0
Number of asset objects unloaded after import = 3
========================================================================
Received Import Request.
  Time since last request: 0.000046 seconds.
  path: Assets/AssetsFormStore/Simple Buttons/Buttons Style 7 (Rounded Turquoise)/ButtonsStyle7_13.png
  artifactKey: Guid(1b67b8c30bd6e874994559564972026f) Importer(815301076,1909f56bfc062723c751e8b465ee728b)
Start importing Assets/AssetsFormStore/Simple Buttons/Buttons Style 7 (Rounded Turquoise)/ButtonsStyle7_13.png using Guid(1b67b8c30bd6e874994559564972026f) Importer(815301076,1909f56bfc062723c751e8b465ee728b) [PhysX] Initialized MultithreadedTaskDispatcher with 4 workers.
[PhysX] Initialized MultithreadedTaskDispatcher with 4 workers.
 -> (artifact id: 'c1935bef0b7d488ba07c595595378043') in 0.048881 seconds
Number of updated asset objects reloaded before import = 0
Number of asset objects unloaded after import = 3
========================================================================
Received Import Request.
  Time since last request: 0.000073 seconds.
  path: Assets/AssetsFormStore/Simple Buttons/Buttons Style 7 (Rounded Turquoise)/ButtonsStyle7_17.png
  artifactKey: Guid(62cac5c6cba40f14582446a545861caa) Importer(815301076,1909f56bfc062723c751e8b465ee728b)
Start importing Assets/AssetsFormStore/Simple Buttons/Buttons Style 7 (Rounded Turquoise)/ButtonsStyle7_17.png using Guid(62cac5c6cba40f14582446a545861caa) Importer(815301076,1909f56bfc062723c751e8b465ee728b) [PhysX] Initialized MultithreadedTaskDispatcher with 4 workers.
[PhysX] Initialized MultithreadedTaskDispatcher with 4 workers.
 -> (artifact id: 'd4ee8bca443a135d8d77359658896a87') in 0.056689 seconds
Number of updated asset objects reloaded before import = 0
Number of asset objects unloaded after import = 3
========================================================================
Received Import Request.
  Time since last request: 0.000436 seconds.
  path: Assets/AssetsFormStore/Simple Buttons/Buttons Style 7 (Rounded Turquoise)/ButtonsStyle7_26.png
  artifactKey: Guid(58a0595cea4adb44f91eee2e4a2f552a) Importer(815301076,1909f56bfc062723c751e8b465ee728b)
Start importing Assets/AssetsFormStore/Simple Buttons/Buttons Style 7 (Rounded Turquoise)/ButtonsStyle7_26.png using Guid(58a0595cea4adb44f91eee2e4a2f552a) Importer(815301076,1909f56bfc062723c751e8b465ee728b) [PhysX] Initialized MultithreadedTaskDispatcher with 4 workers.
[PhysX] Initialized MultithreadedTaskDispatcher with 4 workers.
 -> (artifact id: '910de23ee52b56095e78795eb204a991') in 0.061969 seconds
Number of updated asset objects reloaded before import = 0
Number of asset objects unloaded after import = 3
========================================================================
Received Import Request.
  Time since last request: 0.000067 seconds.
  path: Assets/AssetsFormStore/Simple Buttons/Buttons Style 7 (Rounded Turquoise)/ButtonsStyle7_14.png
  artifactKey: Guid(3c5b31ec88bc8d1419fae030f328188e) Importer(815301076,1909f56bfc062723c751e8b465ee728b)
Start importing Assets/AssetsFormStore/Simple Buttons/Buttons Style 7 (Rounded Turquoise)/ButtonsStyle7_14.png using Guid(3c5b31ec88bc8d1419fae030f328188e) Importer(815301076,1909f56bfc062723c751e8b465ee728b) [PhysX] Initialized MultithreadedTaskDispatcher with 4 workers.
[PhysX] Initialized MultithreadedTaskDispatcher with 4 workers.
 -> (artifact id: '49a854e5af48f7c9080582b38488e2ab') in 0.043803 seconds
Number of updated asset objects reloaded before import = 0
Number of asset objects unloaded after import = 3
========================================================================
Received Import Request.
  Time since last request: 0.000039 seconds.
  path: Assets/AssetsFormStore/Simple Buttons/Buttons Style 7 (Rounded Turquoise)/ButtonsStyle7_10.png
  artifactKey: Guid(2f941f59a0703a946a3d558bed56494a) Importer(815301076,1909f56bfc062723c751e8b465ee728b)
Start importing Assets/AssetsFormStore/Simple Buttons/Buttons Style 7 (Rounded Turquoise)/ButtonsStyle7_10.png using Guid(2f941f59a0703a946a3d558bed56494a) Importer(815301076,1909f56bfc062723c751e8b465ee728b) [PhysX] Initialized MultithreadedTaskDispatcher with 4 workers.
[PhysX] Initialized MultithreadedTaskDispatcher with 4 workers.
 -> (artifact id: '85ca727b2d91e395a2c146b5b8b3d073') in 0.051688 seconds
Number of updated asset objects reloaded before import = 0
Number of asset objects unloaded after import = 3
========================================================================
Received Import Request.
  Time since last request: 0.000025 seconds.
  path: Assets/AssetsFormStore/Simple Buttons/Buttons Style 7 (Rounded Turquoise)/ButtonsStyle7_06.png
  artifactKey: Guid(5e38d60ca2617564e86046a006675b0f) Importer(815301076,1909f56bfc062723c751e8b465ee728b)
Start importing Assets/AssetsFormStore/Simple Buttons/Buttons Style 7 (Rounded Turquoise)/ButtonsStyle7_06.png using Guid(5e38d60ca2617564e86046a006675b0f) Importer(815301076,1909f56bfc062723c751e8b465ee728b) [PhysX] Initialized MultithreadedTaskDispatcher with 4 workers.
[PhysX] Initialized MultithreadedTaskDispatcher with 4 workers.
 -> (artifact id: '4f814dcb85e059aca486812f9454380e') in 0.046002 seconds
Number of updated asset objects reloaded before import = 0
Number of asset objects unloaded after import = 3
========================================================================
Received Import Request.
  Time since last request: 0.000096 seconds.
  path: Assets/AssetsFormStore/Simple Buttons/Buttons Style 7 (Rounded Turquoise)/ButtonsStyle7_04.png
  artifactKey: Guid(1a19ff436071eb4419e1fdf91cd3638d) Importer(815301076,1909f56bfc062723c751e8b465ee728b)
Start importing Assets/AssetsFormStore/Simple Buttons/Buttons Style 7 (Rounded Turquoise)/ButtonsStyle7_04.png using Guid(1a19ff436071eb4419e1fdf91cd3638d) Importer(815301076,1909f56bfc062723c751e8b465ee728b) [PhysX] Initialized MultithreadedTaskDispatcher with 4 workers.
[PhysX] Initialized MultithreadedTaskDispatcher with 4 workers.
 -> (artifact id: '0c6c6dbc43b42878c2e52b5e21a7143f') in 0.075796 seconds
Number of updated asset objects reloaded before import = 0
Number of asset objects unloaded after import = 3
========================================================================
Received Import Request.
  Time since last request: 0.000184 seconds.
  path: Assets/AssetsFormStore/Simple Buttons/Buttons Style 7 (Rounded Turquoise)/ButtonsStyle7_23.png
  artifactKey: Guid(91a88ecc241eb51448d473571af80838) Importer(815301076,1909f56bfc062723c751e8b465ee728b)
Start importing Assets/AssetsFormStore/Simple Buttons/Buttons Style 7 (Rounded Turquoise)/ButtonsStyle7_23.png using Guid(91a88ecc241eb51448d473571af80838) Importer(815301076,1909f56bfc062723c751e8b465ee728b) [PhysX] Initialized MultithreadedTaskDispatcher with 4 workers.
[PhysX] Initialized MultithreadedTaskDispatcher with 4 workers.
 -> (artifact id: '7fab59aef6f32d389700e87249480c95') in 0.055995 seconds
Number of updated asset objects reloaded before import = 0
Number of asset objects unloaded after import = 3
========================================================================
Received Import Request.
  Time since last request: 0.000083 seconds.
  path: Assets/AssetsFormStore/Simple Buttons/Buttons Style 7 (Rounded Turquoise)/ButtonsStyle7_07.png
  artifactKey: Guid(b7d85fd112015464a843c81f3b7f04de) Importer(815301076,1909f56bfc062723c751e8b465ee728b)
Start importing Assets/AssetsFormStore/Simple Buttons/Buttons Style 7 (Rounded Turquoise)/ButtonsStyle7_07.png using Guid(b7d85fd112015464a843c81f3b7f04de) Importer(815301076,1909f56bfc062723c751e8b465ee728b) [PhysX] Initialized MultithreadedTaskDispatcher with 4 workers.
[PhysX] Initialized MultithreadedTaskDispatcher with 4 workers.
 -> (artifact id: '73282f1f2bb04a6d043718f6c5b544ac') in 0.061512 seconds
Number of updated asset objects reloaded before import = 0
Number of asset objects unloaded after import = 3
========================================================================
Received Import Request.
  Time since last request: 0.000095 seconds.
  path: Assets/AssetsFormStore/Simple Buttons/Buttons Style 7 (Rounded Turquoise)/ButtonsStyle7_11.png
  artifactKey: Guid(5458591afd51c4444a47e9099288f9e9) Importer(815301076,1909f56bfc062723c751e8b465ee728b)
Start importing Assets/AssetsFormStore/Simple Buttons/Buttons Style 7 (Rounded Turquoise)/ButtonsStyle7_11.png using Guid(5458591afd51c4444a47e9099288f9e9) Importer(815301076,1909f56bfc062723c751e8b465ee728b) [PhysX] Initialized MultithreadedTaskDispatcher with 4 workers.
[PhysX] Initialized MultithreadedTaskDispatcher with 4 workers.
 -> (artifact id: 'bb2fece27776dfce7dc2ac0824ab4df3') in 0.047968 seconds
Number of updated asset objects reloaded before import = 0
Number of asset objects unloaded after import = 3
========================================================================
Received Import Request.
  Time since last request: 0.000042 seconds.
  path: Assets/AssetsFormStore/Simple Buttons/Buttons Style 7 (Rounded Turquoise)/ButtonsStyle7_21.png
  artifactKey: Guid(e0d188b59c2b4ea4bb132d57d5a0f3a5) Importer(815301076,1909f56bfc062723c751e8b465ee728b)
Start importing Assets/AssetsFormStore/Simple Buttons/Buttons Style 7 (Rounded Turquoise)/ButtonsStyle7_21.png using Guid(e0d188b59c2b4ea4bb132d57d5a0f3a5) Importer(815301076,1909f56bfc062723c751e8b465ee728b) [PhysX] Initialized MultithreadedTaskDispatcher with 4 workers.
[PhysX] Initialized MultithreadedTaskDispatcher with 4 workers.
 -> (artifact id: 'd721c5552b0913257ab11c2a9fe03217') in 0.193279 seconds
Number of updated asset objects reloaded before import = 0
Number of asset objects unloaded after import = 3
========================================================================
Received Import Request.
  Time since last request: 0.000294 seconds.
  path: Assets/AssetsFormStore/Simple Buttons/Buttons Style 7 (Rounded Turquoise)/ButtonsStyle7_19.png
  artifactKey: Guid(58e0fb2ccf28ee74183877d2afade4e5) Importer(815301076,1909f56bfc062723c751e8b465ee728b)
Start importing Assets/AssetsFormStore/Simple Buttons/Buttons Style 7 (Rounded Turquoise)/ButtonsStyle7_19.png using Guid(58e0fb2ccf28ee74183877d2afade4e5) Importer(815301076,1909f56bfc062723c751e8b465ee728b) [PhysX] Initialized MultithreadedTaskDispatcher with 4 workers.
[PhysX] Initialized MultithreadedTaskDispatcher with 4 workers.
 -> (artifact id: 'b4de4030f0bbce03322925708d26e693') in 0.080841 seconds
Number of updated asset objects reloaded before import = 0
Number of asset objects unloaded after import = 3
========================================================================
Received Import Request.
  Time since last request: 0.000081 seconds.
  path: Assets/AssetsFormStore/Simple Buttons/Buttons Style 7 (Rounded Turquoise)/ButtonsStyle7_02.png
  artifactKey: Guid(3ac2e95fab2645e458a2406de57c6823) Importer(815301076,1909f56bfc062723c751e8b465ee728b)
Start importing Assets/AssetsFormStore/Simple Buttons/Buttons Style 7 (Rounded Turquoise)/ButtonsStyle7_02.png using Guid(3ac2e95fab2645e458a2406de57c6823) Importer(815301076,1909f56bfc062723c751e8b465ee728b) [PhysX] Initialized MultithreadedTaskDispatcher with 4 workers.
[PhysX] Initialized MultithreadedTaskDispatcher with 4 workers.
 -> (artifact id: '3a555a0809a713e278e96241648a962f') in 0.063542 seconds
Number of updated asset objects reloaded before import = 0
Number of asset objects unloaded after import = 3
========================================================================
Received Import Request.
  Time since last request: 0.000035 seconds.
  path: Assets/AssetsFormStore/Simple Buttons/Buttons Style 7 (Rounded Turquoise)/ButtonsStyle7_12.png
  artifactKey: Guid(8373b50d05ba79649822aae8b9d17b85) Importer(815301076,1909f56bfc062723c751e8b465ee728b)
Start importing Assets/AssetsFormStore/Simple Buttons/Buttons Style 7 (Rounded Turquoise)/ButtonsStyle7_12.png using Guid(8373b50d05ba79649822aae8b9d17b85) Importer(815301076,1909f56bfc062723c751e8b465ee728b) [PhysX] Initialized MultithreadedTaskDispatcher with 4 workers.
[PhysX] Initialized MultithreadedTaskDispatcher with 4 workers.
 -> (artifact id: 'bc27f3278ccb87848fa54577d55017c8') in 0.099371 seconds
Number of updated asset objects reloaded before import = 0
Number of asset objects unloaded after import = 3
========================================================================
Received Import Request.
  Time since last request: 0.000838 seconds.
  path: Assets/AssetsFormStore/Simple Buttons/Buttons Style 7 (Rounded Turquoise)/ButtonsStyle7_18.png
  artifactKey: Guid(0954db441575e394abc9d3ea5e8a7cbc) Importer(815301076,1909f56bfc062723c751e8b465ee728b)
Start importing Assets/AssetsFormStore/Simple Buttons/Buttons Style 7 (Rounded Turquoise)/ButtonsStyle7_18.png using Guid(0954db441575e394abc9d3ea5e8a7cbc) Importer(815301076,1909f56bfc062723c751e8b465ee728b) [PhysX] Initialized MultithreadedTaskDispatcher with 4 workers.
[PhysX] Initialized MultithreadedTaskDispatcher with 4 workers.
 -> (artifact id: '9f0bd7073c75a844dee36cd55e0d83f8') in 0.054054 seconds
Number of updated asset objects reloaded before import = 0
Number of asset objects unloaded after import = 3
========================================================================
Received Import Request.
  Time since last request: 0.000081 seconds.
  path: Assets/AssetsFormStore/Simple Buttons/Buttons Style 7 (Rounded Turquoise)/ButtonsStyle7_24.png
  artifactKey: Guid(1112efc9a1868ae468ecddafd45fc7e4) Importer(815301076,1909f56bfc062723c751e8b465ee728b)
Start importing Assets/AssetsFormStore/Simple Buttons/Buttons Style 7 (Rounded Turquoise)/ButtonsStyle7_24.png using Guid(1112efc9a1868ae468ecddafd45fc7e4) Importer(815301076,1909f56bfc062723c751e8b465ee728b) [PhysX] Initialized MultithreadedTaskDispatcher with 4 workers.
[PhysX] Initialized MultithreadedTaskDispatcher with 4 workers.
 -> (artifact id: '4638dba6f9227f8f765e7d50cf1c65f9') in 0.053369 seconds
Number of updated asset objects reloaded before import = 0
Number of asset objects unloaded after import = 3
========================================================================
Received Import Request.
  Time since last request: 0.000830 seconds.
  path: Assets/AssetsFormStore/Simple Buttons/Buttons Style 7 (Rounded Turquoise)/ButtonsStyle7_03.png
  artifactKey: Guid(a04fc940f6def6e4389f3ab430e877e6) Importer(815301076,1909f56bfc062723c751e8b465ee728b)
Start importing Assets/AssetsFormStore/Simple Buttons/Buttons Style 7 (Rounded Turquoise)/ButtonsStyle7_03.png using Guid(a04fc940f6def6e4389f3ab430e877e6) Importer(815301076,1909f56bfc062723c751e8b465ee728b) [PhysX] Initialized MultithreadedTaskDispatcher with 4 workers.
[PhysX] Initialized MultithreadedTaskDispatcher with 4 workers.
 -> (artifact id: 'f7ea87eb42baa9666cb0193c274b4a05') in 0.067201 seconds
Number of updated asset objects reloaded before import = 0
Number of asset objects unloaded after import = 3
========================================================================
Received Import Request.
  Time since last request: 0.000859 seconds.
  path: Assets/AssetsFormStore/Simple Buttons/Buttons Style 7 (Rounded Turquoise)/ButtonsStyle7_08.png
  artifactKey: Guid(421c598c1fded704e8a14446e2c24a21) Importer(815301076,1909f56bfc062723c751e8b465ee728b)
Start importing Assets/AssetsFormStore/Simple Buttons/Buttons Style 7 (Rounded Turquoise)/ButtonsStyle7_08.png using Guid(421c598c1fded704e8a14446e2c24a21) Importer(815301076,1909f56bfc062723c751e8b465ee728b) [PhysX] Initialized MultithreadedTaskDispatcher with 4 workers.
[PhysX] Initialized MultithreadedTaskDispatcher with 4 workers.
 -> (artifact id: '5614e07283965acd299373b2a938d851') in 0.036335 seconds
Number of updated asset objects reloaded before import = 0
Number of asset objects unloaded after import = 3
========================================================================
Received Import Request.
  Time since last request: 0.000038 seconds.
  path: Assets/AssetsFormStore/Simple Buttons/Buttons Style 7 (Rounded Turquoise)/ButtonsStyle7_22.png
  artifactKey: Guid(2f8394ec27a374d42817fcfccf55ce87) Importer(815301076,1909f56bfc062723c751e8b465ee728b)
Start importing Assets/AssetsFormStore/Simple Buttons/Buttons Style 7 (Rounded Turquoise)/ButtonsStyle7_22.png using Guid(2f8394ec27a374d42817fcfccf55ce87) Importer(815301076,1909f56bfc062723c751e8b465ee728b) [PhysX] Initialized MultithreadedTaskDispatcher with 4 workers.
[PhysX] Initialized MultithreadedTaskDispatcher with 4 workers.
 -> (artifact id: '28d4800612681b59c53f92f39844cd28') in 0.065977 seconds
Number of updated asset objects reloaded before import = 0
Number of asset objects unloaded after import = 3
========================================================================
Received Import Request.
  Time since last request: 0.000031 seconds.
  path: Assets/AssetsFormStore/Simple Buttons/Buttons Style 8 (Square Turquoise)
  artifactKey: Guid(275e818de8894044ab036ebc65620400) Importer(815301076,1909f56bfc062723c751e8b465ee728b)
Start importing Assets/AssetsFormStore/Simple Buttons/Buttons Style 8 (Square Turquoise) using Guid(275e818de8894044ab036ebc65620400) Importer(815301076,1909f56bfc062723c751e8b465ee728b) [PhysX] Initialized MultithreadedTaskDispatcher with 4 workers.
 -> (artifact id: '87b76795083ccacf8d28793f8d292ad3') in 0.003246 seconds
Number of updated asset objects reloaded before import = 0
Number of asset objects unloaded after import = 0
========================================================================
Received Import Request.
  Time since last request: 0.000100 seconds.
  path: Assets/AssetsFormStore/Simple Buttons/Buttons Style 6 (Square Green)/ButtonsStyle6_16.png
  artifactKey: Guid(7e3bee300d794da45bc413de3ef5bd83) Importer(815301076,1909f56bfc062723c751e8b465ee728b)
Start importing Assets/AssetsFormStore/Simple Buttons/Buttons Style 6 (Square Green)/ButtonsStyle6_16.png using Guid(7e3bee300d794da45bc413de3ef5bd83) Importer(815301076,1909f56bfc062723c751e8b465ee728b) [PhysX] Initialized MultithreadedTaskDispatcher with 4 workers.
[PhysX] Initialized MultithreadedTaskDispatcher with 4 workers.
 -> (artifact id: 'b291ac56f1b6d6d5c1eafde7f9ca11d6') in 0.076735 seconds
Number of updated asset objects reloaded before import = 0
Number of asset objects unloaded after import = 3
========================================================================
Received Import Request.
  Time since last request: 0.000050 seconds.
  path: Assets/AssetsFormStore/Simple Buttons/Buttons Style 8 (Square Turquoise)/ButtonsStyle8_05.png
  artifactKey: Guid(a56de9048628e634d91ce78355e038c2) Importer(815301076,1909f56bfc062723c751e8b465ee728b)
Start importing Assets/AssetsFormStore/Simple Buttons/Buttons Style 8 (Square Turquoise)/ButtonsStyle8_05.png using Guid(a56de9048628e634d91ce78355e038c2) Importer(815301076,1909f56bfc062723c751e8b465ee728b) [PhysX] Initialized MultithreadedTaskDispatcher with 4 workers.
[PhysX] Initialized MultithreadedTaskDispatcher with 4 workers.
 -> (artifact id: '72dc10e1ccee03c991b372691a2e07e0') in 0.196558 seconds
Number of updated asset objects reloaded before import = 0
Number of asset objects unloaded after import = 3
========================================================================
Received Import Request.
  Time since last request: 0.000389 seconds.
  path: Assets/AssetsFormStore/Simple Buttons/Buttons Style 8 (Square Turquoise)/ButtonsStyle8_16.png
  artifactKey: Guid(0efe1841e3d73244d9c0bbeb62bf943e) Importer(815301076,1909f56bfc062723c751e8b465ee728b)
Start importing Assets/AssetsFormStore/Simple Buttons/Buttons Style 8 (Square Turquoise)/ButtonsStyle8_16.png using Guid(0efe1841e3d73244d9c0bbeb62bf943e) Importer(815301076,1909f56bfc062723c751e8b465ee728b) [PhysX] Initialized MultithreadedTaskDispatcher with 4 workers.
[PhysX] Initialized MultithreadedTaskDispatcher with 4 workers.
 -> (artifact id: '91b0d901af73a842b12d457ffa480272') in 0.049965 seconds
Number of updated asset objects reloaded before import = 0
Number of asset objects unloaded after import = 3
========================================================================
Received Import Request.
  Time since last request: 0.000026 seconds.
  path: Assets/AssetsFormStore/Simple Buttons/Buttons Style 8 (Square Turquoise)/ButtonsStyle8_13.png
  artifactKey: Guid(ca7e30f7398c2a64485e3ff7634ac572) Importer(815301076,1909f56bfc062723c751e8b465ee728b)
Start importing Assets/AssetsFormStore/Simple Buttons/Buttons Style 8 (Square Turquoise)/ButtonsStyle8_13.png using Guid(ca7e30f7398c2a64485e3ff7634ac572) Importer(815301076,1909f56bfc062723c751e8b465ee728b) [PhysX] Initialized MultithreadedTaskDispatcher with 4 workers.
[PhysX] Initialized MultithreadedTaskDispatcher with 4 workers.
 -> (artifact id: 'c805c34ca436004776dd5b1d53fd34a1') in 0.050394 seconds
Number of updated asset objects reloaded before import = 0
Number of asset objects unloaded after import = 3
========================================================================
Received Import Request.
  Time since last request: 0.000026 seconds.
  path: Assets/AssetsFormStore/Simple Buttons/Buttons Style 8 (Square Turquoise)/ButtonsStyle8_01.png
  artifactKey: Guid(9b0e3ecaa0515eb439508798e7b83de4) Importer(815301076,1909f56bfc062723c751e8b465ee728b)
Start importing Assets/AssetsFormStore/Simple Buttons/Buttons Style 8 (Square Turquoise)/ButtonsStyle8_01.png using Guid(9b0e3ecaa0515eb439508798e7b83de4) Importer(815301076,1909f56bfc062723c751e8b465ee728b) [PhysX] Initialized MultithreadedTaskDispatcher with 4 workers.
[PhysX] Initialized MultithreadedTaskDispatcher with 4 workers.
 -> (artifact id: '0100c34df7588f600d5fc3c91d46a1b3') in 0.062099 seconds
Number of updated asset objects reloaded before import = 0
Number of asset objects unloaded after import = 3
========================================================================
Received Import Request.
  Time since last request: 0.000047 seconds.
  path: Assets/AssetsFormStore/Simple Buttons/Buttons Style 8 (Square Turquoise)/ButtonsStyle8_11.png
  artifactKey: Guid(138d7f4b30e029349a47ffebb79255fd) Importer(815301076,1909f56bfc062723c751e8b465ee728b)
Start importing Assets/AssetsFormStore/Simple Buttons/Buttons Style 8 (Square Turquoise)/ButtonsStyle8_11.png using Guid(138d7f4b30e029349a47ffebb79255fd) Importer(815301076,1909f56bfc062723c751e8b465ee728b) [PhysX] Initialized MultithreadedTaskDispatcher with 4 workers.
[PhysX] Initialized MultithreadedTaskDispatcher with 4 workers.
 -> (artifact id: '7ec00b892a6a710c2c9533cef59efec2') in 0.063831 seconds
Number of updated asset objects reloaded before import = 0
Number of asset objects unloaded after import = 3
========================================================================
Received Import Request.
  Time since last request: 0.000046 seconds.
  path: Assets/AssetsFormStore/Simple Buttons/Buttons Style 8 (Square Turquoise)/ButtonsStyle8_18.png
  artifactKey: Guid(abcfe78979eab05469a3fdf40da5b794) Importer(815301076,1909f56bfc062723c751e8b465ee728b)
Start importing Assets/AssetsFormStore/Simple Buttons/Buttons Style 8 (Square Turquoise)/ButtonsStyle8_18.png using Guid(abcfe78979eab05469a3fdf40da5b794) Importer(815301076,1909f56bfc062723c751e8b465ee728b) [PhysX] Initialized MultithreadedTaskDispatcher with 4 workers.
[PhysX] Initialized MultithreadedTaskDispatcher with 4 workers.
 -> (artifact id: '585622c51c05fed6f2bbc2970338f8a4') in 0.040010 seconds
Number of updated asset objects reloaded before import = 0
Number of asset objects unloaded after import = 3
========================================================================
Received Import Request.
  Time since last request: 0.000063 seconds.
  path: Assets/AssetsFormStore/Simple Buttons/Buttons Style 8 (Square Turquoise)/ButtonsStyle8_15.png
  artifactKey: Guid(55390890cea8cb84c98139fcacdbb3d3) Importer(815301076,1909f56bfc062723c751e8b465ee728b)
Start importing Assets/AssetsFormStore/Simple Buttons/Buttons Style 8 (Square Turquoise)/ButtonsStyle8_15.png using Guid(55390890cea8cb84c98139fcacdbb3d3) Importer(815301076,1909f56bfc062723c751e8b465ee728b) [PhysX] Initialized MultithreadedTaskDispatcher with 4 workers.
[PhysX] Initialized MultithreadedTaskDispatcher with 4 workers.
 -> (artifact id: '68380693f44242cf23540df6d50a30eb') in 0.049929 seconds
Number of updated asset objects reloaded before import = 0
Number of asset objects unloaded after import = 3
========================================================================
Received Import Request.
  Time since last request: 0.000074 seconds.
  path: Assets/AssetsFormStore/Simple Buttons/Buttons Style 8 (Square Turquoise)/ButtonsStyle8_26.png
  artifactKey: Guid(1677b3591861c8d4f99fcf7940d5e252) Importer(815301076,1909f56bfc062723c751e8b465ee728b)
Start importing Assets/AssetsFormStore/Simple Buttons/Buttons Style 8 (Square Turquoise)/ButtonsStyle8_26.png using Guid(1677b3591861c8d4f99fcf7940d5e252) Importer(815301076,1909f56bfc062723c751e8b465ee728b) [PhysX] Initialized MultithreadedTaskDispatcher with 4 workers.
[PhysX] Initialized MultithreadedTaskDispatcher with 4 workers.
 -> (artifact id: 'c5f319e79080c8aee5ae4857be15f87a') in 0.056930 seconds
Number of updated asset objects reloaded before import = 0
Number of asset objects unloaded after import = 3
========================================================================
Received Import Request.
  Time since last request: 0.000029 seconds.
  path: Assets/AssetsFormStore/Simple Buttons/Buttons Style 8 (Square Turquoise)/ButtonsStyle8_24.png
  artifactKey: Guid(a4a340b5fa6a9da41996cb4bd06f7a54) Importer(815301076,1909f56bfc062723c751e8b465ee728b)
Start importing Assets/AssetsFormStore/Simple Buttons/Buttons Style 8 (Square Turquoise)/ButtonsStyle8_24.png using Guid(a4a340b5fa6a9da41996cb4bd06f7a54) Importer(815301076,1909f56bfc062723c751e8b465ee728b) [PhysX] Initialized MultithreadedTaskDispatcher with 4 workers.
[PhysX] Initialized MultithreadedTaskDispatcher with 4 workers.
 -> (artifact id: 'd98604df0ce5d41b2e95ed205237449e') in 0.051347 seconds
Number of updated asset objects reloaded before import = 0
Number of asset objects unloaded after import = 3
========================================================================
Received Import Request.
  Time since last request: 0.000504 seconds.
  path: Assets/AssetsFormStore/Simple Buttons/Buttons Style 8 (Square Turquoise)/ButtonsStyle8_07.png
  artifactKey: Guid(0ed2362f9f93f1341a43df269cc2f607) Importer(815301076,1909f56bfc062723c751e8b465ee728b)
Start importing Assets/AssetsFormStore/Simple Buttons/Buttons Style 8 (Square Turquoise)/ButtonsStyle8_07.png using Guid(0ed2362f9f93f1341a43df269cc2f607) Importer(815301076,1909f56bfc062723c751e8b465ee728b) [PhysX] Initialized MultithreadedTaskDispatcher with 4 workers.
[PhysX] Initialized MultithreadedTaskDispatcher with 4 workers.
 -> (artifact id: '78d34bbffa8090699d6b25aae5dcf559') in 0.068521 seconds
Number of updated asset objects reloaded before import = 0
Number of asset objects unloaded after import = 3
========================================================================
Received Import Request.
  Time since last request: 0.000251 seconds.
  path: Assets/AssetsFormStore/Simple Buttons/Buttons Style 8 (Square Turquoise)/ButtonsStyle8_09.png
  artifactKey: Guid(b9554a3f3a5c3404aa8ddf5524dd16d8) Importer(815301076,1909f56bfc062723c751e8b465ee728b)
Start importing Assets/AssetsFormStore/Simple Buttons/Buttons Style 8 (Square Turquoise)/ButtonsStyle8_09.png using Guid(b9554a3f3a5c3404aa8ddf5524dd16d8) Importer(815301076,1909f56bfc062723c751e8b465ee728b) [PhysX] Initialized MultithreadedTaskDispatcher with 4 workers.
[PhysX] Initialized MultithreadedTaskDispatcher with 4 workers.
 -> (artifact id: '8bb47a7d77b6e6ed84b625ad6e5e7b85') in 0.037887 seconds
Number of updated asset objects reloaded before import = 0
Number of asset objects unloaded after import = 3
========================================================================
Received Import Request.
  Time since last request: 0.000047 seconds.
  path: Assets/AssetsFormStore/Simple Buttons/Buttons Style 8 (Square Turquoise)/ButtonsStyle8_17.png
  artifactKey: Guid(89de979ddb0d64e4d8f0ccbeb7f5e117) Importer(815301076,1909f56bfc062723c751e8b465ee728b)
Start importing Assets/AssetsFormStore/Simple Buttons/Buttons Style 8 (Square Turquoise)/ButtonsStyle8_17.png using Guid(89de979ddb0d64e4d8f0ccbeb7f5e117) Importer(815301076,1909f56bfc062723c751e8b465ee728b) [PhysX] Initialized MultithreadedTaskDispatcher with 4 workers.
[PhysX] Initialized MultithreadedTaskDispatcher with 4 workers.
 -> (artifact id: '682b1c37dfcbfc26a4ba89e69bb8221e') in 0.092613 seconds
Number of updated asset objects reloaded before import = 0
Number of asset objects unloaded after import = 3
========================================================================
Received Import Request.
  Time since last request: 0.000036 seconds.
  path: Assets/AssetsFormStore/Simple Buttons/Buttons Style 8 (Square Turquoise)/ButtonsStyle8_04.png
  artifactKey: Guid(54331cad23adaf94dbd8041139dcff77) Importer(815301076,1909f56bfc062723c751e8b465ee728b)
Start importing Assets/AssetsFormStore/Simple Buttons/Buttons Style 8 (Square Turquoise)/ButtonsStyle8_04.png using Guid(54331cad23adaf94dbd8041139dcff77) Importer(815301076,1909f56bfc062723c751e8b465ee728b) [PhysX] Initialized MultithreadedTaskDispatcher with 4 workers.
[PhysX] Initialized MultithreadedTaskDispatcher with 4 workers.
 -> (artifact id: '97e0be85322e7b70d8acd6c862b429be') in 0.171100 seconds
Number of updated asset objects reloaded before import = 0
Number of asset objects unloaded after import = 3
========================================================================
Received Import Request.
  Time since last request: 0.000986 seconds.
  path: Assets/AssetsFormStore/Simple Buttons/Buttons Style 8 (Square Turquoise)/ButtonsStyle8_03.png
  artifactKey: Guid(f1b264c53b754294f9270133b3942247) Importer(815301076,1909f56bfc062723c751e8b465ee728b)
Start importing Assets/AssetsFormStore/Simple Buttons/Buttons Style 8 (Square Turquoise)/ButtonsStyle8_03.png using Guid(f1b264c53b754294f9270133b3942247) Importer(815301076,1909f56bfc062723c751e8b465ee728b) [PhysX] Initialized MultithreadedTaskDispatcher with 4 workers.
[PhysX] Initialized MultithreadedTaskDispatcher with 4 workers.
 -> (artifact id: 'a9237dc2b9d0b333a4c4ba56b0f518a1') in 0.046010 seconds
Number of updated asset objects reloaded before import = 0
Number of asset objects unloaded after import = 3
========================================================================
Received Import Request.
  Time since last request: 0.000048 seconds.
  path: Assets/AssetsFormStore/Simple Buttons/Buttons Style 8 (Square Turquoise)/ButtonsStyle8_12.png
  artifactKey: Guid(56167de951b0f6440be2bccd737f2408) Importer(815301076,1909f56bfc062723c751e8b465ee728b)
Start importing Assets/AssetsFormStore/Simple Buttons/Buttons Style 8 (Square Turquoise)/ButtonsStyle8_12.png using Guid(56167de951b0f6440be2bccd737f2408) Importer(815301076,1909f56bfc062723c751e8b465ee728b) [PhysX] Initialized MultithreadedTaskDispatcher with 4 workers.
[PhysX] Initialized MultithreadedTaskDispatcher with 4 workers.
 -> (artifact id: 'ad2c3e7a24649757d522258f6c7734d9') in 0.066470 seconds
Number of updated asset objects reloaded before import = 0
Number of asset objects unloaded after import = 3
========================================================================
Received Import Request.
  Time since last request: 0.000029 seconds.
  path: Assets/AssetsFormStore/Simple Buttons/Buttons Style 8 (Square Turquoise)/ButtonsStyle8_20.png
  artifactKey: Guid(e76bd14f63edbeb46bde59e8f0d3a7e6) Importer(815301076,1909f56bfc062723c751e8b465ee728b)
Start importing Assets/AssetsFormStore/Simple Buttons/Buttons Style 8 (Square Turquoise)/ButtonsStyle8_20.png using Guid(e76bd14f63edbeb46bde59e8f0d3a7e6) Importer(815301076,1909f56bfc062723c751e8b465ee728b) [PhysX] Initialized MultithreadedTaskDispatcher with 4 workers.
[PhysX] Initialized MultithreadedTaskDispatcher with 4 workers.
 -> (artifact id: '704e6543fd548c466f29e9efb70e4066') in 0.054404 seconds
Number of updated asset objects reloaded before import = 0
Number of asset objects unloaded after import = 3
========================================================================
Received Import Request.
  Time since last request: 0.000035 seconds.
  path: Assets/AssetsFormStore/Simple Buttons/Buttons Style 8 (Square Turquoise)/ButtonsStyle8_21.png
  artifactKey: Guid(5aacad4dd968fda479d4533af9bc1192) Importer(815301076,1909f56bfc062723c751e8b465ee728b)
Start importing Assets/AssetsFormStore/Simple Buttons/Buttons Style 8 (Square Turquoise)/ButtonsStyle8_21.png using Guid(5aacad4dd968fda479d4533af9bc1192) Importer(815301076,1909f56bfc062723c751e8b465ee728b) [PhysX] Initialized MultithreadedTaskDispatcher with 4 workers.
[PhysX] Initialized MultithreadedTaskDispatcher with 4 workers.
 -> (artifact id: '56d14df49ea64a819bcb14c82f93d20a') in 0.049370 seconds
Number of updated asset objects reloaded before import = 0
Number of asset objects unloaded after import = 3
========================================================================
Received Import Request.
  Time since last request: 0.000048 seconds.
  path: Assets/AssetsFormStore/Simple Buttons/Buttons Style 8 (Square Turquoise)/ButtonsStyle8_22.png
  artifactKey: Guid(2cc24873f946c4146a9c61522d285ac4) Importer(815301076,1909f56bfc062723c751e8b465ee728b)
Start importing Assets/AssetsFormStore/Simple Buttons/Buttons Style 8 (Square Turquoise)/ButtonsStyle8_22.png using Guid(2cc24873f946c4146a9c61522d285ac4) Importer(815301076,1909f56bfc062723c751e8b465ee728b) [PhysX] Initialized MultithreadedTaskDispatcher with 4 workers.
[PhysX] Initialized MultithreadedTaskDispatcher with 4 workers.
 -> (artifact id: '197448a9bc88cdb611dd52539598762e') in 0.065986 seconds
Number of updated asset objects reloaded before import = 0
Number of asset objects unloaded after import = 3
========================================================================
Received Import Request.
  Time since last request: 0.000079 seconds.
  path: Assets/AssetsFormStore/Simple Buttons/Buttons Style 8 (Square Turquoise)/ButtonsStyle8_08.png
  artifactKey: Guid(facb11afd9b14cc4e9f50e129380eeba) Importer(815301076,1909f56bfc062723c751e8b465ee728b)
Start importing Assets/AssetsFormStore/Simple Buttons/Buttons Style 8 (Square Turquoise)/ButtonsStyle8_08.png using Guid(facb11afd9b14cc4e9f50e129380eeba) Importer(815301076,1909f56bfc062723c751e8b465ee728b) [PhysX] Initialized MultithreadedTaskDispatcher with 4 workers.
[PhysX] Initialized MultithreadedTaskDispatcher with 4 workers.
 -> (artifact id: '7feb15529adbea463155460f7515d7cc') in 0.059069 seconds
Number of updated asset objects reloaded before import = 0
Number of asset objects unloaded after import = 3
========================================================================
Received Import Request.
  Time since last request: 0.000637 seconds.
  path: Assets/AssetsFormStore/Simple Buttons/Buttons Style 9 (Rounded Light Blue)/ButtonsStyle9_19.png
  artifactKey: Guid(9917c697182314e46b5ff66818e0fa49) Importer(815301076,1909f56bfc062723c751e8b465ee728b)
Start importing Assets/AssetsFormStore/Simple Buttons/Buttons Style 9 (Rounded Light Blue)/ButtonsStyle9_19.png using Guid(9917c697182314e46b5ff66818e0fa49) Importer(815301076,1909f56bfc062723c751e8b465ee728b) [PhysX] Initialized MultithreadedTaskDispatcher with 4 workers.
[PhysX] Initialized MultithreadedTaskDispatcher with 4 workers.
 -> (artifact id: '82f239cefab3134dbded804da529fdc5') in 0.049376 seconds
Number of updated asset objects reloaded before import = 0
Number of asset objects unloaded after import = 3
========================================================================
Received Import Request.
  Time since last request: 0.000025 seconds.
  path: Assets/AssetsFormStore/Simple Buttons/Buttons Style 9 (Rounded Light Blue)/ButtonsStyle9_01.png
  artifactKey: Guid(7403af6054f015e40815e883ba95a73a) Importer(815301076,1909f56bfc062723c751e8b465ee728b)
Start importing Assets/AssetsFormStore/Simple Buttons/Buttons Style 9 (Rounded Light Blue)/ButtonsStyle9_01.png using Guid(7403af6054f015e40815e883ba95a73a) Importer(815301076,1909f56bfc062723c751e8b465ee728b) [PhysX] Initialized MultithreadedTaskDispatcher with 4 workers.
[PhysX] Initialized MultithreadedTaskDispatcher with 4 workers.
 -> (artifact id: '09e7513fa63960d6bffc830b25e899e6') in 0.071474 seconds
Number of updated asset objects reloaded before import = 0
Number of asset objects unloaded after import = 3
========================================================================
Received Import Request.
  Time since last request: 0.000251 seconds.
  path: Assets/AssetsFormStore/Simple Buttons/Buttons Style 9 (Rounded Light Blue)/ButtonsStyle9_03.png
  artifactKey: Guid(7ba0ffd55bf2e0a439f1fc2da1f9cf89) Importer(815301076,1909f56bfc062723c751e8b465ee728b)
Start importing Assets/AssetsFormStore/Simple Buttons/Buttons Style 9 (Rounded Light Blue)/ButtonsStyle9_03.png using Guid(7ba0ffd55bf2e0a439f1fc2da1f9cf89) Importer(815301076,1909f56bfc062723c751e8b465ee728b) [PhysX] Initialized MultithreadedTaskDispatcher with 4 workers.
[PhysX] Initialized MultithreadedTaskDispatcher with 4 workers.
 -> (artifact id: '2e33e8ed41727f4c05b22d2471cf23c1') in 0.066962 seconds
Number of updated asset objects reloaded before import = 0
Number of asset objects unloaded after import = 3
========================================================================
Received Import Request.
  Time since last request: 0.000030 seconds.
  path: Assets/AssetsFormStore/Simple Buttons/Buttons Style 9 (Rounded Light Blue)/ButtonsStyle9_16.png
  artifactKey: Guid(c15fde17e0427df468a131a000035790) Importer(815301076,1909f56bfc062723c751e8b465ee728b)
Start importing Assets/AssetsFormStore/Simple Buttons/Buttons Style 9 (Rounded Light Blue)/ButtonsStyle9_16.png using Guid(c15fde17e0427df468a131a000035790) Importer(815301076,1909f56bfc062723c751e8b465ee728b) [PhysX] Initialized MultithreadedTaskDispatcher with 4 workers.
[PhysX] Initialized MultithreadedTaskDispatcher with 4 workers.
 -> (artifact id: '3047024a2cd69c6a838949f5bad90d6c') in 0.110979 seconds
Number of updated asset objects reloaded before import = 0
Number of asset objects unloaded after import = 3
========================================================================
Received Import Request.
  Time since last request: 0.023708 seconds.
  path: Assets/AssetsFormStore/Simple Buttons/Buttons Style 9 (Rounded Light Blue)/ButtonsStyle9_26.png
  artifactKey: Guid(965a5fd34b9d44b4daeb15e8b9ee52a1) Importer(815301076,1909f56bfc062723c751e8b465ee728b)
Start importing Assets/AssetsFormStore/Simple Buttons/Buttons Style 9 (Rounded Light Blue)/ButtonsStyle9_26.png using Guid(965a5fd34b9d44b4daeb15e8b9ee52a1) Importer(815301076,1909f56bfc062723c751e8b465ee728b) [PhysX] Initialized MultithreadedTaskDispatcher with 4 workers.
[PhysX] Initialized MultithreadedTaskDispatcher with 4 workers.
 -> (artifact id: '04a4e2bf99f32a09a8ea80c7902ca708') in 0.083625 seconds
Number of updated asset objects reloaded before import = 0
Number of asset objects unloaded after import = 3
========================================================================
Received Import Request.
  Time since last request: 0.000092 seconds.
  path: Assets/AssetsFormStore/Simple Buttons/Buttons Style 9 (Rounded Light Blue)/ButtonsStyle9_05.png
  artifactKey: Guid(cfaf2b750cbdba2419f6bad5df0e0f67) Importer(815301076,1909f56bfc062723c751e8b465ee728b)
Start importing Assets/AssetsFormStore/Simple Buttons/Buttons Style 9 (Rounded Light Blue)/ButtonsStyle9_05.png using Guid(cfaf2b750cbdba2419f6bad5df0e0f67) Importer(815301076,1909f56bfc062723c751e8b465ee728b) [PhysX] Initialized MultithreadedTaskDispatcher with 4 workers.
[PhysX] Initialized MultithreadedTaskDispatcher with 4 workers.
 -> (artifact id: '707ff19b0d3403f437a1adfcb440c15f') in 0.063256 seconds
Number of updated asset objects reloaded before import = 0
Number of asset objects unloaded after import = 3
========================================================================
Received Import Request.
  Time since last request: 0.000439 seconds.
  path: Assets/AssetsFormStore/Simple Buttons/Buttons Style 9 (Rounded Light Blue)/ButtonsStyle9_07.png
  artifactKey: Guid(952482b8b3d60574aa7971c31d80f5c4) Importer(815301076,1909f56bfc062723c751e8b465ee728b)
Start importing Assets/AssetsFormStore/Simple Buttons/Buttons Style 9 (Rounded Light Blue)/ButtonsStyle9_07.png using Guid(952482b8b3d60574aa7971c31d80f5c4) Importer(815301076,1909f56bfc062723c751e8b465ee728b) [PhysX] Initialized MultithreadedTaskDispatcher with 4 workers.
[PhysX] Initialized MultithreadedTaskDispatcher with 4 workers.
 -> (artifact id: 'a2b6df43ca697269d1f57a0243cb59cd') in 0.053970 seconds
Number of updated asset objects reloaded before import = 0
Number of asset objects unloaded after import = 3
========================================================================
Received Import Request.
  Time since last request: 0.000068 seconds.
  path: Assets/AssetsFormStore/Simple Buttons/Buttons Style 9 (Rounded Light Blue)/ButtonsStyle9_21.png
  artifactKey: Guid(0bb814791a97ca84f8c3def5b85cb00d) Importer(815301076,1909f56bfc062723c751e8b465ee728b)
Start importing Assets/AssetsFormStore/Simple Buttons/Buttons Style 9 (Rounded Light Blue)/ButtonsStyle9_21.png using Guid(0bb814791a97ca84f8c3def5b85cb00d) Importer(815301076,1909f56bfc062723c751e8b465ee728b) [PhysX] Initialized MultithreadedTaskDispatcher with 4 workers.
[PhysX] Initialized MultithreadedTaskDispatcher with 4 workers.
 -> (artifact id: '4df44371f08316aa3c85dd1296890eb9') in 0.053648 seconds
Number of updated asset objects reloaded before import = 0
Number of asset objects unloaded after import = 3
========================================================================
Received Import Request.
  Time since last request: 0.000037 seconds.
  path: Assets/AssetsFormStore/Simple Buttons/Buttons Style 9 (Rounded Light Blue)/ButtonsStyle9_11.png
  artifactKey: Guid(96875f7d234c48b44827777187773c18) Importer(815301076,1909f56bfc062723c751e8b465ee728b)
Start importing Assets/AssetsFormStore/Simple Buttons/Buttons Style 9 (Rounded Light Blue)/ButtonsStyle9_11.png using Guid(96875f7d234c48b44827777187773c18) Importer(815301076,1909f56bfc062723c751e8b465ee728b) [PhysX] Initialized MultithreadedTaskDispatcher with 4 workers.
[PhysX] Initialized MultithreadedTaskDispatcher with 4 workers.
 -> (artifact id: 'c294934af09f8f337cc1cd8696c23448') in 0.052480 seconds
Number of updated asset objects reloaded before import = 0
Number of asset objects unloaded after import = 3
========================================================================
Received Import Request.
  Time since last request: 0.000052 seconds.
  path: Assets/AssetsFormStore/Simple Buttons/Buttons Style 9 (Rounded Light Blue)/ButtonsStyle9_14.png
  artifactKey: Guid(d974d5a650a212249ae80124b6c5d3c9) Importer(815301076,1909f56bfc062723c751e8b465ee728b)
Start importing Assets/AssetsFormStore/Simple Buttons/Buttons Style 9 (Rounded Light Blue)/ButtonsStyle9_14.png using Guid(d974d5a650a212249ae80124b6c5d3c9) Importer(815301076,1909f56bfc062723c751e8b465ee728b) [PhysX] Initialized MultithreadedTaskDispatcher with 4 workers.
[PhysX] Initialized MultithreadedTaskDispatcher with 4 workers.
 -> (artifact id: '730363ceeb6d564f91b15426a9726bfe') in 0.096101 seconds
Number of updated asset objects reloaded before import = 0
Number of asset objects unloaded after import = 3
========================================================================
Received Import Request.
  Time since last request: 0.000320 seconds.
  path: Assets/AssetsFormStore/Simple Buttons/Buttons Style 9 (Rounded Light Blue)/ButtonsStyle9_08.png
  artifactKey: Guid(6cfebefbb66eed04c8cddcbd01353ac4) Importer(815301076,1909f56bfc062723c751e8b465ee728b)
Start importing Assets/AssetsFormStore/Simple Buttons/Buttons Style 9 (Rounded Light Blue)/ButtonsStyle9_08.png using Guid(6cfebefbb66eed04c8cddcbd01353ac4) Importer(815301076,1909f56bfc062723c751e8b465ee728b) [PhysX] Initialized MultithreadedTaskDispatcher with 4 workers.
[PhysX] Initialized MultithreadedTaskDispatcher with 4 workers.
 -> (artifact id: '592497e720d749dd783cec57696905a2') in 0.045968 seconds
Number of updated asset objects reloaded before import = 0
Number of asset objects unloaded after import = 3
========================================================================
Received Import Request.
  Time since last request: 0.000037 seconds.
  path: Assets/AssetsFormStore/Simple Buttons/Buttons Style 9 (Rounded Light Blue)/ButtonsStyle9_09.png
  artifactKey: Guid(e23b29f71e74ed9409911bba34a54425) Importer(815301076,1909f56bfc062723c751e8b465ee728b)
Start importing Assets/AssetsFormStore/Simple Buttons/Buttons Style 9 (Rounded Light Blue)/ButtonsStyle9_09.png using Guid(e23b29f71e74ed9409911bba34a54425) Importer(815301076,1909f56bfc062723c751e8b465ee728b) [PhysX] Initialized MultithreadedTaskDispatcher with 4 workers.
[PhysX] Initialized MultithreadedTaskDispatcher with 4 workers.
 -> (artifact id: 'c83cd2da8eae831dd0dc468a9c1b6982') in 0.075365 seconds
Number of updated asset objects reloaded before import = 0
Number of asset objects unloaded after import = 3
========================================================================
Received Import Request.
  Time since last request: 0.000217 seconds.
  path: Assets/AssetsFormStore/Simple Buttons/Buttons Style 9 (Rounded Light Blue)/ButtonsStyle9_17.png
  artifactKey: Guid(b5cc20e75e7a8494b9b1356bfaf68cf9) Importer(815301076,1909f56bfc062723c751e8b465ee728b)
Start importing Assets/AssetsFormStore/Simple Buttons/Buttons Style 9 (Rounded Light Blue)/ButtonsStyle9_17.png using Guid(b5cc20e75e7a8494b9b1356bfaf68cf9) Importer(815301076,1909f56bfc062723c751e8b465ee728b) [PhysX] Initialized MultithreadedTaskDispatcher with 4 workers.
[PhysX] Initialized MultithreadedTaskDispatcher with 4 workers.
 -> (artifact id: '0796608ffe0c032e2e2e710e150686cb') in 0.067943 seconds
Number of updated asset objects reloaded before import = 0
Number of asset objects unloaded after import = 3
========================================================================
Received Import Request.
  Time since last request: 0.000041 seconds.
  path: Assets/AssetsFormStore/Simple Buttons/Buttons Style 9 (Rounded Light Blue)/ButtonsStyle9_04.png
  artifactKey: Guid(458745ba34436904ba098b415b3e81e9) Importer(815301076,1909f56bfc062723c751e8b465ee728b)
Start importing Assets/AssetsFormStore/Simple Buttons/Buttons Style 9 (Rounded Light Blue)/ButtonsStyle9_04.png using Guid(458745ba34436904ba098b415b3e81e9) Importer(815301076,1909f56bfc062723c751e8b465ee728b) [PhysX] Initialized MultithreadedTaskDispatcher with 4 workers.
[PhysX] Initialized MultithreadedTaskDispatcher with 4 workers.
 -> (artifact id: 'b26184e732283d2648d9a1b885b45cf1') in 0.073476 seconds
Number of updated asset objects reloaded before import = 0
Number of asset objects unloaded after import = 3
========================================================================
Received Import Request.
  Time since last request: 0.000128 seconds.
  path: Assets/AssetsFormStore/Simple Buttons/Buttons Style 9 (Rounded Light Blue)/ButtonsStyle9_22.png
  artifactKey: Guid(f25ccbd5105672642afc720d4c9f7e65) Importer(815301076,1909f56bfc062723c751e8b465ee728b)
Start importing Assets/AssetsFormStore/Simple Buttons/Buttons Style 9 (Rounded Light Blue)/ButtonsStyle9_22.png using Guid(f25ccbd5105672642afc720d4c9f7e65) Importer(815301076,1909f56bfc062723c751e8b465ee728b) [PhysX] Initialized MultithreadedTaskDispatcher with 4 workers.
[PhysX] Initialized MultithreadedTaskDispatcher with 4 workers.
 -> (artifact id: 'cb700cfd07816ce83e6652806d0daa4b') in 0.117121 seconds
Number of updated asset objects reloaded before import = 0
Number of asset objects unloaded after import = 3
========================================================================
Received Import Request.
  Time since last request: 0.000039 seconds.
  path: Assets/AssetsFormStore/Simple Buttons/Buttons Style 9 (Rounded Light Blue)/ButtonsStyle9_15.png
  artifactKey: Guid(58a49341c6a83b54bacabb82ebda68a0) Importer(815301076,1909f56bfc062723c751e8b465ee728b)
Start importing Assets/AssetsFormStore/Simple Buttons/Buttons Style 9 (Rounded Light Blue)/ButtonsStyle9_15.png using Guid(58a49341c6a83b54bacabb82ebda68a0) Importer(815301076,1909f56bfc062723c751e8b465ee728b) [PhysX] Initialized MultithreadedTaskDispatcher with 4 workers.
[PhysX] Initialized MultithreadedTaskDispatcher with 4 workers.
 -> (artifact id: 'd35bf24ca873eb3a9908c37d0069991b') in 0.041723 seconds
Number of updated asset objects reloaded before import = 0
Number of asset objects unloaded after import = 3
========================================================================
Received Import Request.
  Time since last request: 0.000103 seconds.
  path: Assets/AssetsFormStore/Simple Buttons/Buttons Style 10 (Square Light Blue)
  artifactKey: Guid(180d89e3c870c814ca902ade7cca688c) Importer(815301076,1909f56bfc062723c751e8b465ee728b)
Start importing Assets/AssetsFormStore/Simple Buttons/Buttons Style 10 (Square Light Blue) using Guid(180d89e3c870c814ca902ade7cca688c) Importer(815301076,1909f56bfc062723c751e8b465ee728b) [PhysX] Initialized MultithreadedTaskDispatcher with 4 workers.
 -> (artifact id: 'c7e63bb84dda541f4000e1ea26265f69') in 0.000867 seconds
Number of updated asset objects reloaded before import = 0
Number of asset objects unloaded after import = 0
========================================================================
Received Import Request.
  Time since last request: 0.000072 seconds.
  path: Assets/AssetsFormStore/Simple Buttons/Buttons Style 9 (Rounded Light Blue)/ButtonsStyle9_24.png
  artifactKey: Guid(51934584942d5b94f8ba795ae8d12632) Importer(815301076,1909f56bfc062723c751e8b465ee728b)
Start importing Assets/AssetsFormStore/Simple Buttons/Buttons Style 9 (Rounded Light Blue)/ButtonsStyle9_24.png using Guid(51934584942d5b94f8ba795ae8d12632) Importer(815301076,1909f56bfc062723c751e8b465ee728b) [PhysX] Initialized MultithreadedTaskDispatcher with 4 workers.
[PhysX] Initialized MultithreadedTaskDispatcher with 4 workers.
 -> (artifact id: 'eac2656f464b759b664fa13cd17aac5a') in 0.034809 seconds
Number of updated asset objects reloaded before import = 0
Number of asset objects unloaded after import = 3
========================================================================
Received Import Request.
  Time since last request: 0.000033 seconds.
  path: Assets/AssetsFormStore/Simple Buttons/Buttons Style 10 (Square Light Blue)/ButtonsStyle10_06.png
  artifactKey: Guid(5a6c712c241f45b41b44d6b40a939ae1) Importer(815301076,1909f56bfc062723c751e8b465ee728b)
Start importing Assets/AssetsFormStore/Simple Buttons/Buttons Style 10 (Square Light Blue)/ButtonsStyle10_06.png using Guid(5a6c712c241f45b41b44d6b40a939ae1) Importer(815301076,1909f56bfc062723c751e8b465ee728b) [PhysX] Initialized MultithreadedTaskDispatcher with 4 workers.
[PhysX] Initialized MultithreadedTaskDispatcher with 4 workers.
 -> (artifact id: '481b78d48822849ecd3eab32344c63f5') in 0.065908 seconds
Number of updated asset objects reloaded before import = 0
Number of asset objects unloaded after import = 3
========================================================================
Received Import Request.
  Time since last request: 0.000331 seconds.
  path: Assets/AssetsFormStore/Simple Buttons/Buttons Style 10 (Square Light Blue)/ButtonsStyle10_02.png
  artifactKey: Guid(671fce46564e77b4cb3c2e8248068f58) Importer(815301076,1909f56bfc062723c751e8b465ee728b)
Start importing Assets/AssetsFormStore/Simple Buttons/Buttons Style 10 (Square Light Blue)/ButtonsStyle10_02.png using Guid(671fce46564e77b4cb3c2e8248068f58) Importer(815301076,1909f56bfc062723c751e8b465ee728b) [PhysX] Initialized MultithreadedTaskDispatcher with 4 workers.
[PhysX] Initialized MultithreadedTaskDispatcher with 4 workers.
 -> (artifact id: 'de01e9b1b17a645d0411e1ca8ce44069') in 0.048709 seconds
Number of updated asset objects reloaded before import = 0
Number of asset objects unloaded after import = 3
========================================================================
Received Import Request.
  Time since last request: 0.000054 seconds.
  path: Assets/AssetsFormStore/Simple Buttons/Buttons Style 10 (Square Light Blue)/ButtonsStyle10_03.png
  artifactKey: Guid(40431b1f3fc152545a2f88a8901f3b00) Importer(815301076,1909f56bfc062723c751e8b465ee728b)
Start importing Assets/AssetsFormStore/Simple Buttons/Buttons Style 10 (Square Light Blue)/ButtonsStyle10_03.png using Guid(40431b1f3fc152545a2f88a8901f3b00) Importer(815301076,1909f56bfc062723c751e8b465ee728b) [PhysX] Initialized MultithreadedTaskDispatcher with 4 workers.
[PhysX] Initialized MultithreadedTaskDispatcher with 4 workers.
 -> (artifact id: 'cd38af8ef0dcfe67ae0c16600e99ae03') in 0.055249 seconds
Number of updated asset objects reloaded before import = 0
Number of asset objects unloaded after import = 3
========================================================================
Received Import Request.
  Time since last request: 0.000054 seconds.
  path: Assets/AssetsFormStore/Simple Buttons/Buttons Style 10 (Square Light Blue)/ButtonsStyle10_15.png
  artifactKey: Guid(3b4741206ffc7e0469bda7714f8479aa) Importer(815301076,1909f56bfc062723c751e8b465ee728b)
Start importing Assets/AssetsFormStore/Simple Buttons/Buttons Style 10 (Square Light Blue)/ButtonsStyle10_15.png using Guid(3b4741206ffc7e0469bda7714f8479aa) Importer(815301076,1909f56bfc062723c751e8b465ee728b) [PhysX] Initialized MultithreadedTaskDispatcher with 4 workers.
[PhysX] Initialized MultithreadedTaskDispatcher with 4 workers.
 -> (artifact id: '630044b815f3355d3a8ee2441c5a7e02') in 0.056961 seconds
Number of updated asset objects reloaded before import = 0
Number of asset objects unloaded after import = 3
========================================================================
Received Import Request.
  Time since last request: 0.000035 seconds.
  path: Assets/AssetsFormStore/Simple Buttons/Buttons Style 10 (Square Light Blue)/ButtonsStyle10_18.png
  artifactKey: Guid(14643e1f960f8774abb834582fa4e4cc) Importer(815301076,1909f56bfc062723c751e8b465ee728b)
Start importing Assets/AssetsFormStore/Simple Buttons/Buttons Style 10 (Square Light Blue)/ButtonsStyle10_18.png using Guid(14643e1f960f8774abb834582fa4e4cc) Importer(815301076,1909f56bfc062723c751e8b465ee728b) [PhysX] Initialized MultithreadedTaskDispatcher with 4 workers.
[PhysX] Initialized MultithreadedTaskDispatcher with 4 workers.
 -> (artifact id: '25d53761be2f71eff5b18d04b3f96e0b') in 0.053477 seconds
Number of updated asset objects reloaded before import = 0
Number of asset objects unloaded after import = 3
========================================================================
Received Import Request.
  Time since last request: 0.000027 seconds.
  path: Assets/AssetsFormStore/Simple Buttons/Buttons Style 10 (Square Light Blue)/ButtonsStyle10_13.png
  artifactKey: Guid(ce0905bc33801214cadbf5f87a970fab) Importer(815301076,1909f56bfc062723c751e8b465ee728b)
Start importing Assets/AssetsFormStore/Simple Buttons/Buttons Style 10 (Square Light Blue)/ButtonsStyle10_13.png using Guid(ce0905bc33801214cadbf5f87a970fab) Importer(815301076,1909f56bfc062723c751e8b465ee728b) [PhysX] Initialized MultithreadedTaskDispatcher with 4 workers.
[PhysX] Initialized MultithreadedTaskDispatcher with 4 workers.
 -> (artifact id: '46a2d4f5fbf43dabfafc3d4b22ad2699') in 0.068605 seconds
Number of updated asset objects reloaded before import = 0
Number of asset objects unloaded after import = 3
========================================================================
Received Import Request.
  Time since last request: 0.000029 seconds.
  path: Assets/AssetsFormStore/Simple Buttons/Buttons Style 10 (Square Light Blue)/ButtonsStyle10_17.png
  artifactKey: Guid(9aee90530f1416d47a0a634e4f3ef351) Importer(815301076,1909f56bfc062723c751e8b465ee728b)
Start importing Assets/AssetsFormStore/Simple Buttons/Buttons Style 10 (Square Light Blue)/ButtonsStyle10_17.png using Guid(9aee90530f1416d47a0a634e4f3ef351) Importer(815301076,1909f56bfc062723c751e8b465ee728b) [PhysX] Initialized MultithreadedTaskDispatcher with 4 workers.
[PhysX] Initialized MultithreadedTaskDispatcher with 4 workers.
 -> (artifact id: '8fd8908b574bba729c081d68c69fc3ab') in 0.056070 seconds
Number of updated asset objects reloaded before import = 0
Number of asset objects unloaded after import = 3
========================================================================
Received Import Request.
  Time since last request: 0.000060 seconds.
  path: Assets/AssetsFormStore/Simple Buttons/Buttons Style 10 (Square Light Blue)/ButtonsStyle10_10.png
  artifactKey: Guid(fbeab67cb04ee0e4fb8d6b16e814e677) Importer(815301076,1909f56bfc062723c751e8b465ee728b)
Start importing Assets/AssetsFormStore/Simple Buttons/Buttons Style 10 (Square Light Blue)/ButtonsStyle10_10.png using Guid(fbeab67cb04ee0e4fb8d6b16e814e677) Importer(815301076,1909f56bfc062723c751e8b465ee728b) [PhysX] Initialized MultithreadedTaskDispatcher with 4 workers.
[PhysX] Initialized MultithreadedTaskDispatcher with 4 workers.
 -> (artifact id: 'fd1e56e9af7781e8e1f42a8328ac4782') in 0.039091 seconds
Number of updated asset objects reloaded before import = 0
Number of asset objects unloaded after import = 3
========================================================================
Received Import Request.
  Time since last request: 0.000026 seconds.
  path: Assets/AssetsFormStore/Simple Buttons/Buttons Style 10 (Square Light Blue)/ButtonsStyle10_21.png
  artifactKey: Guid(cfd45c20e48a4a64381afa480860db52) Importer(815301076,1909f56bfc062723c751e8b465ee728b)
Start importing Assets/AssetsFormStore/Simple Buttons/Buttons Style 10 (Square Light Blue)/ButtonsStyle10_21.png using Guid(cfd45c20e48a4a64381afa480860db52) Importer(815301076,1909f56bfc062723c751e8b465ee728b) [PhysX] Initialized MultithreadedTaskDispatcher with 4 workers.
[PhysX] Initialized MultithreadedTaskDispatcher with 4 workers.
 -> (artifact id: '9de70ba7771854ed73bddc857bdf217c') in 0.073168 seconds
Number of updated asset objects reloaded before import = 0
Number of asset objects unloaded after import = 3
========================================================================
Received Import Request.
  Time since last request: 0.000841 seconds.
  path: Assets/AssetsFormStore/Simple Buttons/Buttons Style 10 (Square Light Blue)/ButtonsStyle10_11.png
  artifactKey: Guid(27d89d715e84e8f4cb3b12437c0614ac) Importer(815301076,1909f56bfc062723c751e8b465ee728b)
Start importing Assets/AssetsFormStore/Simple Buttons/Buttons Style 10 (Square Light Blue)/ButtonsStyle10_11.png using Guid(27d89d715e84e8f4cb3b12437c0614ac) Importer(815301076,1909f56bfc062723c751e8b465ee728b) [PhysX] Initialized MultithreadedTaskDispatcher with 4 workers.
[PhysX] Initialized MultithreadedTaskDispatcher with 4 workers.
 -> (artifact id: '3d2a9182dc220d763abc9eb5f6a5668c') in 0.235609 seconds
Number of updated asset objects reloaded before import = 0
Number of asset objects unloaded after import = 3
========================================================================
Received Import Request.
  Time since last request: 0.000808 seconds.
  path: Assets/AssetsFormStore/Simple Buttons/Buttons Style 10 (Square Light Blue)/ButtonsStyle10_23.png
  artifactKey: Guid(4d84691ee9c44bb41b2973774d685a2e) Importer(815301076,1909f56bfc062723c751e8b465ee728b)
Start importing Assets/AssetsFormStore/Simple Buttons/Buttons Style 10 (Square Light Blue)/ButtonsStyle10_23.png using Guid(4d84691ee9c44bb41b2973774d685a2e) Importer(815301076,1909f56bfc062723c751e8b465ee728b) [PhysX] Initialized MultithreadedTaskDispatcher with 4 workers.
[PhysX] Initialized MultithreadedTaskDispatcher with 4 workers.
 -> (artifact id: '85d03b5c1d6f65dd7802f3707f77c22f') in 0.038179 seconds
Number of updated asset objects reloaded before import = 0
Number of asset objects unloaded after import = 3
========================================================================
Received Import Request.
  Time since last request: 0.000040 seconds.
  path: Assets/AssetsFormStore/Simple Buttons/Buttons Style 10 (Square Light Blue)/ButtonsStyle10_16.png
  artifactKey: Guid(fce4a6e3db791ac439579bf36e02da3e) Importer(815301076,1909f56bfc062723c751e8b465ee728b)
Start importing Assets/AssetsFormStore/Simple Buttons/Buttons Style 10 (Square Light Blue)/ButtonsStyle10_16.png using Guid(fce4a6e3db791ac439579bf36e02da3e) Importer(815301076,1909f56bfc062723c751e8b465ee728b) [PhysX] Initialized MultithreadedTaskDispatcher with 4 workers.
[PhysX] Initialized MultithreadedTaskDispatcher with 4 workers.
 -> (artifact id: 'da26f947110e4e8be4b830c6015fa2dd') in 0.062593 seconds
Number of updated asset objects reloaded before import = 0
Number of asset objects unloaded after import = 3
========================================================================
Received Import Request.
  Time since last request: 0.000059 seconds.
  path: Assets/AssetsFormStore/Simple Buttons/Buttons Style 10 (Square Light Blue)/ButtonsStyle10_20.png
  artifactKey: Guid(e12d180ae91f4ad489cb22e089a0e139) Importer(815301076,1909f56bfc062723c751e8b465ee728b)
Start importing Assets/AssetsFormStore/Simple Buttons/Buttons Style 10 (Square Light Blue)/ButtonsStyle10_20.png using Guid(e12d180ae91f4ad489cb22e089a0e139) Importer(815301076,1909f56bfc062723c751e8b465ee728b) [PhysX] Initialized MultithreadedTaskDispatcher with 4 workers.
[PhysX] Initialized MultithreadedTaskDispatcher with 4 workers.
 -> (artifact id: '7634e30a7c7391b7bd163169f41287d1') in 0.126616 seconds
Number of updated asset objects reloaded before import = 0
Number of asset objects unloaded after import = 3
========================================================================
Received Import Request.
  Time since last request: 0.000744 seconds.
  path: Assets/AssetsFormStore/Simple Buttons/Buttons Style 10 (Square Light Blue)/ButtonsStyle10_05.png
  artifactKey: Guid(cbf7b9199bb38454aaa1642c264db28e) Importer(815301076,1909f56bfc062723c751e8b465ee728b)
Start importing Assets/AssetsFormStore/Simple Buttons/Buttons Style 10 (Square Light Blue)/ButtonsStyle10_05.png using Guid(cbf7b9199bb38454aaa1642c264db28e) Importer(815301076,1909f56bfc062723c751e8b465ee728b) [PhysX] Initialized MultithreadedTaskDispatcher with 4 workers.
[PhysX] Initialized MultithreadedTaskDispatcher with 4 workers.
 -> (artifact id: '2308e0c5ebf75c5f84c2d094d4225862') in 0.046018 seconds
Number of updated asset objects reloaded before import = 0
Number of asset objects unloaded after import = 3
========================================================================
Received Import Request.
  Time since last request: 0.000090 seconds.
  path: Assets/AssetsFormStore/Simple Buttons/Buttons Style 10 (Square Light Blue)/ButtonsStyle10_07.png
  artifactKey: Guid(3ffa73e3b97b8cb4e8908a8407d3eaae) Importer(815301076,1909f56bfc062723c751e8b465ee728b)
Start importing Assets/AssetsFormStore/Simple Buttons/Buttons Style 10 (Square Light Blue)/ButtonsStyle10_07.png using Guid(3ffa73e3b97b8cb4e8908a8407d3eaae) Importer(815301076,1909f56bfc062723c751e8b465ee728b) [PhysX] Initialized MultithreadedTaskDispatcher with 4 workers.
[PhysX] Initialized MultithreadedTaskDispatcher with 4 workers.
 -> (artifact id: '87c944b97aa29d4503b3fccb73c209f7') in 0.042505 seconds
Number of updated asset objects reloaded before import = 0
Number of asset objects unloaded after import = 3
========================================================================
Received Import Request.
  Time since last request: 0.000162 seconds.
  path: Assets/AssetsFormStore/Simple Buttons/Buttons Style 10 (Square Light Blue)/ButtonsStyle10_14.png
  artifactKey: Guid(93e4802c98e075e489e9c69952af801b) Importer(815301076,1909f56bfc062723c751e8b465ee728b)
Start importing Assets/AssetsFormStore/Simple Buttons/Buttons Style 10 (Square Light Blue)/ButtonsStyle10_14.png using Guid(93e4802c98e075e489e9c69952af801b) Importer(815301076,1909f56bfc062723c751e8b465ee728b) [PhysX] Initialized MultithreadedTaskDispatcher with 4 workers.
[PhysX] Initialized MultithreadedTaskDispatcher with 4 workers.
 -> (artifact id: '81118073147f32ef62ff08eb3fa3b20e') in 0.056036 seconds
Number of updated asset objects reloaded before import = 0
Number of asset objects unloaded after import = 3
========================================================================
Received Import Request.
  Time since last request: 0.000039 seconds.
  path: Assets/AssetsFormStore/Simple Buttons/Buttons Style 11 (Rounded Blue)/ButtonsStyle11_04.png
  artifactKey: Guid(ef9e49d1b60471949b6abe0400510c0b) Importer(815301076,1909f56bfc062723c751e8b465ee728b)
Start importing Assets/AssetsFormStore/Simple Buttons/Buttons Style 11 (Rounded Blue)/ButtonsStyle11_04.png using Guid(ef9e49d1b60471949b6abe0400510c0b) Importer(815301076,1909f56bfc062723c751e8b465ee728b) [PhysX] Initialized MultithreadedTaskDispatcher with 4 workers.
[PhysX] Initialized MultithreadedTaskDispatcher with 4 workers.
 -> (artifact id: 'de38d29989c27110a12a953244451ff9') in 0.100389 seconds
Number of updated asset objects reloaded before import = 0
Number of asset objects unloaded after import = 3
========================================================================
Received Import Request.
  Time since last request: 0.000079 seconds.
  path: Assets/AssetsFormStore/Simple Buttons/Buttons Style 11 (Rounded Blue)/ButtonsStyle11_18.png
  artifactKey: Guid(e8de785f242c9ab4bb899064e609d5c7) Importer(815301076,1909f56bfc062723c751e8b465ee728b)
Start importing Assets/AssetsFormStore/Simple Buttons/Buttons Style 11 (Rounded Blue)/ButtonsStyle11_18.png using Guid(e8de785f242c9ab4bb899064e609d5c7) Importer(815301076,1909f56bfc062723c751e8b465ee728b) [PhysX] Initialized MultithreadedTaskDispatcher with 4 workers.
[PhysX] Initialized MultithreadedTaskDispatcher with 4 workers.
 -> (artifact id: '61eca8a9bf5610d74d2fc25c0e055813') in 0.036945 seconds
Number of updated asset objects reloaded before import = 0
Number of asset objects unloaded after import = 3
========================================================================
Received Import Request.
  Time since last request: 0.000034 seconds.
  path: Assets/AssetsFormStore/Simple Buttons/Buttons Style 11 (Rounded Blue)/ButtonsStyle11_01.png
  artifactKey: Guid(00f3f35e7c92c784ba5d40ea9dd1c370) Importer(815301076,1909f56bfc062723c751e8b465ee728b)
Start importing Assets/AssetsFormStore/Simple Buttons/Buttons Style 11 (Rounded Blue)/ButtonsStyle11_01.png using Guid(00f3f35e7c92c784ba5d40ea9dd1c370) Importer(815301076,1909f56bfc062723c751e8b465ee728b) [PhysX] Initialized MultithreadedTaskDispatcher with 4 workers.
[PhysX] Initialized MultithreadedTaskDispatcher with 4 workers.
 -> (artifact id: '4060fe6a589e0c8a022e023a1ef2a9f7') in 0.046229 seconds
Number of updated asset objects reloaded before import = 0
Number of asset objects unloaded after import = 3
========================================================================
Received Import Request.
  Time since last request: 0.000031 seconds.
  path: Assets/AssetsFormStore/Simple Buttons/Buttons Style 11 (Rounded Blue)/ButtonsStyle11_02.png
  artifactKey: Guid(91710519d0b48964d9964fb0b1717785) Importer(815301076,1909f56bfc062723c751e8b465ee728b)
Start importing Assets/AssetsFormStore/Simple Buttons/Buttons Style 11 (Rounded Blue)/ButtonsStyle11_02.png using Guid(91710519d0b48964d9964fb0b1717785) Importer(815301076,1909f56bfc062723c751e8b465ee728b) [PhysX] Initialized MultithreadedTaskDispatcher with 4 workers.
[PhysX] Initialized MultithreadedTaskDispatcher with 4 workers.
 -> (artifact id: '5f8def94199db737759541a540dbf715') in 0.041644 seconds
Number of updated asset objects reloaded before import = 0
Number of asset objects unloaded after import = 3
========================================================================
Received Import Request.
  Time since last request: 0.000048 seconds.
  path: Assets/AssetsFormStore/Simple Buttons/Buttons Style 11 (Rounded Blue)/ButtonsStyle11_05.png
  artifactKey: Guid(6ecba54eab264e740b041d1c40d7a385) Importer(815301076,1909f56bfc062723c751e8b465ee728b)
Start importing Assets/AssetsFormStore/Simple Buttons/Buttons Style 11 (Rounded Blue)/ButtonsStyle11_05.png using Guid(6ecba54eab264e740b041d1c40d7a385) Importer(815301076,1909f56bfc062723c751e8b465ee728b) [PhysX] Initialized MultithreadedTaskDispatcher with 4 workers.
[PhysX] Initialized MultithreadedTaskDispatcher with 4 workers.
 -> (artifact id: 'ab6d6557f351b468a4bf54828810a5ad') in 0.227276 seconds
Number of updated asset objects reloaded before import = 0
Number of asset objects unloaded after import = 3
========================================================================
Received Import Request.
  Time since last request: 0.000496 seconds.
  path: Assets/AssetsFormStore/Simple Buttons/Buttons Style 10 (Square Light Blue)/ButtonsStyle10_08.png
  artifactKey: Guid(4d9b592efeeb3954892d4674a90a8d3c) Importer(815301076,1909f56bfc062723c751e8b465ee728b)
Start importing Assets/AssetsFormStore/Simple Buttons/Buttons Style 10 (Square Light Blue)/ButtonsStyle10_08.png using Guid(4d9b592efeeb3954892d4674a90a8d3c) Importer(815301076,1909f56bfc062723c751e8b465ee728b) [PhysX] Initialized MultithreadedTaskDispatcher with 4 workers.
[PhysX] Initialized MultithreadedTaskDispatcher with 4 workers.
 -> (artifact id: '172245b02e9143d5c9c48f27fb75d623') in 0.041195 seconds
Number of updated asset objects reloaded before import = 0
Number of asset objects unloaded after import = 3
========================================================================
Received Import Request.
  Time since last request: 0.000026 seconds.
  path: Assets/AssetsFormStore/Simple Buttons/Buttons Style 11 (Rounded Blue)/ButtonsStyle11_11.png
  artifactKey: Guid(f4f7e53196fba614caa7d0a1c4400b1d) Importer(815301076,1909f56bfc062723c751e8b465ee728b)
Start importing Assets/AssetsFormStore/Simple Buttons/Buttons Style 11 (Rounded Blue)/ButtonsStyle11_11.png using Guid(f4f7e53196fba614caa7d0a1c4400b1d) Importer(815301076,1909f56bfc062723c751e8b465ee728b) [PhysX] Initialized MultithreadedTaskDispatcher with 4 workers.
[PhysX] Initialized MultithreadedTaskDispatcher with 4 workers.
 -> (artifact id: 'd82eb6a6c4a3a6b97a5bc445eac984b5') in 0.057970 seconds
Number of updated asset objects reloaded before import = 0
Number of asset objects unloaded after import = 3
========================================================================
Received Import Request.
  Time since last request: 0.000039 seconds.
  path: Assets/AssetsFormStore/Simple Buttons/Buttons Style 9 (Rounded Light Blue)/ButtonsStyle9_18.png
  artifactKey: Guid(ebf51ae6b6244d943af14451a6835013) Importer(815301076,1909f56bfc062723c751e8b465ee728b)
Start importing Assets/AssetsFormStore/Simple Buttons/Buttons Style 9 (Rounded Light Blue)/ButtonsStyle9_18.png using Guid(ebf51ae6b6244d943af14451a6835013) Importer(815301076,1909f56bfc062723c751e8b465ee728b) [PhysX] Initialized MultithreadedTaskDispatcher with 4 workers.
[PhysX] Initialized MultithreadedTaskDispatcher with 4 workers.
 -> (artifact id: 'fbcb349004831f7baed23bdf2bd06df6') in 0.048999 seconds
Number of updated asset objects reloaded before import = 0
Number of asset objects unloaded after import = 3
========================================================================
Received Import Request.
  Time since last request: 0.000033 seconds.
  path: Assets/AssetsFormStore/Simple Buttons/Buttons Style 10 (Square Light Blue)/ButtonsStyle10_19.png
  artifactKey: Guid(8677b1403f9777a45a20973060ddf666) Importer(815301076,1909f56bfc062723c751e8b465ee728b)
Start importing Assets/AssetsFormStore/Simple Buttons/Buttons Style 10 (Square Light Blue)/ButtonsStyle10_19.png using Guid(8677b1403f9777a45a20973060ddf666) Importer(815301076,1909f56bfc062723c751e8b465ee728b) [PhysX] Initialized MultithreadedTaskDispatcher with 4 workers.
[PhysX] Initialized MultithreadedTaskDispatcher with 4 workers.
 -> (artifact id: '244c448a5fdacff36b86e4dc1cf96fcc') in 0.065716 seconds
Number of updated asset objects reloaded before import = 0
Number of asset objects unloaded after import = 3
========================================================================
Received Import Request.
  Time since last request: 0.000155 seconds.
  path: Assets/AssetsFormStore/Simple Buttons/Buttons Style 8 (Square Turquoise)/ButtonsStyle8_25.png
  artifactKey: Guid(f01a29f8b0e8d384f9f9b41bb1552614) Importer(815301076,1909f56bfc062723c751e8b465ee728b)
Start importing Assets/AssetsFormStore/Simple Buttons/Buttons Style 8 (Square Turquoise)/ButtonsStyle8_25.png using Guid(f01a29f8b0e8d384f9f9b41bb1552614) Importer(815301076,1909f56bfc062723c751e8b465ee728b) [PhysX] Initialized MultithreadedTaskDispatcher with 4 workers.
[PhysX] Initialized MultithreadedTaskDispatcher with 4 workers.
 -> (artifact id: '62f7f6b501a2e7e52a3478e3e61d2fda') in 0.060641 seconds
Number of updated asset objects reloaded before import = 0
Number of asset objects unloaded after import = 3
========================================================================
Received Import Request.
  Time since last request: 0.001349 seconds.
  path: Assets/AssetsFormStore/Simple Buttons/Buttons Style 9 (Rounded Light Blue)/ButtonsStyle9_02.png
  artifactKey: Guid(7726c8bc5d3b1b042a40e3116013f587) Importer(815301076,1909f56bfc062723c751e8b465ee728b)
Start importing Assets/AssetsFormStore/Simple Buttons/Buttons Style 9 (Rounded Light Blue)/ButtonsStyle9_02.png using Guid(7726c8bc5d3b1b042a40e3116013f587) Importer(815301076,1909f56bfc062723c751e8b465ee728b) [PhysX] Initialized MultithreadedTaskDispatcher with 4 workers.
[PhysX] Initialized MultithreadedTaskDispatcher with 4 workers.
 -> (artifact id: '17a1b0e10cd00406dae29b2f638b0c0d') in 0.061418 seconds
Number of updated asset objects reloaded before import = 0
Number of asset objects unloaded after import = 3
========================================================================
Received Import Request.
  Time since last request: 0.000047 seconds.
  path: Assets/AssetsFormStore/Simple Buttons/Buttons Style 8 (Square Turquoise)/ButtonsStyle8_10.png
  artifactKey: Guid(6b5d7bc11a66a6f43921cac467be3e48) Importer(815301076,1909f56bfc062723c751e8b465ee728b)
Start importing Assets/AssetsFormStore/Simple Buttons/Buttons Style 8 (Square Turquoise)/ButtonsStyle8_10.png using Guid(6b5d7bc11a66a6f43921cac467be3e48) Importer(815301076,1909f56bfc062723c751e8b465ee728b) [PhysX] Initialized MultithreadedTaskDispatcher with 4 workers.
[PhysX] Initialized MultithreadedTaskDispatcher with 4 workers.
 -> (artifact id: 'f8eb6c03f08df7b4dc151025bb08ed72') in 0.068397 seconds
Number of updated asset objects reloaded before import = 0
Number of asset objects unloaded after import = 3
========================================================================
Received Import Request.
  Time since last request: 0.000073 seconds.
  path: Assets/AssetsFormStore/Simple Buttons/Buttons Style 11 (Rounded Blue)/ButtonsStyle11_19.png
  artifactKey: Guid(fa78485d1d1b50843bef6686b9898c79) Importer(815301076,1909f56bfc062723c751e8b465ee728b)
Start importing Assets/AssetsFormStore/Simple Buttons/Buttons Style 11 (Rounded Blue)/ButtonsStyle11_19.png using Guid(fa78485d1d1b50843bef6686b9898c79) Importer(815301076,1909f56bfc062723c751e8b465ee728b) [PhysX] Initialized MultithreadedTaskDispatcher with 4 workers.
[PhysX] Initialized MultithreadedTaskDispatcher with 4 workers.
 -> (artifact id: '684ba1488808011e09c4fc56dbb1ce55') in 0.064111 seconds
Number of updated asset objects reloaded before import = 0
Number of asset objects unloaded after import = 3
========================================================================
Received Import Request.
  Time since last request: 0.000067 seconds.
  path: Assets/AssetsFormStore/Simple Buttons/Buttons Style 10 (Square Light Blue)/ButtonsStyle10_01.png
  artifactKey: Guid(ee6ce9be098414c4a9e01da32a62f9c1) Importer(815301076,1909f56bfc062723c751e8b465ee728b)
Start importing Assets/AssetsFormStore/Simple Buttons/Buttons Style 10 (Square Light Blue)/ButtonsStyle10_01.png using Guid(ee6ce9be098414c4a9e01da32a62f9c1) Importer(815301076,1909f56bfc062723c751e8b465ee728b) [PhysX] Initialized MultithreadedTaskDispatcher with 4 workers.
[PhysX] Initialized MultithreadedTaskDispatcher with 4 workers.
 -> (artifact id: 'fc35c04f0c96c8c397116ff37ad60467') in 0.070963 seconds
Number of updated asset objects reloaded before import = 0
Number of asset objects unloaded after import = 3
========================================================================
Received Import Request.
  Time since last request: 0.000110 seconds.
  path: Assets/AssetsFormStore/Simple Buttons/Buttons Style 7 (Rounded Turquoise)/ButtonsStyle7_25.png
  artifactKey: Guid(a8180fc74076afc48bbb013106ff98f1) Importer(815301076,1909f56bfc062723c751e8b465ee728b)
Start importing Assets/AssetsFormStore/Simple Buttons/Buttons Style 7 (Rounded Turquoise)/ButtonsStyle7_25.png using Guid(a8180fc74076afc48bbb013106ff98f1) Importer(815301076,1909f56bfc062723c751e8b465ee728b) [PhysX] Initialized MultithreadedTaskDispatcher with 4 workers.
[PhysX] Initialized MultithreadedTaskDispatcher with 4 workers.
 -> (artifact id: 'a875fdd2fe96c8d2e989fb6dd76e90e2') in 0.078323 seconds
Number of updated asset objects reloaded before import = 0
Number of asset objects unloaded after import = 3
========================================================================
Received Import Request.
  Time since last request: 0.000039 seconds.
  path: Assets/AssetsFormStore/Simple Buttons/Buttons Style 11 (Rounded Blue)
  artifactKey: Guid(b757be4ceeaed9a49a9d4eb91886da97) Importer(815301076,1909f56bfc062723c751e8b465ee728b)
Start importing Assets/AssetsFormStore/Simple Buttons/Buttons Style 11 (Rounded Blue) using Guid(b757be4ceeaed9a49a9d4eb91886da97) Importer(815301076,1909f56bfc062723c751e8b465ee728b) [PhysX] Initialized MultithreadedTaskDispatcher with 4 workers.
 -> (artifact id: 'f58e8a7bf5f922744c3a194c93c3720a') in 0.001126 seconds
Number of updated asset objects reloaded before import = 0
Number of asset objects unloaded after import = 0
========================================================================
Received Import Request.
  Time since last request: 0.000032 seconds.
  path: Assets/AssetsFormStore/Simple Buttons/Buttons Style 8 (Square Turquoise)/ButtonsStyle8_02.png
  artifactKey: Guid(000dc11449351764ca4d21bdc6a9d386) Importer(815301076,1909f56bfc062723c751e8b465ee728b)
Start importing Assets/AssetsFormStore/Simple Buttons/Buttons Style 8 (Square Turquoise)/ButtonsStyle8_02.png using Guid(000dc11449351764ca4d21bdc6a9d386) Importer(815301076,1909f56bfc062723c751e8b465ee728b) [PhysX] Initialized MultithreadedTaskDispatcher with 4 workers.
[PhysX] Initialized MultithreadedTaskDispatcher with 4 workers.
 -> (artifact id: '8bf691238a6b9076ebf73191b2cd4ace') in 0.106411 seconds
Number of updated asset objects reloaded before import = 0
Number of asset objects unloaded after import = 3
========================================================================
Received Import Request.
  Time since last request: 0.000037 seconds.
  path: Assets/AssetsFormStore/Simple Buttons/Buttons Style 12 (Square Blue)/ButtonsStyle12_04.png
  artifactKey: Guid(1d40638c0e1e880458f8546fc0956618) Importer(815301076,1909f56bfc062723c751e8b465ee728b)
Start importing Assets/AssetsFormStore/Simple Buttons/Buttons Style 12 (Square Blue)/ButtonsStyle12_04.png using Guid(1d40638c0e1e880458f8546fc0956618) Importer(815301076,1909f56bfc062723c751e8b465ee728b) [PhysX] Initialized MultithreadedTaskDispatcher with 4 workers.
[PhysX] Initialized MultithreadedTaskDispatcher with 4 workers.
 -> (artifact id: '4541c055f4069ed501f46462380368dd') in 0.029244 seconds
Number of updated asset objects reloaded before import = 0
Number of asset objects unloaded after import = 3
========================================================================
Received Import Request.
  Time since last request: 0.000042 seconds.
  path: Assets/AssetsFormStore/Simple Buttons/Buttons Style 12 (Square Blue)/ButtonsStyle12_07.png
  artifactKey: Guid(6db3f7967e5b61449a619eaab32abd9a) Importer(815301076,1909f56bfc062723c751e8b465ee728b)
Start importing Assets/AssetsFormStore/Simple Buttons/Buttons Style 12 (Square Blue)/ButtonsStyle12_07.png using Guid(6db3f7967e5b61449a619eaab32abd9a) Importer(815301076,1909f56bfc062723c751e8b465ee728b) [PhysX] Initialized MultithreadedTaskDispatcher with 4 workers.
[PhysX] Initialized MultithreadedTaskDispatcher with 4 workers.
 -> (artifact id: '6fdc3797459e0cc751fb148c85e44974') in 0.063869 seconds
Number of updated asset objects reloaded before import = 0
Number of asset objects unloaded after import = 3
========================================================================
Received Import Request.
  Time since last request: 0.000034 seconds.
  path: Assets/AssetsFormStore/Simple Buttons/Buttons Style 12 (Square Blue)/ButtonsStyle12_14.png
  artifactKey: Guid(51f65961b67f7b74988196dd54f01e1f) Importer(815301076,1909f56bfc062723c751e8b465ee728b)
Start importing Assets/AssetsFormStore/Simple Buttons/Buttons Style 12 (Square Blue)/ButtonsStyle12_14.png using Guid(51f65961b67f7b74988196dd54f01e1f) Importer(815301076,1909f56bfc062723c751e8b465ee728b) [PhysX] Initialized MultithreadedTaskDispatcher with 4 workers.
[PhysX] Initialized MultithreadedTaskDispatcher with 4 workers.
 -> (artifact id: '0744ff9b35a6ef057edcc357faab460b') in 0.060541 seconds
Number of updated asset objects reloaded before import = 0
Number of asset objects unloaded after import = 3
========================================================================
Received Import Request.
  Time since last request: 0.000280 seconds.
  path: Assets/AssetsFormStore/Simple Buttons/Buttons Style 12 (Square Blue)/ButtonsStyle12_24.png
  artifactKey: Guid(1f7a0c3bac45add4080d673465cb12d0) Importer(815301076,1909f56bfc062723c751e8b465ee728b)
Start importing Assets/AssetsFormStore/Simple Buttons/Buttons Style 12 (Square Blue)/ButtonsStyle12_24.png using Guid(1f7a0c3bac45add4080d673465cb12d0) Importer(815301076,1909f56bfc062723c751e8b465ee728b) [PhysX] Initialized MultithreadedTaskDispatcher with 4 workers.
[PhysX] Initialized MultithreadedTaskDispatcher with 4 workers.
 -> (artifact id: '3c50058bc7945372394576dba70f0771') in 0.057969 seconds
Number of updated asset objects reloaded before import = 0
Number of asset objects unloaded after import = 3
========================================================================
Received Import Request.
  Time since last request: 0.000558 seconds.
  path: Assets/AssetsFormStore/Simple Buttons/Buttons Style 12 (Square Blue)/ButtonsStyle12_20.png
  artifactKey: Guid(dd915313e676ee64b919a5553ee975a9) Importer(815301076,1909f56bfc062723c751e8b465ee728b)
Start importing Assets/AssetsFormStore/Simple Buttons/Buttons Style 12 (Square Blue)/ButtonsStyle12_20.png using Guid(dd915313e676ee64b919a5553ee975a9) Importer(815301076,1909f56bfc062723c751e8b465ee728b) [PhysX] Initialized MultithreadedTaskDispatcher with 4 workers.
[PhysX] Initialized MultithreadedTaskDispatcher with 4 workers.
 -> (artifact id: 'a6c542b1a97220344f605656ed0f1614') in 0.040693 seconds
Number of updated asset objects reloaded before import = 0
Number of asset objects unloaded after import = 3
========================================================================
Received Import Request.
  Time since last request: 0.000027 seconds.
  path: Assets/AssetsFormStore/Simple Buttons/Buttons Style 12 (Square Blue)/ButtonsStyle12_23.png
  artifactKey: Guid(6a3dff46d2d468f4284bbafdf98603fb) Importer(815301076,1909f56bfc062723c751e8b465ee728b)
Start importing Assets/AssetsFormStore/Simple Buttons/Buttons Style 12 (Square Blue)/ButtonsStyle12_23.png using Guid(6a3dff46d2d468f4284bbafdf98603fb) Importer(815301076,1909f56bfc062723c751e8b465ee728b) [PhysX] Initialized MultithreadedTaskDispatcher with 4 workers.
[PhysX] Initialized MultithreadedTaskDispatcher with 4 workers.
 -> (artifact id: '85d0a8deead10201532264cc227a6ab6') in 0.065682 seconds
Number of updated asset objects reloaded before import = 0
Number of asset objects unloaded after import = 3
========================================================================
Received Import Request.
  Time since last request: 0.000292 seconds.
  path: Assets/AssetsFormStore/Simple Buttons/Buttons Style 12 (Square Blue)/ButtonsStyle12_25.png
  artifactKey: Guid(56f75b2ab69daf945bee4d67566b912b) Importer(815301076,1909f56bfc062723c751e8b465ee728b)
Start importing Assets/AssetsFormStore/Simple Buttons/Buttons Style 12 (Square Blue)/ButtonsStyle12_25.png using Guid(56f75b2ab69daf945bee4d67566b912b) Importer(815301076,1909f56bfc062723c751e8b465ee728b) [PhysX] Initialized MultithreadedTaskDispatcher with 4 workers.
[PhysX] Initialized MultithreadedTaskDispatcher with 4 workers.
 -> (artifact id: '0ecc718ad37ddc67364d097d3c97b9ce') in 0.054203 seconds
Number of updated asset objects reloaded before import = 0
Number of asset objects unloaded after import = 3
========================================================================
Received Import Request.
  Time since last request: 0.000040 seconds.
  path: Assets/AssetsFormStore/Simple Buttons/Buttons Style 8 (Square Turquoise)/ButtonsStyle8_14.png
  artifactKey: Guid(4d40c79f729f16947a67a4b97f63243a) Importer(815301076,1909f56bfc062723c751e8b465ee728b)
Start importing Assets/AssetsFormStore/Simple Buttons/Buttons Style 8 (Square Turquoise)/ButtonsStyle8_14.png using Guid(4d40c79f729f16947a67a4b97f63243a) Importer(815301076,1909f56bfc062723c751e8b465ee728b) [PhysX] Initialized MultithreadedTaskDispatcher with 4 workers.
[PhysX] Initialized MultithreadedTaskDispatcher with 4 workers.
 -> (artifact id: '428a54e4998305b5eeda69f516550911') in 0.050015 seconds
Number of updated asset objects reloaded before import = 0
Number of asset objects unloaded after import = 3
========================================================================
Received Import Request.
  Time since last request: 0.000086 seconds.
  path: Assets/AssetsFormStore/Simple Buttons/Buttons Style 11 (Rounded Blue)/ButtonsStyle11_07.png
  artifactKey: Guid(90aae223ce779144f913d27e55bf26e5) Importer(815301076,1909f56bfc062723c751e8b465ee728b)
Start importing Assets/AssetsFormStore/Simple Buttons/Buttons Style 11 (Rounded Blue)/ButtonsStyle11_07.png using Guid(90aae223ce779144f913d27e55bf26e5) Importer(815301076,1909f56bfc062723c751e8b465ee728b) [PhysX] Initialized MultithreadedTaskDispatcher with 4 workers.
[PhysX] Initialized MultithreadedTaskDispatcher with 4 workers.
 -> (artifact id: '6902e55216f6ee4fc69b72ceddd71ccb') in 0.052819 seconds
Number of updated asset objects reloaded before import = 0
Number of asset objects unloaded after import = 3
========================================================================
Received Import Request.
  Time since last request: 0.000124 seconds.
  path: Assets/AssetsFormStore/Simple Buttons/Buttons Style 5 (Rounded Green)/ButtonsStyle5_25.png
  artifactKey: Guid(17401c65dcf4ce1438e8e21e58d9f775) Importer(815301076,1909f56bfc062723c751e8b465ee728b)
Start importing Assets/AssetsFormStore/Simple Buttons/Buttons Style 5 (Rounded Green)/ButtonsStyle5_25.png using Guid(17401c65dcf4ce1438e8e21e58d9f775) Importer(815301076,1909f56bfc062723c751e8b465ee728b) [PhysX] Initialized MultithreadedTaskDispatcher with 4 workers.
[PhysX] Initialized MultithreadedTaskDispatcher with 4 workers.
 -> (artifact id: '6236ec2a26e004bc39278b4475e11047') in 0.074890 seconds
Number of updated asset objects reloaded before import = 0
Number of asset objects unloaded after import = 3
========================================================================
Received Import Request.
  Time since last request: 0.000467 seconds.
  path: Assets/AssetsFormStore/Simple Buttons/Buttons Style 10 (Square Light Blue)/ButtonsStyle10_26.png
  artifactKey: Guid(3850159463911b546b7f5997f17309f2) Importer(815301076,1909f56bfc062723c751e8b465ee728b)
Start importing Assets/AssetsFormStore/Simple Buttons/Buttons Style 10 (Square Light Blue)/ButtonsStyle10_26.png using Guid(3850159463911b546b7f5997f17309f2) Importer(815301076,1909f56bfc062723c751e8b465ee728b) [PhysX] Initialized MultithreadedTaskDispatcher with 4 workers.
[PhysX] Initialized MultithreadedTaskDispatcher with 4 workers.
 -> (artifact id: '4bbc08d1186d089370c26eefc0b52e71') in 0.117411 seconds
Number of updated asset objects reloaded before import = 0
Number of asset objects unloaded after import = 3
========================================================================
Received Import Request.
  Time since last request: 0.000045 seconds.
  path: Assets/AssetsFormStore/Simple Buttons/Buttons Style 11 (Rounded Blue)/ButtonsStyle11_09.png
  artifactKey: Guid(c7505d4461bb1cb4092b2e6a21e96c77) Importer(815301076,1909f56bfc062723c751e8b465ee728b)
Start importing Assets/AssetsFormStore/Simple Buttons/Buttons Style 11 (Rounded Blue)/ButtonsStyle11_09.png using Guid(c7505d4461bb1cb4092b2e6a21e96c77) Importer(815301076,1909f56bfc062723c751e8b465ee728b) [PhysX] Initialized MultithreadedTaskDispatcher with 4 workers.
[PhysX] Initialized MultithreadedTaskDispatcher with 4 workers.
 -> (artifact id: '0481c4d8c5d1852179a139b958935c98') in 0.091527 seconds
Number of updated asset objects reloaded before import = 0
Number of asset objects unloaded after import = 3
========================================================================
Received Import Request.
  Time since last request: 0.001887 seconds.
  path: Assets/AssetsFormStore/Simple Buttons/Buttons Style 6 (Square Green)/ButtonsStyle6_13.png
  artifactKey: Guid(afea1926d9d44384aa8ca63eebe2d564) Importer(815301076,1909f56bfc062723c751e8b465ee728b)
Start importing Assets/AssetsFormStore/Simple Buttons/Buttons Style 6 (Square Green)/ButtonsStyle6_13.png using Guid(afea1926d9d44384aa8ca63eebe2d564) Importer(815301076,1909f56bfc062723c751e8b465ee728b) [PhysX] Initialized MultithreadedTaskDispatcher with 4 workers.
[PhysX] Initialized MultithreadedTaskDispatcher with 4 workers.
 -> (artifact id: 'f723b5b8b8768a72baf3be9b08f0e262') in 0.059992 seconds
Number of updated asset objects reloaded before import = 0
Number of asset objects unloaded after import = 3
========================================================================
Received Import Request.
  Time since last request: 0.001191 seconds.
  path: Assets/AssetsFormStore/Simple Buttons/Buttons Style 11 (Rounded Blue)/ButtonsStyle11_25.png
  artifactKey: Guid(6c8494b11b1fed147ba9fa3e000aaa3d) Importer(815301076,1909f56bfc062723c751e8b465ee728b)
Start importing Assets/AssetsFormStore/Simple Buttons/Buttons Style 11 (Rounded Blue)/ButtonsStyle11_25.png using Guid(6c8494b11b1fed147ba9fa3e000aaa3d) Importer(815301076,1909f56bfc062723c751e8b465ee728b) [PhysX] Initialized MultithreadedTaskDispatcher with 4 workers.
[PhysX] Initialized MultithreadedTaskDispatcher with 4 workers.
 -> (artifact id: 'e8395640a39afbe6c94fc7d7ed2ee9a0') in 0.046430 seconds
Number of updated asset objects reloaded before import = 0
Number of asset objects unloaded after import = 3
========================================================================
Received Import Request.
  Time since last request: 0.000098 seconds.
  path: Assets/AssetsFormStore/Simple Buttons/Buttons Style 12 (Square Blue)/ButtonsStyle12_02.png
  artifactKey: Guid(74967bb4db403244f80d6fdeb84544ce) Importer(815301076,1909f56bfc062723c751e8b465ee728b)
Start importing Assets/AssetsFormStore/Simple Buttons/Buttons Style 12 (Square Blue)/ButtonsStyle12_02.png using Guid(74967bb4db403244f80d6fdeb84544ce) Importer(815301076,1909f56bfc062723c751e8b465ee728b) [PhysX] Initialized MultithreadedTaskDispatcher with 4 workers.
[PhysX] Initialized MultithreadedTaskDispatcher with 4 workers.
 -> (artifact id: 'a44d2baaf203af8931231fc157b3e084') in 0.062416 seconds
Number of updated asset objects reloaded before import = 0
Number of asset objects unloaded after import = 3
========================================================================
Received Import Request.
  Time since last request: 0.000032 seconds.
  path: Assets/AssetsFormStore/Simple Buttons/Buttons Style 6 (Square Green)/ButtonsStyle6_11.png
  artifactKey: Guid(fe86315bd3be9124fa61f38c04b8fe4c) Importer(815301076,1909f56bfc062723c751e8b465ee728b)
Start importing Assets/AssetsFormStore/Simple Buttons/Buttons Style 6 (Square Green)/ButtonsStyle6_11.png using Guid(fe86315bd3be9124fa61f38c04b8fe4c) Importer(815301076,1909f56bfc062723c751e8b465ee728b) [PhysX] Initialized MultithreadedTaskDispatcher with 4 workers.
[PhysX] Initialized MultithreadedTaskDispatcher with 4 workers.
 -> (artifact id: '1282abe3521e0f761f4e79a54fb97539') in 0.048020 seconds
Number of updated asset objects reloaded before import = 0
Number of asset objects unloaded after import = 3
========================================================================
Received Import Request.
  Time since last request: 0.000103 seconds.
  path: Assets/AssetsFormStore/Simple Buttons/Buttons Style 9 (Rounded Light Blue)/ButtonsStyle9_10.png
  artifactKey: Guid(2ae227da557b6a94e9b96480da6b4d18) Importer(815301076,1909f56bfc062723c751e8b465ee728b)
Start importing Assets/AssetsFormStore/Simple Buttons/Buttons Style 9 (Rounded Light Blue)/ButtonsStyle9_10.png using Guid(2ae227da557b6a94e9b96480da6b4d18) Importer(815301076,1909f56bfc062723c751e8b465ee728b) [PhysX] Initialized MultithreadedTaskDispatcher with 4 workers.
[PhysX] Initialized MultithreadedTaskDispatcher with 4 workers.
 -> (artifact id: '0bc67f5a1fb5d4875c77cd953c2315b9') in 0.065662 seconds
Number of updated asset objects reloaded before import = 0
Number of asset objects unloaded after import = 3
========================================================================
Received Import Request.
  Time since last request: 0.000717 seconds.
  path: Assets/AssetsFormStore/Simple Buttons/Buttons Style 11 (Rounded Blue)/ButtonsStyle11_08.png
  artifactKey: Guid(9e54ec08524309944a2f537cb908ae70) Importer(815301076,1909f56bfc062723c751e8b465ee728b)
Start importing Assets/AssetsFormStore/Simple Buttons/Buttons Style 11 (Rounded Blue)/ButtonsStyle11_08.png using Guid(9e54ec08524309944a2f537cb908ae70) Importer(815301076,1909f56bfc062723c751e8b465ee728b) [PhysX] Initialized MultithreadedTaskDispatcher with 4 workers.
[PhysX] Initialized MultithreadedTaskDispatcher with 4 workers.
 -> (artifact id: '45c116384c7bb39e84342c8a147e6ee3') in 0.055458 seconds
Number of updated asset objects reloaded before import = 0
Number of asset objects unloaded after import = 3
========================================================================
Received Import Request.
  Time since last request: 0.000402 seconds.
  path: Assets/AssetsFormStore/Simple Buttons/Buttons Style 13 (Rounded Gray)
  artifactKey: Guid(b98f6f37e2484bf4abbd4f0638b15f71) Importer(815301076,1909f56bfc062723c751e8b465ee728b)
Start importing Assets/AssetsFormStore/Simple Buttons/Buttons Style 13 (Rounded Gray) using Guid(b98f6f37e2484bf4abbd4f0638b15f71) Importer(815301076,1909f56bfc062723c751e8b465ee728b) [PhysX] Initialized MultithreadedTaskDispatcher with 4 workers.
 -> (artifact id: 'ea0b8026f68c80773509742de36ff85d') in 0.001865 seconds
Number of updated asset objects reloaded before import = 0
Number of asset objects unloaded after import = 0
========================================================================
Received Import Request.
  Time since last request: 0.000106 seconds.
  path: Assets/AssetsFormStore/Simple Buttons/Buttons Style 5 (Rounded Green)/ButtonsStyle5_21.png
  artifactKey: Guid(c4a2dc4da488cc44b9c05b17f752ae4a) Importer(815301076,1909f56bfc062723c751e8b465ee728b)
Start importing Assets/AssetsFormStore/Simple Buttons/Buttons Style 5 (Rounded Green)/ButtonsStyle5_21.png using Guid(c4a2dc4da488cc44b9c05b17f752ae4a) Importer(815301076,1909f56bfc062723c751e8b465ee728b) [PhysX] Initialized MultithreadedTaskDispatcher with 4 workers.
[PhysX] Initialized MultithreadedTaskDispatcher with 4 workers.
 -> (artifact id: 'e4efe0129eb12951653aa6813d054021') in 0.038736 seconds
Number of updated asset objects reloaded before import = 0
Number of asset objects unloaded after import = 3
========================================================================
Received Import Request.
  Time since last request: 0.000038 seconds.
  path: Assets/AssetsFormStore/Simple Buttons/Buttons Style 13 (Rounded Gray)/ButtonsStyle13_07.png
  artifactKey: Guid(ecbfe3128aa0b76489931b170dd56a8b) Importer(815301076,1909f56bfc062723c751e8b465ee728b)
Start importing Assets/AssetsFormStore/Simple Buttons/Buttons Style 13 (Rounded Gray)/ButtonsStyle13_07.png using Guid(ecbfe3128aa0b76489931b170dd56a8b) Importer(815301076,1909f56bfc062723c751e8b465ee728b) [PhysX] Initialized MultithreadedTaskDispatcher with 4 workers.
[PhysX] Initialized MultithreadedTaskDispatcher with 4 workers.
 -> (artifact id: '431aeef41e7f9f40cb4cec2d91013d7e') in 0.036026 seconds
Number of updated asset objects reloaded before import = 0
Number of asset objects unloaded after import = 3
========================================================================
Received Import Request.
  Time since last request: 0.000513 seconds.
  path: Assets/AssetsFormStore/Simple Buttons/Buttons Style 13 (Rounded Gray)/ButtonsStyle13_17.png
  artifactKey: Guid(175d4903cdf3baa44b0bba9ca532fb7c) Importer(815301076,1909f56bfc062723c751e8b465ee728b)
Start importing Assets/AssetsFormStore/Simple Buttons/Buttons Style 13 (Rounded Gray)/ButtonsStyle13_17.png using Guid(175d4903cdf3baa44b0bba9ca532fb7c) Importer(815301076,1909f56bfc062723c751e8b465ee728b) [PhysX] Initialized MultithreadedTaskDispatcher with 4 workers.
[PhysX] Initialized MultithreadedTaskDispatcher with 4 workers.
 -> (artifact id: 'd4c4b94eb3da4cde93618cff0b62030b') in 0.053375 seconds
Number of updated asset objects reloaded before import = 0
Number of asset objects unloaded after import = 3
========================================================================
Received Import Request.
  Time since last request: 0.000029 seconds.
  path: Assets/AssetsFormStore/Simple Buttons/Buttons Style 13 (Rounded Gray)/ButtonsStyle13_14.png
  artifactKey: Guid(a3296cdb25cf4514e97c6f89a393de8f) Importer(815301076,1909f56bfc062723c751e8b465ee728b)
Start importing Assets/AssetsFormStore/Simple Buttons/Buttons Style 13 (Rounded Gray)/ButtonsStyle13_14.png using Guid(a3296cdb25cf4514e97c6f89a393de8f) Importer(815301076,1909f56bfc062723c751e8b465ee728b) [PhysX] Initialized MultithreadedTaskDispatcher with 4 workers.
[PhysX] Initialized MultithreadedTaskDispatcher with 4 workers.
 -> (artifact id: '2ee7b05b88a73d601a80dfec6f1869ac') in 0.053701 seconds
Number of updated asset objects reloaded before import = 0
Number of asset objects unloaded after import = 3
========================================================================
Received Import Request.
  Time since last request: 0.000031 seconds.
  path: Assets/AssetsFormStore/Simple Buttons/Buttons Style 13 (Rounded Gray)/ButtonsStyle13_12.png
  artifactKey: Guid(39f89eeba29c0a24f8ccc5d342d6b7a6) Importer(815301076,1909f56bfc062723c751e8b465ee728b)
Start importing Assets/AssetsFormStore/Simple Buttons/Buttons Style 13 (Rounded Gray)/ButtonsStyle13_12.png using Guid(39f89eeba29c0a24f8ccc5d342d6b7a6) Importer(815301076,1909f56bfc062723c751e8b465ee728b) [PhysX] Initialized MultithreadedTaskDispatcher with 4 workers.
[PhysX] Initialized MultithreadedTaskDispatcher with 4 workers.
 -> (artifact id: 'd0382eb6b40e8c240e187f41fc9aed8d') in 0.066799 seconds
Number of updated asset objects reloaded before import = 0
Number of asset objects unloaded after import = 3
========================================================================
Received Import Request.
  Time since last request: 0.000070 seconds.
  path: Assets/AssetsFormStore/Simple Buttons/Buttons Style 13 (Rounded Gray)/ButtonsStyle13_19.png
  artifactKey: Guid(cad9d120e1a74e24e8ae73cbb84b7bd1) Importer(815301076,1909f56bfc062723c751e8b465ee728b)
Start importing Assets/AssetsFormStore/Simple Buttons/Buttons Style 13 (Rounded Gray)/ButtonsStyle13_19.png using Guid(cad9d120e1a74e24e8ae73cbb84b7bd1) Importer(815301076,1909f56bfc062723c751e8b465ee728b) [PhysX] Initialized MultithreadedTaskDispatcher with 4 workers.
[PhysX] Initialized MultithreadedTaskDispatcher with 4 workers.
 -> (artifact id: '99e016346517a83a7b17cd6af81712a8') in 0.081693 seconds
Number of updated asset objects reloaded before import = 0
Number of asset objects unloaded after import = 3
========================================================================
Received Import Request.
  Time since last request: 0.000110 seconds.
  path: Assets/AssetsFormStore/Simple Buttons/Buttons Style 13 (Rounded Gray)/ButtonsStyle13_01.png
  artifactKey: Guid(9f3fe5aee49ffcf45b0b8cdc8afe1707) Importer(815301076,1909f56bfc062723c751e8b465ee728b)
Start importing Assets/AssetsFormStore/Simple Buttons/Buttons Style 13 (Rounded Gray)/ButtonsStyle13_01.png using Guid(9f3fe5aee49ffcf45b0b8cdc8afe1707) Importer(815301076,1909f56bfc062723c751e8b465ee728b) [PhysX] Initialized MultithreadedTaskDispatcher with 4 workers.
[PhysX] Initialized MultithreadedTaskDispatcher with 4 workers.
 -> (artifact id: '12baa569529804022d631255443f23e5') in 0.070652 seconds
Number of updated asset objects reloaded before import = 0
Number of asset objects unloaded after import = 3
========================================================================
Received Import Request.
  Time since last request: 0.000649 seconds.
  path: Assets/AssetsFormStore/Simple Buttons/Buttons Style 13 (Rounded Gray)/ButtonsStyle13_18.png
  artifactKey: Guid(ee0b7ca196df7d64293a3b1f31fe821b) Importer(815301076,1909f56bfc062723c751e8b465ee728b)
Start importing Assets/AssetsFormStore/Simple Buttons/Buttons Style 13 (Rounded Gray)/ButtonsStyle13_18.png using Guid(ee0b7ca196df7d64293a3b1f31fe821b) Importer(815301076,1909f56bfc062723c751e8b465ee728b) [PhysX] Initialized MultithreadedTaskDispatcher with 4 workers.
[PhysX] Initialized MultithreadedTaskDispatcher with 4 workers.
 -> (artifact id: 'f06169368c22104210ad88593d85ef61') in 0.058345 seconds
Number of updated asset objects reloaded before import = 0
Number of asset objects unloaded after import = 3
========================================================================
Received Import Request.
  Time since last request: 0.000045 seconds.
  path: Assets/AssetsFormStore/Simple Buttons/Buttons Style 13 (Rounded Gray)/ButtonsStyle13_23.png
  artifactKey: Guid(6b5a2f873767ee942abb08ec75ee4d4f) Importer(815301076,1909f56bfc062723c751e8b465ee728b)
Start importing Assets/AssetsFormStore/Simple Buttons/Buttons Style 13 (Rounded Gray)/ButtonsStyle13_23.png using Guid(6b5a2f873767ee942abb08ec75ee4d4f) Importer(815301076,1909f56bfc062723c751e8b465ee728b) [PhysX] Initialized MultithreadedTaskDispatcher with 4 workers.
[PhysX] Initialized MultithreadedTaskDispatcher with 4 workers.
 -> (artifact id: 'd0d51d02cdb1b06d98b49a53dd5d9d67') in 0.060358 seconds
Number of updated asset objects reloaded before import = 0
Number of asset objects unloaded after import = 3
========================================================================
Received Import Request.
  Time since last request: 0.000037 seconds.
  path: Assets/AssetsFormStore/Simple Buttons/Buttons Style 13 (Rounded Gray)/ButtonsStyle13_24.png
  artifactKey: Guid(305d32daf9f44794d8a18b5775b63e01) Importer(815301076,1909f56bfc062723c751e8b465ee728b)
Start importing Assets/AssetsFormStore/Simple Buttons/Buttons Style 13 (Rounded Gray)/ButtonsStyle13_24.png using Guid(305d32daf9f44794d8a18b5775b63e01) Importer(815301076,1909f56bfc062723c751e8b465ee728b) [PhysX] Initialized MultithreadedTaskDispatcher with 4 workers.
[PhysX] Initialized MultithreadedTaskDispatcher with 4 workers.
 -> (artifact id: 'a7c9a920d178dcd37cc5eaf6820945ea') in 0.060628 seconds
Number of updated asset objects reloaded before import = 0
Number of asset objects unloaded after import = 3
========================================================================
Received Import Request.
  Time since last request: 0.000058 seconds.
  path: Assets/AssetsFormStore/Simple Buttons/Buttons Style 13 (Rounded Gray)/ButtonsStyle13_15.png
  artifactKey: Guid(c67be3a05d582c34199663cf1073536e) Importer(815301076,1909f56bfc062723c751e8b465ee728b)
Start importing Assets/AssetsFormStore/Simple Buttons/Buttons Style 13 (Rounded Gray)/ButtonsStyle13_15.png using Guid(c67be3a05d582c34199663cf1073536e) Importer(815301076,1909f56bfc062723c751e8b465ee728b) [PhysX] Initialized MultithreadedTaskDispatcher with 4 workers.
[PhysX] Initialized MultithreadedTaskDispatcher with 4 workers.
 -> (artifact id: '0b3cc0aa8962988c6c8b5e1fc1aa2a42') in 0.045936 seconds
Number of updated asset objects reloaded before import = 0
Number of asset objects unloaded after import = 3
========================================================================
Received Import Request.
  Time since last request: 0.000039 seconds.
  path: Assets/AssetsFormStore/Simple Buttons/Buttons Style 13 (Rounded Gray)/ButtonsStyle13_10.png
  artifactKey: Guid(a363ef1163b8df64dab2c971cd9cad5b) Importer(815301076,1909f56bfc062723c751e8b465ee728b)
Start importing Assets/AssetsFormStore/Simple Buttons/Buttons Style 13 (Rounded Gray)/ButtonsStyle13_10.png using Guid(a363ef1163b8df64dab2c971cd9cad5b) Importer(815301076,1909f56bfc062723c751e8b465ee728b) [PhysX] Initialized MultithreadedTaskDispatcher with 4 workers.
[PhysX] Initialized MultithreadedTaskDispatcher with 4 workers.
 -> (artifact id: '2721904e430c9564f857094bee86ff87') in 0.047871 seconds
Number of updated asset objects reloaded before import = 0
Number of asset objects unloaded after import = 3
========================================================================
Received Import Request.
  Time since last request: 0.000054 seconds.
  path: Assets/AssetsFormStore/Simple Buttons/Buttons Style 13 (Rounded Gray)/ButtonsStyle13_11.png
  artifactKey: Guid(4a48c4135af2b4c43b7c47ca7daff0f7) Importer(815301076,1909f56bfc062723c751e8b465ee728b)
Start importing Assets/AssetsFormStore/Simple Buttons/Buttons Style 13 (Rounded Gray)/ButtonsStyle13_11.png using Guid(4a48c4135af2b4c43b7c47ca7daff0f7) Importer(815301076,1909f56bfc062723c751e8b465ee728b) [PhysX] Initialized MultithreadedTaskDispatcher with 4 workers.
[PhysX] Initialized MultithreadedTaskDispatcher with 4 workers.
 -> (artifact id: '8e4e61a7b4d16b91616e78b33909fd48') in 0.100814 seconds
Number of updated asset objects reloaded before import = 0
Number of asset objects unloaded after import = 3
========================================================================
Received Import Request.
  Time since last request: 0.000088 seconds.
  path: Assets/AssetsFormStore/Simple Buttons/Buttons Style 5 (Rounded Green)/ButtonsStyle5_12.png
  artifactKey: Guid(b2828e64eb33f664ba5bf042d523cbe6) Importer(815301076,1909f56bfc062723c751e8b465ee728b)
Start importing Assets/AssetsFormStore/Simple Buttons/Buttons Style 5 (Rounded Green)/ButtonsStyle5_12.png using Guid(b2828e64eb33f664ba5bf042d523cbe6) Importer(815301076,1909f56bfc062723c751e8b465ee728b) [PhysX] Initialized MultithreadedTaskDispatcher with 4 workers.
[PhysX] Initialized MultithreadedTaskDispatcher with 4 workers.
 -> (artifact id: 'fb5a509393939e8a07a4d0990382f89c') in 0.048627 seconds
Number of updated asset objects reloaded before import = 0
Number of asset objects unloaded after import = 3
========================================================================
Received Import Request.
  Time since last request: 0.000062 seconds.
  path: Assets/AssetsFormStore/Simple Buttons/Buttons Style 12 (Square Blue)
  artifactKey: Guid(091014386659af5498eb18ea5425be58) Importer(815301076,1909f56bfc062723c751e8b465ee728b)
Start importing Assets/AssetsFormStore/Simple Buttons/Buttons Style 12 (Square Blue) using Guid(091014386659af5498eb18ea5425be58) Importer(815301076,1909f56bfc062723c751e8b465ee728b) [PhysX] Initialized MultithreadedTaskDispatcher with 4 workers.
 -> (artifact id: '5edb1294e6b5cc39a24163efa3d21905') in 0.000823 seconds
Number of updated asset objects reloaded before import = 0
Number of asset objects unloaded after import = 0
========================================================================
Received Import Request.
  Time since last request: 0.000042 seconds.
  path: Assets/AssetsFormStore/Simple Buttons/Buttons Style 12 (Square Blue)/ButtonsStyle12_03.png
  artifactKey: Guid(3ad0ca426d0c71a4ba5c03d33bfc0f4f) Importer(815301076,1909f56bfc062723c751e8b465ee728b)
Start importing Assets/AssetsFormStore/Simple Buttons/Buttons Style 12 (Square Blue)/ButtonsStyle12_03.png using Guid(3ad0ca426d0c71a4ba5c03d33bfc0f4f) Importer(815301076,1909f56bfc062723c751e8b465ee728b) [PhysX] Initialized MultithreadedTaskDispatcher with 4 workers.
[PhysX] Initialized MultithreadedTaskDispatcher with 4 workers.
 -> (artifact id: '15e03ebe2deef9770ea92ae46be810a1') in 0.042959 seconds
Number of updated asset objects reloaded before import = 0
Number of asset objects unloaded after import = 3
========================================================================
Received Import Request.
  Time since last request: 0.000068 seconds.
  path: Assets/AssetsFormStore/Simple Buttons/Buttons Style 12 (Square Blue)/ButtonsStyle12_13.png
  artifactKey: Guid(d0fb54b12d56f2a46ae41e8348d57321) Importer(815301076,1909f56bfc062723c751e8b465ee728b)
Start importing Assets/AssetsFormStore/Simple Buttons/Buttons Style 12 (Square Blue)/ButtonsStyle12_13.png using Guid(d0fb54b12d56f2a46ae41e8348d57321) Importer(815301076,1909f56bfc062723c751e8b465ee728b) [PhysX] Initialized MultithreadedTaskDispatcher with 4 workers.
[PhysX] Initialized MultithreadedTaskDispatcher with 4 workers.
 -> (artifact id: '9da1e623a4d6a9e03b448e747d8a153b') in 0.050313 seconds
Number of updated asset objects reloaded before import = 0
Number of asset objects unloaded after import = 3
========================================================================
Received Import Request.
  Time since last request: 0.000028 seconds.
  path: Assets/AssetsFormStore/Simple Buttons/Buttons Style 7 (Rounded Turquoise)/ButtonsStyle7_15.png
  artifactKey: Guid(791223dcc80ca484ba499a67c226ea43) Importer(815301076,1909f56bfc062723c751e8b465ee728b)
Start importing Assets/AssetsFormStore/Simple Buttons/Buttons Style 7 (Rounded Turquoise)/ButtonsStyle7_15.png using Guid(791223dcc80ca484ba499a67c226ea43) Importer(815301076,1909f56bfc062723c751e8b465ee728b) [PhysX] Initialized MultithreadedTaskDispatcher with 4 workers.
[PhysX] Initialized MultithreadedTaskDispatcher with 4 workers.
 -> (artifact id: '781222ece07f99f44474951342a1f744') in 0.229677 seconds
Number of updated asset objects reloaded before import = 0
Number of asset objects unloaded after import = 3
========================================================================
Received Import Request.
  Time since last request: 0.000239 seconds.
  path: Assets/AssetsFormStore/Simple Buttons/Buttons Style 11 (Rounded Blue)/ButtonsStyle11_16.png
  artifactKey: Guid(2a4c98deea202ca42835732d1607a499) Importer(815301076,1909f56bfc062723c751e8b465ee728b)
Start importing Assets/AssetsFormStore/Simple Buttons/Buttons Style 11 (Rounded Blue)/ButtonsStyle11_16.png using Guid(2a4c98deea202ca42835732d1607a499) Importer(815301076,1909f56bfc062723c751e8b465ee728b) [PhysX] Initialized MultithreadedTaskDispatcher with 4 workers.
[PhysX] Initialized MultithreadedTaskDispatcher with 4 workers.
 -> (artifact id: 'a09b73da7a3a44b7b533ef6b9e13efc5') in 0.035447 seconds
Number of updated asset objects reloaded before import = 0
Number of asset objects unloaded after import = 3
========================================================================
Received Import Request.
  Time since last request: 0.000638 seconds.
  path: Assets/AssetsFormStore/Simple Buttons/Buttons Style 5 (Rounded Green)/ButtonsStyle5_20.png
  artifactKey: Guid(d0eb71ae8fd40e54b8d38a2b125f37fe) Importer(815301076,1909f56bfc062723c751e8b465ee728b)
Start importing Assets/AssetsFormStore/Simple Buttons/Buttons Style 5 (Rounded Green)/ButtonsStyle5_20.png using Guid(d0eb71ae8fd40e54b8d38a2b125f37fe) Importer(815301076,1909f56bfc062723c751e8b465ee728b) [PhysX] Initialized MultithreadedTaskDispatcher with 4 workers.
[PhysX] Initialized MultithreadedTaskDispatcher with 4 workers.
 -> (artifact id: 'ad706d0932ec3044974f614fa79c53fc') in 0.062631 seconds
Number of updated asset objects reloaded before import = 0
Number of asset objects unloaded after import = 3
========================================================================
Received Import Request.
  Time since last request: 0.000419 seconds.
  path: Assets/AssetsFormStore/Simple Buttons/Buttons Style 6 (Square Green)/ButtonsStyle6_23.png
  artifactKey: Guid(55c10dadb521936429001e5abdd817e7) Importer(815301076,1909f56bfc062723c751e8b465ee728b)
Start importing Assets/AssetsFormStore/Simple Buttons/Buttons Style 6 (Square Green)/ButtonsStyle6_23.png using Guid(55c10dadb521936429001e5abdd817e7) Importer(815301076,1909f56bfc062723c751e8b465ee728b) [PhysX] Initialized MultithreadedTaskDispatcher with 4 workers.
[PhysX] Initialized MultithreadedTaskDispatcher with 4 workers.
 -> (artifact id: 'bf35e19e7d58a8f1fe17705b2255ef3e') in 0.038849 seconds
Number of updated asset objects reloaded before import = 0
Number of asset objects unloaded after import = 3
========================================================================
Received Import Request.
  Time since last request: 0.000076 seconds.
  path: Assets/AssetsFormStore/Simple Buttons/Buttons Style 11 (Rounded Blue)/ButtonsStyle11_10.png
  artifactKey: Guid(4bb3e27fcd90b244c98351b9a58be85b) Importer(815301076,1909f56bfc062723c751e8b465ee728b)
Start importing Assets/AssetsFormStore/Simple Buttons/Buttons Style 11 (Rounded Blue)/ButtonsStyle11_10.png using Guid(4bb3e27fcd90b244c98351b9a58be85b) Importer(815301076,1909f56bfc062723c751e8b465ee728b) [PhysX] Initialized MultithreadedTaskDispatcher with 4 workers.
[PhysX] Initialized MultithreadedTaskDispatcher with 4 workers.
 -> (artifact id: '05d1d00b21dab5ab3dca939c75ab9945') in 0.055203 seconds
Number of updated asset objects reloaded before import = 0
Number of asset objects unloaded after import = 3
========================================================================
Received Import Request.
  Time since last request: 0.000032 seconds.
  path: Assets/AssetsFormStore/Simple Buttons/Buttons Style 13 (Rounded Gray)/ButtonsStyle13_08.png
  artifactKey: Guid(cefd462596f26e04fb164159e916aa9e) Importer(815301076,1909f56bfc062723c751e8b465ee728b)
Start importing Assets/AssetsFormStore/Simple Buttons/Buttons Style 13 (Rounded Gray)/ButtonsStyle13_08.png using Guid(cefd462596f26e04fb164159e916aa9e) Importer(815301076,1909f56bfc062723c751e8b465ee728b) [PhysX] Initialized MultithreadedTaskDispatcher with 4 workers.
[PhysX] Initialized MultithreadedTaskDispatcher with 4 workers.
 -> (artifact id: '41918957079c3f18117e6a6d559e2e38') in 0.052288 seconds
Number of updated asset objects reloaded before import = 0
Number of asset objects unloaded after import = 3
========================================================================
Received Import Request.
  Time since last request: 0.000036 seconds.
  path: Assets/AssetsFormStore/Simple Buttons/Buttons Style 12 (Square Blue)/ButtonsStyle12_15.png
  artifactKey: Guid(d72c9ca556cb4dd48beebf50d13f6d30) Importer(815301076,1909f56bfc062723c751e8b465ee728b)
Start importing Assets/AssetsFormStore/Simple Buttons/Buttons Style 12 (Square Blue)/ButtonsStyle12_15.png using Guid(d72c9ca556cb4dd48beebf50d13f6d30) Importer(815301076,1909f56bfc062723c751e8b465ee728b) [PhysX] Initialized MultithreadedTaskDispatcher with 4 workers.
[PhysX] Initialized MultithreadedTaskDispatcher with 4 workers.
 -> (artifact id: 'e3f957f4970ad91a12b1c0148e1226df') in 0.053655 seconds
Number of updated asset objects reloaded before import = 0
Number of asset objects unloaded after import = 3
========================================================================
Received Import Request.
  Time since last request: 0.000040 seconds.
  path: Assets/AssetsFormStore/Simple Buttons/Buttons Style 13 (Rounded Gray)/ButtonsStyle13_09.png
  artifactKey: Guid(902bfc577b6e85e4c840ba73a0bd9509) Importer(815301076,1909f56bfc062723c751e8b465ee728b)
Start importing Assets/AssetsFormStore/Simple Buttons/Buttons Style 13 (Rounded Gray)/ButtonsStyle13_09.png using Guid(902bfc577b6e85e4c840ba73a0bd9509) Importer(815301076,1909f56bfc062723c751e8b465ee728b) [PhysX] Initialized MultithreadedTaskDispatcher with 4 workers.
[PhysX] Initialized MultithreadedTaskDispatcher with 4 workers.
 -> (artifact id: '0897574790a9988824f378f2785f0877') in 0.056145 seconds
Number of updated asset objects reloaded before import = 0
Number of asset objects unloaded after import = 3
========================================================================
Received Import Request.
  Time since last request: 0.000069 seconds.
  path: Assets/AssetsFormStore/Simple Buttons/Buttons Style 12 (Square Blue)/ButtonsStyle12_05.png
  artifactKey: Guid(014f99505f66c694bbb77c29acb89ebb) Importer(815301076,1909f56bfc062723c751e8b465ee728b)
Start importing Assets/AssetsFormStore/Simple Buttons/Buttons Style 12 (Square Blue)/ButtonsStyle12_05.png using Guid(014f99505f66c694bbb77c29acb89ebb) Importer(815301076,1909f56bfc062723c751e8b465ee728b) [PhysX] Initialized MultithreadedTaskDispatcher with 4 workers.
[PhysX] Initialized MultithreadedTaskDispatcher with 4 workers.
 -> (artifact id: '232b48b7abe689be8c4646e5d055bdd4') in 0.055639 seconds
Number of updated asset objects reloaded before import = 0
Number of asset objects unloaded after import = 3
========================================================================
Received Import Request.
  Time since last request: 0.000028 seconds.
  path: Assets/AssetsFormStore/Simple Buttons/Buttons Style 11 (Rounded Blue)/ButtonsStyle11_12.png
  artifactKey: Guid(857879045b07a2d49a712cfe98e8acd4) Importer(815301076,1909f56bfc062723c751e8b465ee728b)
Start importing Assets/AssetsFormStore/Simple Buttons/Buttons Style 11 (Rounded Blue)/ButtonsStyle11_12.png using Guid(857879045b07a2d49a712cfe98e8acd4) Importer(815301076,1909f56bfc062723c751e8b465ee728b) [PhysX] Initialized MultithreadedTaskDispatcher with 4 workers.
[PhysX] Initialized MultithreadedTaskDispatcher with 4 workers.
 -> (artifact id: '4a5d9f96676b6a0818b2e8d8280a39d9') in 0.050484 seconds
Number of updated asset objects reloaded before import = 0
Number of asset objects unloaded after import = 3
========================================================================
Received Import Request.
  Time since last request: 0.000035 seconds.
  path: Assets/AssetsFormStore/Simple Buttons/Buttons Style 12 (Square Blue)/ButtonsStyle12_08.png
  artifactKey: Guid(e6a9278844d8c36468d2d1a301e8ef74) Importer(815301076,1909f56bfc062723c751e8b465ee728b)
Start importing Assets/AssetsFormStore/Simple Buttons/Buttons Style 12 (Square Blue)/ButtonsStyle12_08.png using Guid(e6a9278844d8c36468d2d1a301e8ef74) Importer(815301076,1909f56bfc062723c751e8b465ee728b) [PhysX] Initialized MultithreadedTaskDispatcher with 4 workers.
[PhysX] Initialized MultithreadedTaskDispatcher with 4 workers.
 -> (artifact id: 'a13f7b45074dbbfab4797bc186e1c48a') in 0.053374 seconds
Number of updated asset objects reloaded before import = 0
Number of asset objects unloaded after import = 3
========================================================================
Received Import Request.
  Time since last request: 0.000049 seconds.
  path: Assets/AssetsFormStore/Simple Buttons/Buttons Style 12 (Square Blue)/ButtonsStyle12_06.png
  artifactKey: Guid(e4d9adb9905bdb94c92cddd78ddf19b3) Importer(815301076,1909f56bfc062723c751e8b465ee728b)
Start importing Assets/AssetsFormStore/Simple Buttons/Buttons Style 12 (Square Blue)/ButtonsStyle12_06.png using Guid(e4d9adb9905bdb94c92cddd78ddf19b3) Importer(815301076,1909f56bfc062723c751e8b465ee728b) [PhysX] Initialized MultithreadedTaskDispatcher with 4 workers.
[PhysX] Initialized MultithreadedTaskDispatcher with 4 workers.
 -> (artifact id: '072d3dc599eef65f2e04a8dd9b1348ff') in 0.042204 seconds
Number of updated asset objects reloaded before import = 0
Number of asset objects unloaded after import = 3
========================================================================
Received Import Request.
  Time since last request: 0.000036 seconds.
  path: Assets/AssetsFormStore/Simple Buttons/Buttons Style 11 (Rounded Blue)/ButtonsStyle11_26.png
  artifactKey: Guid(9e339ac7c05c49c478bbebf94b656e69) Importer(815301076,1909f56bfc062723c751e8b465ee728b)
Start importing Assets/AssetsFormStore/Simple Buttons/Buttons Style 11 (Rounded Blue)/ButtonsStyle11_26.png using Guid(9e339ac7c05c49c478bbebf94b656e69) Importer(815301076,1909f56bfc062723c751e8b465ee728b) [PhysX] Initialized MultithreadedTaskDispatcher with 4 workers.
[PhysX] Initialized MultithreadedTaskDispatcher with 4 workers.
 -> (artifact id: 'ea886fe1e7401479efc79f8e769a8151') in 0.044285 seconds
Number of updated asset objects reloaded before import = 0
Number of asset objects unloaded after import = 3
========================================================================
Received Import Request.
  Time since last request: 0.000102 seconds.
  path: Assets/AssetsFormStore/Simple Buttons/Buttons Style 13 (Rounded Gray)/ButtonsStyle13_04.png
  artifactKey: Guid(5b0c6ee67e3bec44985e73a81139d61e) Importer(815301076,1909f56bfc062723c751e8b465ee728b)
Start importing Assets/AssetsFormStore/Simple Buttons/Buttons Style 13 (Rounded Gray)/ButtonsStyle13_04.png using Guid(5b0c6ee67e3bec44985e73a81139d61e) Importer(815301076,1909f56bfc062723c751e8b465ee728b) [PhysX] Initialized MultithreadedTaskDispatcher with 4 workers.
[PhysX] Initialized MultithreadedTaskDispatcher with 4 workers.
 -> (artifact id: 'd5df681d92760c2232930555d91a9f04') in 0.230386 seconds
Number of updated asset objects reloaded before import = 0
Number of asset objects unloaded after import = 3
========================================================================
Received Import Request.
  Time since last request: 0.000028 seconds.
  path: Assets/AssetsFormStore/Simple Buttons/Buttons Style 13 (Rounded Gray)/ButtonsStyle13_21.png
  artifactKey: Guid(5a2e7a936bf911041b02e1ee52a16113) Importer(815301076,1909f56bfc062723c751e8b465ee728b)
Start importing Assets/AssetsFormStore/Simple Buttons/Buttons Style 13 (Rounded Gray)/ButtonsStyle13_21.png using Guid(5a2e7a936bf911041b02e1ee52a16113) Importer(815301076,1909f56bfc062723c751e8b465ee728b) [PhysX] Initialized MultithreadedTaskDispatcher with 4 workers.
[PhysX] Initialized MultithreadedTaskDispatcher with 4 workers.
 -> (artifact id: 'f1231c0041bc529d3e6d69408c14afc8') in 0.061322 seconds
Number of updated asset objects reloaded before import = 0
Number of asset objects unloaded after import = 3
========================================================================
Received Import Request.
  Time since last request: 0.000664 seconds.
  path: Assets/AssetsFormStore/Simple Buttons/Buttons Style 12 (Square Blue)/ButtonsStyle12_01.png
  artifactKey: Guid(965335f18fd89e94ab933d8c4c5aa4c4) Importer(815301076,1909f56bfc062723c751e8b465ee728b)
Start importing Assets/AssetsFormStore/Simple Buttons/Buttons Style 12 (Square Blue)/ButtonsStyle12_01.png using Guid(965335f18fd89e94ab933d8c4c5aa4c4) Importer(815301076,1909f56bfc062723c751e8b465ee728b) [PhysX] Initialized MultithreadedTaskDispatcher with 4 workers.
[PhysX] Initialized MultithreadedTaskDispatcher with 4 workers.
 -> (artifact id: '9b6c7b71a1b605bcff781c77f5579cbc') in 0.091331 seconds
Number of updated asset objects reloaded before import = 0
Number of asset objects unloaded after import = 3
========================================================================
Received Import Request.
  Time since last request: 0.000047 seconds.
  path: Assets/AssetsFormStore/Simple Buttons/Buttons Style 11 (Rounded Blue)/ButtonsStyle11_13.png
  artifactKey: Guid(91e84bf3e4a71b345bbfe58739a76e87) Importer(815301076,1909f56bfc062723c751e8b465ee728b)
Start importing Assets/AssetsFormStore/Simple Buttons/Buttons Style 11 (Rounded Blue)/ButtonsStyle11_13.png using Guid(91e84bf3e4a71b345bbfe58739a76e87) Importer(815301076,1909f56bfc062723c751e8b465ee728b) [PhysX] Initialized MultithreadedTaskDispatcher with 4 workers.
[PhysX] Initialized MultithreadedTaskDispatcher with 4 workers.
 -> (artifact id: '0eaae160c1515e345c801a4bbde19b35') in 0.049462 seconds
Number of updated asset objects reloaded before import = 0
Number of asset objects unloaded after import = 3
========================================================================
Received Import Request.
  Time since last request: 0.000039 seconds.
  path: Assets/AssetsFormStore/Simple Buttons/Buttons Style 12 (Square Blue)/ButtonsStyle12_17.png
  artifactKey: Guid(ab0393ec51ba0e942aff39e0584bed2d) Importer(815301076,1909f56bfc062723c751e8b465ee728b)
Start importing Assets/AssetsFormStore/Simple Buttons/Buttons Style 12 (Square Blue)/ButtonsStyle12_17.png using Guid(ab0393ec51ba0e942aff39e0584bed2d) Importer(815301076,1909f56bfc062723c751e8b465ee728b) [PhysX] Initialized MultithreadedTaskDispatcher with 4 workers.
[PhysX] Initialized MultithreadedTaskDispatcher with 4 workers.
 -> (artifact id: '9140a85710dde95cee6b3d14b27c10a8') in 0.100427 seconds
Number of updated asset objects reloaded before import = 0
Number of asset objects unloaded after import = 3
========================================================================
Received Import Request.
  Time since last request: 0.000090 seconds.
  path: Assets/AssetsFormStore/Simple Buttons/Buttons Style 13 (Rounded Gray)/ButtonsStyle13_25.png
  artifactKey: Guid(59ac35daa1e5ef243bf043bfc50d7702) Importer(815301076,1909f56bfc062723c751e8b465ee728b)
Start importing Assets/AssetsFormStore/Simple Buttons/Buttons Style 13 (Rounded Gray)/ButtonsStyle13_25.png using Guid(59ac35daa1e5ef243bf043bfc50d7702) Importer(815301076,1909f56bfc062723c751e8b465ee728b) [PhysX] Initialized MultithreadedTaskDispatcher with 4 workers.
[PhysX] Initialized MultithreadedTaskDispatcher with 4 workers.
 -> (artifact id: '7e607c76148a06b45252c9bc6d3bbe33') in 0.041529 seconds
Number of updated asset objects reloaded before import = 0
Number of asset objects unloaded after import = 3
========================================================================
Received Import Request.
  Time since last request: 0.000038 seconds.
  path: Assets/AssetsFormStore/Simple Buttons/Buttons Style 13 (Rounded Gray)/ButtonsStyle13_22.png
  artifactKey: Guid(588c4b10e0598074da85f7011d324573) Importer(815301076,1909f56bfc062723c751e8b465ee728b)
Start importing Assets/AssetsFormStore/Simple Buttons/Buttons Style 13 (Rounded Gray)/ButtonsStyle13_22.png using Guid(588c4b10e0598074da85f7011d324573) Importer(815301076,1909f56bfc062723c751e8b465ee728b) [PhysX] Initialized MultithreadedTaskDispatcher with 4 workers.
[PhysX] Initialized MultithreadedTaskDispatcher with 4 workers.
 -> (artifact id: 'cdaa548c23692ced926d171ccddea453') in 0.052823 seconds
Number of updated asset objects reloaded before import = 0
Number of asset objects unloaded after import = 3
========================================================================
Received Import Request.
  Time since last request: 0.000028 seconds.
  path: Assets/AssetsFormStore/Simple Buttons/Buttons Style 11 (Rounded Blue)/ButtonsStyle11_20.png
  artifactKey: Guid(9b37589cbb49a5149a1e25d774fb4dca) Importer(815301076,1909f56bfc062723c751e8b465ee728b)
Start importing Assets/AssetsFormStore/Simple Buttons/Buttons Style 11 (Rounded Blue)/ButtonsStyle11_20.png using Guid(9b37589cbb49a5149a1e25d774fb4dca) Importer(815301076,1909f56bfc062723c751e8b465ee728b) [PhysX] Initialized MultithreadedTaskDispatcher with 4 workers.
[PhysX] Initialized MultithreadedTaskDispatcher with 4 workers.
 -> (artifact id: 'ce04fc9a20af350d0d8a3721df24fe5d') in 0.059424 seconds
Number of updated asset objects reloaded before import = 0
Number of asset objects unloaded after import = 3
========================================================================
Received Import Request.
  Time since last request: 0.000048 seconds.
  path: Assets/AssetsFormStore/Simple Buttons/Buttons Style 13 (Rounded Gray)/ButtonsStyle13_02.png
  artifactKey: Guid(af2513c34a7371c459516acc8c793232) Importer(815301076,1909f56bfc062723c751e8b465ee728b)
Start importing Assets/AssetsFormStore/Simple Buttons/Buttons Style 13 (Rounded Gray)/ButtonsStyle13_02.png using Guid(af2513c34a7371c459516acc8c793232) Importer(815301076,1909f56bfc062723c751e8b465ee728b) [PhysX] Initialized MultithreadedTaskDispatcher with 4 workers.
[PhysX] Initialized MultithreadedTaskDispatcher with 4 workers.
 -> (artifact id: 'd827be888375395ef8b3ac705176d036') in 0.058377 seconds
Number of updated asset objects reloaded before import = 0
Number of asset objects unloaded after import = 3
========================================================================
Received Import Request.
  Time since last request: 0.000337 seconds.
  path: Assets/AssetsFormStore/Simple Buttons/Buttons Style 13 (Rounded Gray)/ButtonsStyle13_03.png
  artifactKey: Guid(06651342c38834e4e9db2134d566a069) Importer(815301076,1909f56bfc062723c751e8b465ee728b)
Start importing Assets/AssetsFormStore/Simple Buttons/Buttons Style 13 (Rounded Gray)/ButtonsStyle13_03.png using Guid(06651342c38834e4e9db2134d566a069) Importer(815301076,1909f56bfc062723c751e8b465ee728b) [PhysX] Initialized MultithreadedTaskDispatcher with 4 workers.
[PhysX] Initialized MultithreadedTaskDispatcher with 4 workers.
 -> (artifact id: '49ee18d2b4b7df89b49e7be71fe17b6e') in 0.060139 seconds
Number of updated asset objects reloaded before import = 0
Number of asset objects unloaded after import = 3
========================================================================
Received Import Request.
  Time since last request: 0.000053 seconds.
  path: Assets/AssetsFormStore/Simple Buttons/Buttons Style 11 (Rounded Blue)/ButtonsStyle11_03.png
  artifactKey: Guid(98e5dab242c0282419f5a91853da2031) Importer(815301076,1909f56bfc062723c751e8b465ee728b)
Start importing Assets/AssetsFormStore/Simple Buttons/Buttons Style 11 (Rounded Blue)/ButtonsStyle11_03.png using Guid(98e5dab242c0282419f5a91853da2031) Importer(815301076,1909f56bfc062723c751e8b465ee728b) [PhysX] Initialized MultithreadedTaskDispatcher with 4 workers.
[PhysX] Initialized MultithreadedTaskDispatcher with 4 workers.
 -> (artifact id: '454d0afdfe2f4ef44d2263c471c2f894') in 0.283599 seconds
Number of updated asset objects reloaded before import = 0
Number of asset objects unloaded after import = 3
========================================================================
Received Import Request.
  Time since last request: 0.006403 seconds.
  path: Assets/AssetsFormStore/Simple Buttons/Buttons Style 13 (Rounded Gray)/ButtonsStyle13_26.png
  artifactKey: Guid(fb046daefe74eb440a08873cede85e44) Importer(815301076,1909f56bfc062723c751e8b465ee728b)
Start importing Assets/AssetsFormStore/Simple Buttons/Buttons Style 13 (Rounded Gray)/ButtonsStyle13_26.png using Guid(fb046daefe74eb440a08873cede85e44) Importer(815301076,1909f56bfc062723c751e8b465ee728b) [PhysX] Initialized MultithreadedTaskDispatcher with 4 workers.
[PhysX] Initialized MultithreadedTaskDispatcher with 4 workers.
 -> (artifact id: '2ed027986a41b7a0ed281af2ae8fa995') in 0.051881 seconds
Number of updated asset objects reloaded before import = 0
Number of asset objects unloaded after import = 3
========================================================================
Received Import Request.
  Time since last request: 0.000262 seconds.
  path: Assets/AssetsFormStore/Simple Buttons/Buttons Style 12 (Square Blue)/ButtonsStyle12_16.png
  artifactKey: Guid(ebe7ff650776b1f49b94635377cc5f08) Importer(815301076,1909f56bfc062723c751e8b465ee728b)
Start importing Assets/AssetsFormStore/Simple Buttons/Buttons Style 12 (Square Blue)/ButtonsStyle12_16.png using Guid(ebe7ff650776b1f49b94635377cc5f08) Importer(815301076,1909f56bfc062723c751e8b465ee728b) [PhysX] Initialized MultithreadedTaskDispatcher with 4 workers.
[PhysX] Initialized MultithreadedTaskDispatcher with 4 workers.
 -> (artifact id: '5f26b85dbd3bdff0aa34ccade42beb24') in 0.071283 seconds
Number of updated asset objects reloaded before import = 0
Number of asset objects unloaded after import = 3
========================================================================
Received Import Request.
  Time since last request: 0.000438 seconds.
  path: Assets/AssetsFormStore/Simple Buttons/Buttons Style 13 (Rounded Gray)/ButtonsStyle13_13.png
  artifactKey: Guid(f600ea16578248d4ea3dabcfb65ac55f) Importer(815301076,1909f56bfc062723c751e8b465ee728b)
Start importing Assets/AssetsFormStore/Simple Buttons/Buttons Style 13 (Rounded Gray)/ButtonsStyle13_13.png using Guid(f600ea16578248d4ea3dabcfb65ac55f) Importer(815301076,1909f56bfc062723c751e8b465ee728b) [PhysX] Initialized MultithreadedTaskDispatcher with 4 workers.
[PhysX] Initialized MultithreadedTaskDispatcher with 4 workers.
 -> (artifact id: '8a2099259d845dce510376e600b17f26') in 0.048282 seconds
Number of updated asset objects reloaded before import = 0
Number of asset objects unloaded after import = 3
========================================================================
Received Import Request.
  Time since last request: 0.000034 seconds.
  path: Assets/AssetsFormStore/Simple Buttons/Buttons Style 11 (Rounded Blue)/ButtonsStyle11_06.png
  artifactKey: Guid(fa14bc09578576546810fef7cd5b7925) Importer(815301076,1909f56bfc062723c751e8b465ee728b)
Start importing Assets/AssetsFormStore/Simple Buttons/Buttons Style 11 (Rounded Blue)/ButtonsStyle11_06.png using Guid(fa14bc09578576546810fef7cd5b7925) Importer(815301076,1909f56bfc062723c751e8b465ee728b) [PhysX] Initialized MultithreadedTaskDispatcher with 4 workers.
[PhysX] Initialized MultithreadedTaskDispatcher with 4 workers.
 -> (artifact id: 'bac008fdfa2a8be0c9c8c164166f1e53') in 0.028304 seconds
Number of updated asset objects reloaded before import = 0
Number of asset objects unloaded after import = 3
========================================================================
Received Import Request.
  Time since last request: 0.000067 seconds.
  path: Assets/AssetsFormStore/Simple Buttons/Buttons Style 10 (Square Light Blue)/ButtonsStyle10_22.png
  artifactKey: Guid(9e558f98a01ec0846923aedb3e42719e) Importer(815301076,1909f56bfc062723c751e8b465ee728b)
Start importing Assets/AssetsFormStore/Simple Buttons/Buttons Style 10 (Square Light Blue)/ButtonsStyle10_22.png using Guid(9e558f98a01ec0846923aedb3e42719e) Importer(815301076,1909f56bfc062723c751e8b465ee728b) [PhysX] Initialized MultithreadedTaskDispatcher with 4 workers.
[PhysX] Initialized MultithreadedTaskDispatcher with 4 workers.
 -> (artifact id: '12e050c97b0a0f9fba4d74239f984e4f') in 0.029171 seconds
Number of updated asset objects reloaded before import = 0
Number of asset objects unloaded after import = 3
========================================================================
Received Import Request.
  Time since last request: 0.000035 seconds.
  path: Assets/AssetsFormStore/Simple Buttons/Buttons Style 13 (Rounded Gray)/ButtonsStyle13_16.png
  artifactKey: Guid(5d6a368a046a4b24d99db886d9193896) Importer(815301076,1909f56bfc062723c751e8b465ee728b)
Start importing Assets/AssetsFormStore/Simple Buttons/Buttons Style 13 (Rounded Gray)/ButtonsStyle13_16.png using Guid(5d6a368a046a4b24d99db886d9193896) Importer(815301076,1909f56bfc062723c751e8b465ee728b) [PhysX] Initialized MultithreadedTaskDispatcher with 4 workers.
[PhysX] Initialized MultithreadedTaskDispatcher with 4 workers.
 -> (artifact id: '1cbfa42cbe0148a968cd31bd8bc927af') in 0.173453 seconds
Number of updated asset objects reloaded before import = 0
Number of asset objects unloaded after import = 3
========================================================================
Received Import Request.
  Time since last request: 0.007619 seconds.
  path: Assets/AssetsFormStore/Simple Buttons/Buttons Style 12 (Square Blue)/ButtonsStyle12_26.png
  artifactKey: Guid(0dbefe0955fe0cf40bcb72a74b624833) Importer(815301076,1909f56bfc062723c751e8b465ee728b)
Start importing Assets/AssetsFormStore/Simple Buttons/Buttons Style 12 (Square Blue)/ButtonsStyle12_26.png using Guid(0dbefe0955fe0cf40bcb72a74b624833) Importer(815301076,1909f56bfc062723c751e8b465ee728b) [PhysX] Initialized MultithreadedTaskDispatcher with 4 workers.
[PhysX] Initialized MultithreadedTaskDispatcher with 4 workers.
 -> (artifact id: 'b80a781bf907e266173e6c42679ef607') in 0.216606 seconds
Number of updated asset objects reloaded before import = 0
Number of asset objects unloaded after import = 3
========================================================================
Received Import Request.
  Time since last request: 0.000036 seconds.
  path: Assets/AssetsFormStore/Simple Buttons/Buttons Style 10 (Square Light Blue)/ButtonsStyle10_12.png
  artifactKey: Guid(bcc39723781b0cc4db21950744494d0c) Importer(815301076,1909f56bfc062723c751e8b465ee728b)
Start importing Assets/AssetsFormStore/Simple Buttons/Buttons Style 10 (Square Light Blue)/ButtonsStyle10_12.png using Guid(bcc39723781b0cc4db21950744494d0c) Importer(815301076,1909f56bfc062723c751e8b465ee728b) [PhysX] Initialized MultithreadedTaskDispatcher with 4 workers.
[PhysX] Initialized MultithreadedTaskDispatcher with 4 workers.
 -> (artifact id: '5eac40904f1c0664f72f597391d2d6b2') in 0.133547 seconds
Number of updated asset objects reloaded before import = 0
Number of asset objects unloaded after import = 3
========================================================================
Received Import Request.
  Time since last request: 0.000838 seconds.
  path: Assets/AssetsFormStore/Simple Buttons/Buttons Style 10 (Square Light Blue)/ButtonsStyle10_24.png
  artifactKey: Guid(7d6c8bb41eaeaca43bd678398581621b) Importer(815301076,1909f56bfc062723c751e8b465ee728b)
Start importing Assets/AssetsFormStore/Simple Buttons/Buttons Style 10 (Square Light Blue)/ButtonsStyle10_24.png using Guid(7d6c8bb41eaeaca43bd678398581621b) Importer(815301076,1909f56bfc062723c751e8b465ee728b) [PhysX] Initialized MultithreadedTaskDispatcher with 4 workers.
[PhysX] Initialized MultithreadedTaskDispatcher with 4 workers.
 -> (artifact id: 'abb5e47967a91aadf7e8144208576ad6') in 0.096857 seconds
Number of updated asset objects reloaded before import = 0
Number of asset objects unloaded after import = 3
========================================================================
Received Import Request.
  Time since last request: 0.000478 seconds.
  path: Assets/AssetsFormStore/Simple Buttons/Buttons Style 9 (Rounded Light Blue)/ButtonsStyle9_12.png
  artifactKey: Guid(6b7a92d0b4933c44ba67708f7e4cdf16) Importer(815301076,1909f56bfc062723c751e8b465ee728b)
Start importing Assets/AssetsFormStore/Simple Buttons/Buttons Style 9 (Rounded Light Blue)/ButtonsStyle9_12.png using Guid(6b7a92d0b4933c44ba67708f7e4cdf16) Importer(815301076,1909f56bfc062723c751e8b465ee728b) [PhysX] Initialized MultithreadedTaskDispatcher with 4 workers.
[PhysX] Initialized MultithreadedTaskDispatcher with 4 workers.
 -> (artifact id: 'a8fa5b49e2832315fddb91e60202e9ed') in 0.338743 seconds
Number of updated asset objects reloaded before import = 0
Number of asset objects unloaded after import = 3
========================================================================
Received Import Request.
  Time since last request: 0.000780 seconds.
  path: Assets/AssetsFormStore/Simple Buttons/Buttons Style 11 (Rounded Blue)/ButtonsStyle11_22.png
  artifactKey: Guid(a3160d57d3e47b946922da45f40df875) Importer(815301076,1909f56bfc062723c751e8b465ee728b)
Start importing Assets/AssetsFormStore/Simple Buttons/Buttons Style 11 (Rounded Blue)/ButtonsStyle11_22.png using Guid(a3160d57d3e47b946922da45f40df875) Importer(815301076,1909f56bfc062723c751e8b465ee728b) [PhysX] Initialized MultithreadedTaskDispatcher with 4 workers.
[PhysX] Initialized MultithreadedTaskDispatcher with 4 workers.
 -> (artifact id: '0bb5087ff52c7cf4d4dfbe73c083477e') in 0.056839 seconds
Number of updated asset objects reloaded before import = 0
Number of asset objects unloaded after import = 3
========================================================================
Received Import Request.
  Time since last request: 0.000108 seconds.
  path: Assets/AssetsFormStore/Simple Buttons/Buttons Style 10 (Square Light Blue)/ButtonsStyle10_25.png
  artifactKey: Guid(de180e99ecfcea345bfa2dd8949dbd92) Importer(815301076,1909f56bfc062723c751e8b465ee728b)
Start importing Assets/AssetsFormStore/Simple Buttons/Buttons Style 10 (Square Light Blue)/ButtonsStyle10_25.png using Guid(de180e99ecfcea345bfa2dd8949dbd92) Importer(815301076,1909f56bfc062723c751e8b465ee728b) [PhysX] Initialized MultithreadedTaskDispatcher with 4 workers.
[PhysX] Initialized MultithreadedTaskDispatcher with 4 workers.
 -> (artifact id: 'b6a580101e3614b2e87986ec4e3f61f2') in 0.059719 seconds
Number of updated asset objects reloaded before import = 0
Number of asset objects unloaded after import = 3
========================================================================
Received Import Request.
  Time since last request: 0.001009 seconds.
  path: Assets/AssetsFormStore/Simple Buttons/Buttons Style 9 (Rounded Light Blue)/ButtonsStyle9_06.png
  artifactKey: Guid(7ed75b93f771f5e479a9e93b2d46f690) Importer(815301076,1909f56bfc062723c751e8b465ee728b)
Start importing Assets/AssetsFormStore/Simple Buttons/Buttons Style 9 (Rounded Light Blue)/ButtonsStyle9_06.png using Guid(7ed75b93f771f5e479a9e93b2d46f690) Importer(815301076,1909f56bfc062723c751e8b465ee728b) [PhysX] Initialized MultithreadedTaskDispatcher with 4 workers.
[PhysX] Initialized MultithreadedTaskDispatcher with 4 workers.
 -> (artifact id: 'a53de7fda2c101eda56900bd37879de2') in 0.069530 seconds
Number of updated asset objects reloaded before import = 0
Number of asset objects unloaded after import = 3
========================================================================
Received Import Request.
  Time since last request: 0.000095 seconds.
  path: Assets/AssetsFormStore/Simple Buttons/Buttons Style 8 (Square Turquoise)/ButtonsStyle8_23.png
  artifactKey: Guid(6d70711ad9b32224b9024950e586e923) Importer(815301076,1909f56bfc062723c751e8b465ee728b)
Start importing Assets/AssetsFormStore/Simple Buttons/Buttons Style 8 (Square Turquoise)/ButtonsStyle8_23.png using Guid(6d70711ad9b32224b9024950e586e923) Importer(815301076,1909f56bfc062723c751e8b465ee728b) [PhysX] Initialized MultithreadedTaskDispatcher with 4 workers.
[PhysX] Initialized MultithreadedTaskDispatcher with 4 workers.
 -> (artifact id: '16890732b60add62720ebfbad5c2f7c7') in 0.057411 seconds
Number of updated asset objects reloaded before import = 0
Number of asset objects unloaded after import = 3
========================================================================
Received Import Request.
  Time since last request: 0.000523 seconds.
  path: Assets/AssetsFormStore/Simple Buttons/Buttons Style 10 (Square Light Blue)/ButtonsStyle10_04.png
  artifactKey: Guid(8384d13f6d4b91b47af59eb7276c3dd6) Importer(815301076,1909f56bfc062723c751e8b465ee728b)
Start importing Assets/AssetsFormStore/Simple Buttons/Buttons Style 10 (Square Light Blue)/ButtonsStyle10_04.png using Guid(8384d13f6d4b91b47af59eb7276c3dd6) Importer(815301076,1909f56bfc062723c751e8b465ee728b) [PhysX] Initialized MultithreadedTaskDispatcher with 4 workers.
[PhysX] Initialized MultithreadedTaskDispatcher with 4 workers.
 -> (artifact id: 'ece8201a4ca440b4740f5475c35bd98a') in 0.226465 seconds
Number of updated asset objects reloaded before import = 0
Number of asset objects unloaded after import = 3
========================================================================
Received Import Request.
  Time since last request: 0.000482 seconds.
  path: Assets/AssetsFormStore/Simple Buttons/Buttons Style 8 (Square Turquoise)/ButtonsStyle8_06.png
  artifactKey: Guid(a3de95ce8fb978e44846e008968eba94) Importer(815301076,1909f56bfc062723c751e8b465ee728b)
Start importing Assets/AssetsFormStore/Simple Buttons/Buttons Style 8 (Square Turquoise)/ButtonsStyle8_06.png using Guid(a3de95ce8fb978e44846e008968eba94) Importer(815301076,1909f56bfc062723c751e8b465ee728b) [PhysX] Initialized MultithreadedTaskDispatcher with 4 workers.
[PhysX] Initialized MultithreadedTaskDispatcher with 4 workers.
 -> (artifact id: 'c29360f2cbb3e3e426bbad2a952d75af') in 0.094807 seconds
Number of updated asset objects reloaded before import = 0
Number of asset objects unloaded after import = 3
========================================================================
Received Import Request.
  Time since last request: 0.009141 seconds.
  path: Assets/AssetsFormStore/Simple Buttons/Buttons Style 9 (Rounded Light Blue)/ButtonsStyle9_25.png
  artifactKey: Guid(2f37acc939baede439c764f6be8b566b) Importer(815301076,1909f56bfc062723c751e8b465ee728b)
Start importing Assets/AssetsFormStore/Simple Buttons/Buttons Style 9 (Rounded Light Blue)/ButtonsStyle9_25.png using Guid(2f37acc939baede439c764f6be8b566b) Importer(815301076,1909f56bfc062723c751e8b465ee728b) [PhysX] Initialized MultithreadedTaskDispatcher with 4 workers.
[PhysX] Initialized MultithreadedTaskDispatcher with 4 workers.
 -> (artifact id: '9556136b3c3204e1ef0b61869850976e') in 0.118999 seconds
Number of updated asset objects reloaded before import = 0
Number of asset objects unloaded after import = 3
========================================================================
Received Import Request.
  Time since last request: 0.000995 seconds.
  path: Assets/AssetsFormStore/Simple Buttons/Buttons Style 11 (Rounded Blue)/ButtonsStyle11_15.png
  artifactKey: Guid(25033b16240a0ab42ba02829232e7c54) Importer(815301076,1909f56bfc062723c751e8b465ee728b)
Start importing Assets/AssetsFormStore/Simple Buttons/Buttons Style 11 (Rounded Blue)/ButtonsStyle11_15.png using Guid(25033b16240a0ab42ba02829232e7c54) Importer(815301076,1909f56bfc062723c751e8b465ee728b) [PhysX] Initialized MultithreadedTaskDispatcher with 4 workers.
[PhysX] Initialized MultithreadedTaskDispatcher with 4 workers.
 -> (artifact id: 'aa107afe1cf1e1398aa3db6e70189807') in 0.169217 seconds
Number of updated asset objects reloaded before import = 0
Number of asset objects unloaded after import = 3
========================================================================
Received Import Request.
  Time since last request: 0.000034 seconds.
  path: Assets/AssetsFormStore/Simple Buttons/Buttons Style 10 (Square Light Blue)/ButtonsStyle10_09.png
  artifactKey: Guid(1ff45295039ec2147a4d1738671d206a) Importer(815301076,1909f56bfc062723c751e8b465ee728b)
Start importing Assets/AssetsFormStore/Simple Buttons/Buttons Style 10 (Square Light Blue)/ButtonsStyle10_09.png using Guid(1ff45295039ec2147a4d1738671d206a) Importer(815301076,1909f56bfc062723c751e8b465ee728b) [PhysX] Initialized MultithreadedTaskDispatcher with 4 workers.
[PhysX] Initialized MultithreadedTaskDispatcher with 4 workers.
 -> (artifact id: '35efacedc9e4ad9502ff2863e8836ed1') in 0.164084 seconds
Number of updated asset objects reloaded before import = 0
Number of asset objects unloaded after import = 3
========================================================================
Received Import Request.
  Time since last request: 0.000685 seconds.
  path: Assets/AssetsFormStore/Simple Buttons/Buttons Style 12 (Square Blue)/ButtonsStyle12_12.png
  artifactKey: Guid(40bae0e0e11b04c44be80f0ac467d25e) Importer(815301076,1909f56bfc062723c751e8b465ee728b)
Start importing Assets/AssetsFormStore/Simple Buttons/Buttons Style 12 (Square Blue)/ButtonsStyle12_12.png using Guid(40bae0e0e11b04c44be80f0ac467d25e) Importer(815301076,1909f56bfc062723c751e8b465ee728b) [PhysX] Initialized MultithreadedTaskDispatcher with 4 workers.
[PhysX] Initialized MultithreadedTaskDispatcher with 4 workers.
 -> (artifact id: '28d75abf827a772ad8ead4dc57a31513') in 0.072118 seconds
Number of updated asset objects reloaded before import = 0
Number of asset objects unloaded after import = 3
========================================================================
Received Import Request.
  Time since last request: 0.000877 seconds.
  path: Assets/AssetsFormStore/Simple Buttons/Buttons Style 12 (Square Blue)/ButtonsStyle12_09.png
  artifactKey: Guid(f85ad493e19e3f142a1b535f9ae5f920) Importer(815301076,1909f56bfc062723c751e8b465ee728b)
Start importing Assets/AssetsFormStore/Simple Buttons/Buttons Style 12 (Square Blue)/ButtonsStyle12_09.png using Guid(f85ad493e19e3f142a1b535f9ae5f920) Importer(815301076,1909f56bfc062723c751e8b465ee728b) [PhysX] Initialized MultithreadedTaskDispatcher with 4 workers.
[PhysX] Initialized MultithreadedTaskDispatcher with 4 workers.
 -> (artifact id: 'e959ad441d8a830bae1395ba34e4e662') in 0.025469 seconds
Number of updated asset objects reloaded before import = 0
Number of asset objects unloaded after import = 3
========================================================================
Received Import Request.
  Time since last request: 0.000038 seconds.
  path: Assets/AssetsFormStore/Simple Buttons/Buttons Style 13 (Rounded Gray)/ButtonsStyle13_06.png
  artifactKey: Guid(cbdc17ef3e1fe3a40b6bf83f17006e93) Importer(815301076,1909f56bfc062723c751e8b465ee728b)
Start importing Assets/AssetsFormStore/Simple Buttons/Buttons Style 13 (Rounded Gray)/ButtonsStyle13_06.png using Guid(cbdc17ef3e1fe3a40b6bf83f17006e93) Importer(815301076,1909f56bfc062723c751e8b465ee728b) [PhysX] Initialized MultithreadedTaskDispatcher with 4 workers.
[PhysX] Initialized MultithreadedTaskDispatcher with 4 workers.
 -> (artifact id: 'd3d058523f2c327ed48474f6b73958eb') in 0.141367 seconds
Number of updated asset objects reloaded before import = 0
Number of asset objects unloaded after import = 3
========================================================================
Received Import Request.
  Time since last request: 0.001722 seconds.
  path: Assets/AssetsFormStore/Simple Buttons/Buttons Style 11 (Rounded Blue)/ButtonsStyle11_23.png
  artifactKey: Guid(525d9a94defe8124482ceec587315a66) Importer(815301076,1909f56bfc062723c751e8b465ee728b)
Start importing Assets/AssetsFormStore/Simple Buttons/Buttons Style 11 (Rounded Blue)/ButtonsStyle11_23.png using Guid(525d9a94defe8124482ceec587315a66) Importer(815301076,1909f56bfc062723c751e8b465ee728b) [PhysX] Initialized MultithreadedTaskDispatcher with 4 workers.
[PhysX] Initialized MultithreadedTaskDispatcher with 4 workers.
 -> (artifact id: '32e0eefeff1e4df7f66b844d17820d1e') in 0.039488 seconds
Number of updated asset objects reloaded before import = 0
Number of asset objects unloaded after import = 3
========================================================================
Received Import Request.
  Time since last request: 0.000037 seconds.
  path: Assets/AssetsFormStore/Simple Buttons/Buttons Style 12 (Square Blue)/ButtonsStyle12_18.png
  artifactKey: Guid(632541a47cedad94a922fbb0b602694d) Importer(815301076,1909f56bfc062723c751e8b465ee728b)
Start importing Assets/AssetsFormStore/Simple Buttons/Buttons Style 12 (Square Blue)/ButtonsStyle12_18.png using Guid(632541a47cedad94a922fbb0b602694d) Importer(815301076,1909f56bfc062723c751e8b465ee728b) [PhysX] Initialized MultithreadedTaskDispatcher with 4 workers.
[PhysX] Initialized MultithreadedTaskDispatcher with 4 workers.
 -> (artifact id: '84b9ddf6cd01f28614c76e83d121d58f') in 0.057012 seconds
Number of updated asset objects reloaded before import = 0
Number of asset objects unloaded after import = 3
========================================================================
Received Import Request.
  Time since last request: 0.000036 seconds.
  path: Assets/AssetsFormStore/Simple Buttons/Buttons Style 9 (Rounded Light Blue)/ButtonsStyle9_20.png
  artifactKey: Guid(9f978a890cb9c7c4faf887644d93b55f) Importer(815301076,1909f56bfc062723c751e8b465ee728b)
Start importing Assets/AssetsFormStore/Simple Buttons/Buttons Style 9 (Rounded Light Blue)/ButtonsStyle9_20.png using Guid(9f978a890cb9c7c4faf887644d93b55f) Importer(815301076,1909f56bfc062723c751e8b465ee728b) [PhysX] Initialized MultithreadedTaskDispatcher with 4 workers.
[PhysX] Initialized MultithreadedTaskDispatcher with 4 workers.
 -> (artifact id: '6984fc39ddf2cb3a6febca43e33251a9') in 0.108077 seconds
Number of updated asset objects reloaded before import = 0
Number of asset objects unloaded after import = 3
========================================================================
Received Import Request.
  Time since last request: 0.000032 seconds.
  path: Assets/AssetsFormStore/Simple Buttons/Buttons Style 11 (Rounded Blue)/ButtonsStyle11_21.png
  artifactKey: Guid(71777213152161d4bb6662b63ebb3fb7) Importer(815301076,1909f56bfc062723c751e8b465ee728b)
Start importing Assets/AssetsFormStore/Simple Buttons/Buttons Style 11 (Rounded Blue)/ButtonsStyle11_21.png using Guid(71777213152161d4bb6662b63ebb3fb7) Importer(815301076,1909f56bfc062723c751e8b465ee728b) [PhysX] Initialized MultithreadedTaskDispatcher with 4 workers.
[PhysX] Initialized MultithreadedTaskDispatcher with 4 workers.
 -> (artifact id: '6c20826c557e9db030744f7d29fb4690') in 0.048706 seconds
Number of updated asset objects reloaded before import = 0
Number of asset objects unloaded after import = 3
========================================================================
Received Import Request.
  Time since last request: 0.000041 seconds.
  path: Assets/AssetsFormStore/Simple Buttons/Buttons Style 12 (Square Blue)/ButtonsStyle12_19.png
  artifactKey: Guid(89f8514532a1a2241bf4351250e1a1f1) Importer(815301076,1909f56bfc062723c751e8b465ee728b)
Start importing Assets/AssetsFormStore/Simple Buttons/Buttons Style 12 (Square Blue)/ButtonsStyle12_19.png using Guid(89f8514532a1a2241bf4351250e1a1f1) Importer(815301076,1909f56bfc062723c751e8b465ee728b) [PhysX] Initialized MultithreadedTaskDispatcher with 4 workers.
[PhysX] Initialized MultithreadedTaskDispatcher with 4 workers.
 -> (artifact id: '100d804d6d56b11b63e059285ddf45d4') in 0.094929 seconds
Number of updated asset objects reloaded before import = 0
Number of asset objects unloaded after import = 3
========================================================================
Received Import Request.
  Time since last request: 0.000027 seconds.
  path: Assets/AssetsFormStore/Simple Buttons/Buttons Style 11 (Rounded Blue)/ButtonsStyle11_17.png
  artifactKey: Guid(1dd7d1379ce229243a0a93c841c40664) Importer(815301076,1909f56bfc062723c751e8b465ee728b)
Start importing Assets/AssetsFormStore/Simple Buttons/Buttons Style 11 (Rounded Blue)/ButtonsStyle11_17.png using Guid(1dd7d1379ce229243a0a93c841c40664) Importer(815301076,1909f56bfc062723c751e8b465ee728b) [PhysX] Initialized MultithreadedTaskDispatcher with 4 workers.
[PhysX] Initialized MultithreadedTaskDispatcher with 4 workers.
 -> (artifact id: '6143b76f3c82130582ed8d0c9855dafc') in 0.139917 seconds
Number of updated asset objects reloaded before import = 0
Number of asset objects unloaded after import = 3
========================================================================
Received Import Request.
  Time since last request: 0.000293 seconds.
  path: Assets/AssetsFormStore/Simple Buttons/Buttons Style 12 (Square Blue)/ButtonsStyle12_10.png
  artifactKey: Guid(c2c794b1feef55e4896dbdbdc6d7372f) Importer(815301076,1909f56bfc062723c751e8b465ee728b)
Start importing Assets/AssetsFormStore/Simple Buttons/Buttons Style 12 (Square Blue)/ButtonsStyle12_10.png using Guid(c2c794b1feef55e4896dbdbdc6d7372f) Importer(815301076,1909f56bfc062723c751e8b465ee728b) [PhysX] Initialized MultithreadedTaskDispatcher with 4 workers.
[PhysX] Initialized MultithreadedTaskDispatcher with 4 workers.
 -> (artifact id: '1c10f77d986cfb141a32bace8d14789d') in 0.050923 seconds
Number of updated asset objects reloaded before import = 0
Number of asset objects unloaded after import = 3
========================================================================
Received Import Request.
  Time since last request: 0.000035 seconds.
  path: Assets/AssetsFormStore/Simple Buttons/Buttons Style 11 (Rounded Blue)/ButtonsStyle11_24.png
  artifactKey: Guid(1214213466c2cb643a2f485d36d9194d) Importer(815301076,1909f56bfc062723c751e8b465ee728b)
Start importing Assets/AssetsFormStore/Simple Buttons/Buttons Style 11 (Rounded Blue)/ButtonsStyle11_24.png using Guid(1214213466c2cb643a2f485d36d9194d) Importer(815301076,1909f56bfc062723c751e8b465ee728b) [PhysX] Initialized MultithreadedTaskDispatcher with 4 workers.
[PhysX] Initialized MultithreadedTaskDispatcher with 4 workers.
 -> (artifact id: 'fcc286ef00fa410612e3bb78ff203819') in 0.114513 seconds
Number of updated asset objects reloaded before import = 0
Number of asset objects unloaded after import = 3
========================================================================
Received Import Request.
  Time since last request: 0.000685 seconds.
  path: Assets/AssetsFormStore/Simple Buttons/Buttons Style 6 (Square Green)/ButtonsStyle6_17.png
  artifactKey: Guid(8a17e9ca2d21eab4b80c8c346f858b45) Importer(815301076,1909f56bfc062723c751e8b465ee728b)
Start importing Assets/AssetsFormStore/Simple Buttons/Buttons Style 6 (Square Green)/ButtonsStyle6_17.png using Guid(8a17e9ca2d21eab4b80c8c346f858b45) Importer(815301076,1909f56bfc062723c751e8b465ee728b) [PhysX] Initialized MultithreadedTaskDispatcher with 4 workers.
[PhysX] Initialized MultithreadedTaskDispatcher with 4 workers.
 -> (artifact id: '92e7f0d89a833d5b8d9af190a6c7868d') in 0.041710 seconds
Number of updated asset objects reloaded before import = 0
Number of asset objects unloaded after import = 3
========================================================================
Received Import Request.
  Time since last request: 0.000049 seconds.
  path: Assets/AssetsFormStore/Simple Buttons/Buttons Style 9 (Rounded Light Blue)/ButtonsStyle9_13.png
  artifactKey: Guid(7ec51b7a77640bb4995c0ef7ca419060) Importer(815301076,1909f56bfc062723c751e8b465ee728b)
Start importing Assets/AssetsFormStore/Simple Buttons/Buttons Style 9 (Rounded Light Blue)/ButtonsStyle9_13.png using Guid(7ec51b7a77640bb4995c0ef7ca419060) Importer(815301076,1909f56bfc062723c751e8b465ee728b) [PhysX] Initialized MultithreadedTaskDispatcher with 4 workers.
[PhysX] Initialized MultithreadedTaskDispatcher with 4 workers.
 -> (artifact id: 'bae363e430be9f8421710d67caa74f92') in 0.066757 seconds
Number of updated asset objects reloaded before import = 0
Number of asset objects unloaded after import = 3
========================================================================
Received Import Request.
  Time since last request: 0.000657 seconds.
  path: Assets/AssetsFormStore/Simple Buttons/Buttons Style 9 (Rounded Light Blue)/ButtonsStyle9_23.png
  artifactKey: Guid(12f7edef46041604ea365cb5cc5586f0) Importer(815301076,1909f56bfc062723c751e8b465ee728b)
Start importing Assets/AssetsFormStore/Simple Buttons/Buttons Style 9 (Rounded Light Blue)/ButtonsStyle9_23.png using Guid(12f7edef46041604ea365cb5cc5586f0) Importer(815301076,1909f56bfc062723c751e8b465ee728b) [PhysX] Initialized MultithreadedTaskDispatcher with 4 workers.
[PhysX] Initialized MultithreadedTaskDispatcher with 4 workers.
 -> (artifact id: '0ed6ae5bde3560474ababa1f5008640e') in 0.053205 seconds
Number of updated asset objects reloaded before import = 0
Number of asset objects unloaded after import = 3
========================================================================
Received Import Request.
  Time since last request: 0.001122 seconds.
  path: Assets/AssetsFormStore/Simple Buttons/Buttons Style 7 (Rounded Turquoise)/ButtonsStyle7_09.png
  artifactKey: Guid(fe83e9061da91c74ca46f4fe7bb7b621) Importer(815301076,1909f56bfc062723c751e8b465ee728b)
Start importing Assets/AssetsFormStore/Simple Buttons/Buttons Style 7 (Rounded Turquoise)/ButtonsStyle7_09.png using Guid(fe83e9061da91c74ca46f4fe7bb7b621) Importer(815301076,1909f56bfc062723c751e8b465ee728b) [PhysX] Initialized MultithreadedTaskDispatcher with 4 workers.
[PhysX] Initialized MultithreadedTaskDispatcher with 4 workers.
 -> (artifact id: 'fe7e62467739b92e2949abfab9458a84') in 0.047115 seconds
Number of updated asset objects reloaded before import = 0
Number of asset objects unloaded after import = 3
========================================================================
Received Import Request.
  Time since last request: 0.000027 seconds.
  path: Assets/AssetsFormStore/Simple Buttons/Buttons Style 6 (Square Green)
  artifactKey: Guid(0f30ed1fa2214d748a2c3bbafb45dd9c) Importer(815301076,1909f56bfc062723c751e8b465ee728b)
Start importing Assets/AssetsFormStore/Simple Buttons/Buttons Style 6 (Square Green) using Guid(0f30ed1fa2214d748a2c3bbafb45dd9c) Importer(815301076,1909f56bfc062723c751e8b465ee728b) [PhysX] Initialized MultithreadedTaskDispatcher with 4 workers.
 -> (artifact id: 'c6799a6b883c34a06256ed5f83431565') in 0.000707 seconds
Number of updated asset objects reloaded before import = 0
Number of asset objects unloaded after import = 0
========================================================================
Received Import Request.
  Time since last request: 0.000030 seconds.
  path: Assets/AssetsFormStore/Simple Buttons/Buttons Style 5 (Rounded Green)/ButtonsStyle5_17.png
  artifactKey: Guid(8d9f9cc14a815484cb4ab6430efe5cd0) Importer(815301076,1909f56bfc062723c751e8b465ee728b)
Start importing Assets/AssetsFormStore/Simple Buttons/Buttons Style 5 (Rounded Green)/ButtonsStyle5_17.png using Guid(8d9f9cc14a815484cb4ab6430efe5cd0) Importer(815301076,1909f56bfc062723c751e8b465ee728b) [PhysX] Initialized MultithreadedTaskDispatcher with 4 workers.
[PhysX] Initialized MultithreadedTaskDispatcher with 4 workers.
 -> (artifact id: '7cef8ba71ea655754b98aa7b1e8bbabf') in 0.037492 seconds
Number of updated asset objects reloaded before import = 0
Number of asset objects unloaded after import = 3
========================================================================
Received Import Request.
  Time since last request: 0.000040 seconds.
  path: Assets/AssetsFormStore/Simple Buttons/Buttons Style 6 (Square Green)/ButtonsStyle6_14.png
  artifactKey: Guid(3ecacd1fc22ebb74b9a1f73cade86191) Importer(815301076,1909f56bfc062723c751e8b465ee728b)
Start importing Assets/AssetsFormStore/Simple Buttons/Buttons Style 6 (Square Green)/ButtonsStyle6_14.png using Guid(3ecacd1fc22ebb74b9a1f73cade86191) Importer(815301076,1909f56bfc062723c751e8b465ee728b) [PhysX] Initialized MultithreadedTaskDispatcher with 4 workers.
[PhysX] Initialized MultithreadedTaskDispatcher with 4 workers.
 -> (artifact id: '5921ec77367787b843b8540413622e00') in 0.051871 seconds
Number of updated asset objects reloaded before import = 0
Number of asset objects unloaded after import = 3
========================================================================
Received Import Request.
  Time since last request: 0.000031 seconds.
  path: Assets/AssetsFormStore/Simple Buttons/Buttons Style 8 (Square Turquoise)/ButtonsStyle8_19.png
  artifactKey: Guid(df3539586539d8344a79733387d6cedd) Importer(815301076,1909f56bfc062723c751e8b465ee728b)
Start importing Assets/AssetsFormStore/Simple Buttons/Buttons Style 8 (Square Turquoise)/ButtonsStyle8_19.png using Guid(df3539586539d8344a79733387d6cedd) Importer(815301076,1909f56bfc062723c751e8b465ee728b) [PhysX] Initialized MultithreadedTaskDispatcher with 4 workers.
[PhysX] Initialized MultithreadedTaskDispatcher with 4 workers.
 -> (artifact id: '7346c22a196579b1b29fc48e4f6c3329') in 0.047862 seconds
Number of updated asset objects reloaded before import = 0
Number of asset objects unloaded after import = 3
========================================================================
Received Import Request.
  Time since last request: 0.000041 seconds.
  path: Assets/AssetsFormStore/Simple Buttons/Buttons Style 6 (Square Green)/ButtonsStyle6_08.png
  artifactKey: Guid(a3333da72424e5f418a0cfa3317a4350) Importer(815301076,1909f56bfc062723c751e8b465ee728b)
Start importing Assets/AssetsFormStore/Simple Buttons/Buttons Style 6 (Square Green)/ButtonsStyle6_08.png using Guid(a3333da72424e5f418a0cfa3317a4350) Importer(815301076,1909f56bfc062723c751e8b465ee728b) [PhysX] Initialized MultithreadedTaskDispatcher with 4 workers.
[PhysX] Initialized MultithreadedTaskDispatcher with 4 workers.
 -> (artifact id: '8c92f9f5d51b2fd7b3d425bce3a01d84') in 0.038000 seconds
Number of updated asset objects reloaded before import = 0
Number of asset objects unloaded after import = 3
========================================================================
Received Import Request.
  Time since last request: 0.000051 seconds.
  path: Assets/AssetsFormStore/Simple Buttons/Buttons Style 13 (Rounded Gray)/ButtonsStyle13_20.png
  artifactKey: Guid(1236a8c5eae55cd4b8aeb63d7c9ead22) Importer(815301076,1909f56bfc062723c751e8b465ee728b)
Start importing Assets/AssetsFormStore/Simple Buttons/Buttons Style 13 (Rounded Gray)/ButtonsStyle13_20.png using Guid(1236a8c5eae55cd4b8aeb63d7c9ead22) Importer(815301076,1909f56bfc062723c751e8b465ee728b) [PhysX] Initialized MultithreadedTaskDispatcher with 4 workers.
[PhysX] Initialized MultithreadedTaskDispatcher with 4 workers.
 -> (artifact id: 'dbbca7c39be5e5d46277853002a95e50') in 0.266020 seconds
Number of updated asset objects reloaded before import = 0
Number of asset objects unloaded after import = 3
========================================================================
Received Import Request.
  Time since last request: 0.006764 seconds.
  path: Assets/AssetsFormStore/Simple Buttons/Buttons Style 7 (Rounded Turquoise)/ButtonsStyle7_20.png
  artifactKey: Guid(840f38f330a88b44f9a09e413eada107) Importer(815301076,1909f56bfc062723c751e8b465ee728b)
Start importing Assets/AssetsFormStore/Simple Buttons/Buttons Style 7 (Rounded Turquoise)/ButtonsStyle7_20.png using Guid(840f38f330a88b44f9a09e413eada107) Importer(815301076,1909f56bfc062723c751e8b465ee728b) [PhysX] Initialized MultithreadedTaskDispatcher with 4 workers.
[PhysX] Initialized MultithreadedTaskDispatcher with 4 workers.
 -> (artifact id: '01e5a55d1647978ffae9aab12826e1d5') in 0.041127 seconds
Number of updated asset objects reloaded before import = 0
Number of asset objects unloaded after import = 3
========================================================================
Received Import Request.
  Time since last request: 0.000038 seconds.
  path: Assets/AssetsFormStore/Simple Buttons/Buttons Style 7 (Rounded Turquoise)/ButtonsStyle7_05.png
  artifactKey: Guid(8f22ee926ddf6004dbfe57824037a1dd) Importer(815301076,1909f56bfc062723c751e8b465ee728b)
Start importing Assets/AssetsFormStore/Simple Buttons/Buttons Style 7 (Rounded Turquoise)/ButtonsStyle7_05.png using Guid(8f22ee926ddf6004dbfe57824037a1dd) Importer(815301076,1909f56bfc062723c751e8b465ee728b) [PhysX] Initialized MultithreadedTaskDispatcher with 4 workers.
[PhysX] Initialized MultithreadedTaskDispatcher with 4 workers.
 -> (artifact id: '9cdbe41ebca44986136e5719f27adbc3') in 0.054692 seconds
Number of updated asset objects reloaded before import = 0
Number of asset objects unloaded after import = 3
========================================================================
Received Import Request.
  Time since last request: 0.000107 seconds.
  path: Assets/AssetsFormStore/Simple Buttons/Buttons Style 12 (Square Blue)/ButtonsStyle12_22.png
  artifactKey: Guid(0c63ab3ff32e15142b880880e40d1c65) Importer(815301076,1909f56bfc062723c751e8b465ee728b)
Start importing Assets/AssetsFormStore/Simple Buttons/Buttons Style 12 (Square Blue)/ButtonsStyle12_22.png using Guid(0c63ab3ff32e15142b880880e40d1c65) Importer(815301076,1909f56bfc062723c751e8b465ee728b) [PhysX] Initialized MultithreadedTaskDispatcher with 4 workers.
[PhysX] Initialized MultithreadedTaskDispatcher with 4 workers.
 -> (artifact id: '781f7aaee98ee8a730ec7ca10fc878dd') in 0.044087 seconds
Number of updated asset objects reloaded before import = 0
Number of asset objects unloaded after import = 3
========================================================================
Received Import Request.
  Time since last request: 0.000037 seconds.
  path: Assets/AssetsFormStore/Simple Buttons/Buttons Style 6 (Square Green)/ButtonsStyle6_25.png
  artifactKey: Guid(8d3d9a3d89e337a4381dd173a984504e) Importer(815301076,1909f56bfc062723c751e8b465ee728b)
Start importing Assets/AssetsFormStore/Simple Buttons/Buttons Style 6 (Square Green)/ButtonsStyle6_25.png using Guid(8d3d9a3d89e337a4381dd173a984504e) Importer(815301076,1909f56bfc062723c751e8b465ee728b) [PhysX] Initialized MultithreadedTaskDispatcher with 4 workers.
[PhysX] Initialized MultithreadedTaskDispatcher with 4 workers.
 -> (artifact id: '4bf5d9502575f382bf34de04049a0c2a') in 0.042160 seconds
Number of updated asset objects reloaded before import = 0
Number of asset objects unloaded after import = 3
========================================================================
Received Import Request.
  Time since last request: 0.000050 seconds.
  path: Assets/AssetsFormStore/Simple Buttons/Buttons Style 6 (Square Green)/ButtonsStyle6_04.png
  artifactKey: Guid(14a973b32c42cf6488076425053f9327) Importer(815301076,1909f56bfc062723c751e8b465ee728b)
Start importing Assets/AssetsFormStore/Simple Buttons/Buttons Style 6 (Square Green)/ButtonsStyle6_04.png using Guid(14a973b32c42cf6488076425053f9327) Importer(815301076,1909f56bfc062723c751e8b465ee728b) [PhysX] Initialized MultithreadedTaskDispatcher with 4 workers.
[PhysX] Initialized MultithreadedTaskDispatcher with 4 workers.
 -> (artifact id: 'd2098de198deff85291a02751c6046e8') in 0.039649 seconds
Number of updated asset objects reloaded before import = 0
Number of asset objects unloaded after import = 3
========================================================================
Received Import Request.
  Time since last request: 0.000028 seconds.
  path: Assets/AssetsFormStore/Simple Buttons/Buttons Style 11 (Rounded Blue)/ButtonsStyle11_14.png
  artifactKey: Guid(6806dfe13b2772248a214d564c4ffec2) Importer(815301076,1909f56bfc062723c751e8b465ee728b)
Start importing Assets/AssetsFormStore/Simple Buttons/Buttons Style 11 (Rounded Blue)/ButtonsStyle11_14.png using Guid(6806dfe13b2772248a214d564c4ffec2) Importer(815301076,1909f56bfc062723c751e8b465ee728b) [PhysX] Initialized MultithreadedTaskDispatcher with 4 workers.
[PhysX] Initialized MultithreadedTaskDispatcher with 4 workers.
 -> (artifact id: '6706f2fe75568eb7aae25116107dcea4') in 0.049974 seconds
Number of updated asset objects reloaded before import = 0
Number of asset objects unloaded after import = 3
========================================================================
Received Import Request.
  Time since last request: 0.000080 seconds.
  path: Assets/AssetsFormStore/Simple Buttons/Buttons Style 5 (Rounded Green)/ButtonsStyle5_09.png
  artifactKey: Guid(f00d09dfdf912aa4eb8a1a1b4ce6feef) Importer(815301076,1909f56bfc062723c751e8b465ee728b)
Start importing Assets/AssetsFormStore/Simple Buttons/Buttons Style 5 (Rounded Green)/ButtonsStyle5_09.png using Guid(f00d09dfdf912aa4eb8a1a1b4ce6feef) Importer(815301076,1909f56bfc062723c751e8b465ee728b) [PhysX] Initialized MultithreadedTaskDispatcher with 4 workers.
[PhysX] Initialized MultithreadedTaskDispatcher with 4 workers.
 -> (artifact id: 'af178f4909676652fe85d0d39644a910') in 0.051238 seconds
Number of updated asset objects reloaded before import = 0
Number of asset objects unloaded after import = 3
========================================================================
Received Import Request.
  Time since last request: 0.000420 seconds.
  path: Assets/AssetsFormStore/Simple Buttons/Buttons Style 13 (Rounded Gray)/ButtonsStyle13_05.png
  artifactKey: Guid(e0c950c002fffa14fa7276e27510ea97) Importer(815301076,1909f56bfc062723c751e8b465ee728b)
Start importing Assets/AssetsFormStore/Simple Buttons/Buttons Style 13 (Rounded Gray)/ButtonsStyle13_05.png using Guid(e0c950c002fffa14fa7276e27510ea97) Importer(815301076,1909f56bfc062723c751e8b465ee728b) [PhysX] Initialized MultithreadedTaskDispatcher with 4 workers.
[PhysX] Initialized MultithreadedTaskDispatcher with 4 workers.
 -> (artifact id: '9b77a9fdcebdb66f07806fcbaaea2c3f') in 0.038820 seconds
Number of updated asset objects reloaded before import = 0
Number of asset objects unloaded after import = 3
========================================================================
Received Import Request.
  Time since last request: 0.000034 seconds.
  path: Assets/AssetsFormStore/Simple Buttons/Buttons Style 6 (Square Green)/ButtonsStyle6_03.png
  artifactKey: Guid(d0717bde1bcc4024aacc57aa265b1a24) Importer(815301076,1909f56bfc062723c751e8b465ee728b)
Start importing Assets/AssetsFormStore/Simple Buttons/Buttons Style 6 (Square Green)/ButtonsStyle6_03.png using Guid(d0717bde1bcc4024aacc57aa265b1a24) Importer(815301076,1909f56bfc062723c751e8b465ee728b) [PhysX] Initialized MultithreadedTaskDispatcher with 4 workers.
[PhysX] Initialized MultithreadedTaskDispatcher with 4 workers.
 -> (artifact id: 'ba9e5bc695068c735edfac863a1cb66a') in 0.047336 seconds
Number of updated asset objects reloaded before import = 0
Number of asset objects unloaded after import = 3
========================================================================
Received Import Request.
  Time since last request: 0.000028 seconds.
  path: Assets/AssetsFormStore/Simple Buttons/Buttons Style 12 (Square Blue)/ButtonsStyle12_11.png
  artifactKey: Guid(44bd0065df0d39044b49733aba4d8891) Importer(815301076,1909f56bfc062723c751e8b465ee728b)
Start importing Assets/AssetsFormStore/Simple Buttons/Buttons Style 12 (Square Blue)/ButtonsStyle12_11.png using Guid(44bd0065df0d39044b49733aba4d8891) Importer(815301076,1909f56bfc062723c751e8b465ee728b) [PhysX] Initialized MultithreadedTaskDispatcher with 4 workers.
[PhysX] Initialized MultithreadedTaskDispatcher with 4 workers.
 -> (artifact id: 'b9606b5a983898e136ad6799a18327ec') in 0.027336 seconds
Number of updated asset objects reloaded before import = 0
Number of asset objects unloaded after import = 3
========================================================================
Received Import Request.
  Time since last request: 0.000090 seconds.
  path: Assets/AssetsFormStore/Simple Buttons/Buttons Style 7 (Rounded Turquoise)/ButtonsStyle7_16.png
  artifactKey: Guid(fdb74cba9d1aae84580693d4baa6fbff) Importer(815301076,1909f56bfc062723c751e8b465ee728b)
Start importing Assets/AssetsFormStore/Simple Buttons/Buttons Style 7 (Rounded Turquoise)/ButtonsStyle7_16.png using Guid(fdb74cba9d1aae84580693d4baa6fbff) Importer(815301076,1909f56bfc062723c751e8b465ee728b) [PhysX] Initialized MultithreadedTaskDispatcher with 4 workers.
[PhysX] Initialized MultithreadedTaskDispatcher with 4 workers.
 -> (artifact id: '3b1046f40c33f46987312ec909701088') in 0.034312 seconds
Number of updated asset objects reloaded before import = 0
Number of asset objects unloaded after import = 3
========================================================================
Received Import Request.
  Time since last request: 0.000049 seconds.
  path: Assets/AssetsFormStore/Simple Buttons/Buttons Style 5 (Rounded Green)/ButtonsStyle5_05.png
  artifactKey: Guid(a6501bd3060837643997495eff8e5280) Importer(815301076,1909f56bfc062723c751e8b465ee728b)
Start importing Assets/AssetsFormStore/Simple Buttons/Buttons Style 5 (Rounded Green)/ButtonsStyle5_05.png using Guid(a6501bd3060837643997495eff8e5280) Importer(815301076,1909f56bfc062723c751e8b465ee728b) [PhysX] Initialized MultithreadedTaskDispatcher with 4 workers.
[PhysX] Initialized MultithreadedTaskDispatcher with 4 workers.
 -> (artifact id: 'b96b78355931549a5f5510d98587f65c') in 0.042421 seconds
Number of updated asset objects reloaded before import = 0
Number of asset objects unloaded after import = 3
========================================================================
Received Import Request.
  Time since last request: 0.000185 seconds.
  path: Assets/AssetsFormStore/Simple Buttons/Buttons Style 12 (Square Blue)/ButtonsStyle12_21.png
  artifactKey: Guid(85587b919015a454a874d7e5b93efe18) Importer(815301076,1909f56bfc062723c751e8b465ee728b)
Start importing Assets/AssetsFormStore/Simple Buttons/Buttons Style 12 (Square Blue)/ButtonsStyle12_21.png using Guid(85587b919015a454a874d7e5b93efe18) Importer(815301076,1909f56bfc062723c751e8b465ee728b) [PhysX] Initialized MultithreadedTaskDispatcher with 4 workers.
[PhysX] Initialized MultithreadedTaskDispatcher with 4 workers.
 -> (artifact id: '99bde761068a1bdb8c11109e7d50ca2c') in 0.080579 seconds
Number of updated asset objects reloaded before import = 0
Number of asset objects unloaded after import = 3
========================================================================
Received Prepare
Caller must complete domain reload
Begin MonoManager ReloadAssembly
- Loaded All Assemblies, in 13.935 seconds
Native extension for WindowsStandalone target not found
Native extension for WebGL target not found
[Package Manager] Server::EnsureServerProcessIsRunning -- launch failed, reason: Unity was launched with the -noUpm command-line argument
[Package Manager] UpmClient::Send -- Unable to send message (not connected to UPM process).
[Package Manager] Cannot connect to Unity Package Manager local server
Mono: successfully reloaded assembly
- Finished resetting the current domain, in 11.733 seconds
Domain Reload Profiling: 25773ms
	BeginReloadAssembly (3965ms)
		ExecutionOrderSort (0ms)
		DisableScriptedObjects (64ms)
		BackupInstance (0ms)
		ReleaseScriptingObjects (2ms)
		CreateAndSetChildDomain (1938ms)
	RebuildCommonClasses (313ms)
	RebuildNativeTypeToScriptingClass (222ms)
	initialDomainReloadingComplete (271ms)
	LoadAllAssembliesAndSetupDomain (9269ms)
		LoadAssemblies (10220ms)
		RebuildTransferFunctionScriptingTraits (0ms)
		AnalyzeDomain (521ms)
			TypeCache.Refresh (218ms)
				TypeCache.ScanAssembly (0ms)
			ScanForSourceGeneratedMonoScriptInfo (2ms)
			ResolveRequiredComponents (298ms)
	FinalizeReload (11734ms)
		ReleaseScriptCaches (0ms)
		RebuildScriptCaches (0ms)
		SetupLoadedEditorAssemblies (1819ms)
			LogAssemblyErrors (0ms)
			InitializePlatformSupportModulesInManaged (16ms)
			SetLoadedEditorAssemblies (14ms)
			RefreshPlugins (0ms)
			BeforeProcessingInitializeOnLoad (234ms)
			ProcessInitializeOnLoadAttributes (1295ms)
			ProcessInitializeOnLoadMethodAttributes (245ms)
			AfterProcessingInitializeOnLoad (12ms)
			EditorAssembliesLoaded (2ms)
		ExecutionOrderSort2 (0ms)
		AwakeInstancesAfterBackupRestoration (38ms)
Shader Hidden/ProbeVolume/VoxelizeScene is not supported: GPU does not support conservative rasterization
Refreshing native plugins compatible for Editor in 159.21 ms, found 3 plugins.
Preloading 0 native plugins for Editor in 0.00 ms.
Unloading 5115 Unused Serialized files (Serialized files now loaded: 0)
Unloading 34 unused Assets / (2.3 MB). Loaded Objects now: 5822.
Memory consumption went from 194.2 MB to 191.9 MB.
Total: 14.104800 ms (FindLiveObjects: 1.089800 ms CreateObjectMapping: 0.644300 ms MarkObjects: 11.018800 ms  DeleteObjects: 1.346200 ms)

Prepare: number of updated asset objects reloaded= 0
AssetImportParameters requested are different than current active one (requested -> active):
  custom:container-demuxer-ogg: 62fdf1f143b41e24485cea50d1cbac27 -> 
  custom:video-decoder-ogg-theora: a1e56fd34408186e4bbccfd4996cb3dc -> 
  custom:framework-win-MediaFoundation: 216162199b28c13a410421893ffa2e32 -> 
  custom:CustomObjectIndexerAttribute: 3ead1caaecf1c488f20bcfeb224b6af5 -> 
  custom:container-demuxer-webm: 4f35f7cbe854078d1ac9338744f61a02 -> 
  custom:container-muxer-webm: aa71ff27fc2769a1b78a27578f13a17b -> 
  custom:video-decoder-webm-vp8: 9c59270c3fd7afecdb556c50c9e8de78 -> 
  custom:SearchIndexIgnoredProperties: e643bd26f0fe6173181afceb89e7c659 -> 
  custom:AudioImporter_EditorPlatform: d09bf68614088b80899f8185d706f6e7 -> 
  custom:video-encoder-webm-vp8: eb34c28f22e8b96e1ab97ce403110664 -> 
  custom:audio-decoder-ogg-vorbis: bf7c407c2cedff20999df2af8eb42d56 -> 
  custom:audio-encoder-webm-vorbis: bf7c407c2cedff20999df2af8eb42d56 -> 
========================================================================
Received Prepare
Caller must complete domain reload
Begin MonoManager ReloadAssembly
- Loaded All Assemblies, in  1.279 seconds
Native extension for WindowsStandalone target not found
Native extension for WebGL target not found
[Package Manager] Server::EnsureServerProcessIsRunning -- launch failed, reason: Unity was launched with the -noUpm command-line argument
[Package Manager] UpmClient::Send -- Unable to send message (not connected to UPM process).
[Package Manager] Cannot connect to Unity Package Manager local server
Mono: successfully reloaded assembly
- Finished resetting the current domain, in  6.498 seconds
Domain Reload Profiling: 7777ms
	BeginReloadAssembly (431ms)
		ExecutionOrderSort (0ms)
		DisableScriptedObjects (9ms)
		BackupInstance (0ms)
		ReleaseScriptingObjects (0ms)
		CreateAndSetChildDomain (68ms)
	RebuildCommonClasses (74ms)
	RebuildNativeTypeToScriptingClass (24ms)
	initialDomainReloadingComplete (57ms)
	LoadAllAssembliesAndSetupDomain (690ms)
		LoadAssemblies (961ms)
		RebuildTransferFunctionScriptingTraits (0ms)
		AnalyzeDomain (40ms)
			TypeCache.Refresh (12ms)
				TypeCache.ScanAssembly (0ms)
			ScanForSourceGeneratedMonoScriptInfo (1ms)
			ResolveRequiredComponents (26ms)
	FinalizeReload (6500ms)
		ReleaseScriptCaches (0ms)
		RebuildScriptCaches (0ms)
		SetupLoadedEditorAssemblies (3183ms)
			LogAssemblyErrors (0ms)
			InitializePlatformSupportModulesInManaged (69ms)
			SetLoadedEditorAssemblies (39ms)
			RefreshPlugins (0ms)
			BeforeProcessingInitializeOnLoad (535ms)
			ProcessInitializeOnLoadAttributes (2119ms)
			ProcessInitializeOnLoadMethodAttributes (383ms)
			AfterProcessingInitializeOnLoad (37ms)
			EditorAssembliesLoaded (0ms)
		ExecutionOrderSort2 (0ms)
		AwakeInstancesAfterBackupRestoration (149ms)
Shader Hidden/ProbeVolume/VoxelizeScene is not supported: GPU does not support conservative rasterization
Refreshing native plugins compatible for Editor in 316.77 ms, found 3 plugins.
Preloading 0 native plugins for Editor in 0.00 ms.
Unloading 5115 Unused Serialized files (Serialized files now loaded: 0)
Unloading 34 unused Assets / (2.3 MB). Loaded Objects now: 5826.
Memory consumption went from 194.2 MB to 191.9 MB.
Total: 9.906200 ms (FindLiveObjects: 1.145000 ms CreateObjectMapping: 0.865600 ms MarkObjects: 6.471700 ms  DeleteObjects: 1.420500 ms)

Prepare: number of updated asset objects reloaded= 0
AssetImportParameters requested are different than current active one (requested -> active):
  custom:container-demuxer-ogg: 62fdf1f143b41e24485cea50d1cbac27 -> 
  custom:video-decoder-ogg-theora: a1e56fd34408186e4bbccfd4996cb3dc -> 
  custom:framework-win-MediaFoundation: 216162199b28c13a410421893ffa2e32 -> 
  custom:CustomObjectIndexerAttribute: 3ead1caaecf1c488f20bcfeb224b6af5 -> 
  custom:container-demuxer-webm: 4f35f7cbe854078d1ac9338744f61a02 -> 
  custom:container-muxer-webm: aa71ff27fc2769a1b78a27578f13a17b -> 
  custom:video-decoder-webm-vp8: 9c59270c3fd7afecdb556c50c9e8de78 -> 
  custom:SearchIndexIgnoredProperties: e643bd26f0fe6173181afceb89e7c659 -> 
  custom:AudioImporter_EditorPlatform: d09bf68614088b80899f8185d706f6e7 -> 
  custom:video-encoder-webm-vp8: eb34c28f22e8b96e1ab97ce403110664 -> 
  custom:audio-decoder-ogg-vorbis: bf7c407c2cedff20999df2af8eb42d56 -> 
  custom:audio-encoder-webm-vorbis: bf7c407c2cedff20999df2af8eb42d56 -> 
========================================================================
Received Prepare
Caller must complete domain reload
Begin MonoManager ReloadAssembly
- Loaded All Assemblies, in  0.945 seconds
Native extension for WindowsStandalone target not found
Native extension for WebGL target not found
[Package Manager] Server::EnsureServerProcessIsRunning -- launch failed, reason: Unity was launched with the -noUpm command-line argument
[Package Manager] UpmClient::Send -- Unable to send message (not connected to UPM process).
[Package Manager] Cannot connect to Unity Package Manager local server
Mono: successfully reloaded assembly
- Finished resetting the current domain, in  8.080 seconds
Domain Reload Profiling: 9024ms
	BeginReloadAssembly (252ms)
		ExecutionOrderSort (0ms)
		DisableScriptedObjects (15ms)
		BackupInstance (0ms)
		ReleaseScriptingObjects (0ms)
		CreateAndSetChildDomain (54ms)
	RebuildCommonClasses (60ms)
	RebuildNativeTypeToScriptingClass (18ms)
	initialDomainReloadingComplete (44ms)
	LoadAllAssembliesAndSetupDomain (568ms)
		LoadAssemblies (675ms)
		RebuildTransferFunctionScriptingTraits (0ms)
		AnalyzeDomain (31ms)
			TypeCache.Refresh (10ms)
				TypeCache.ScanAssembly (0ms)
			ScanForSourceGeneratedMonoScriptInfo (0ms)
			ResolveRequiredComponents (19ms)
	FinalizeReload (8082ms)
		ReleaseScriptCaches (0ms)
		RebuildScriptCaches (0ms)
		SetupLoadedEditorAssemblies (3273ms)
			LogAssemblyErrors (0ms)
			InitializePlatformSupportModulesInManaged (35ms)
			SetLoadedEditorAssemblies (19ms)
			RefreshPlugins (0ms)
			BeforeProcessingInitializeOnLoad (568ms)
			ProcessInitializeOnLoadAttributes (2382ms)
			ProcessInitializeOnLoadMethodAttributes (255ms)
			AfterProcessingInitializeOnLoad (13ms)
			EditorAssembliesLoaded (0ms)
		ExecutionOrderSort2 (1ms)
		AwakeInstancesAfterBackupRestoration (90ms)
Shader Hidden/ProbeVolume/VoxelizeScene is not supported: GPU does not support conservative rasterization
Refreshing native plugins compatible for Editor in 14.97 ms, found 3 plugins.
Preloading 0 native plugins for Editor in 0.00 ms.
Unloading 5115 Unused Serialized files (Serialized files now loaded: 0)
Unloading 34 unused Assets / (2.3 MB). Loaded Objects now: 5830.
Memory consumption went from 194.3 MB to 191.9 MB.
Total: 34.273500 ms (FindLiveObjects: 2.289200 ms CreateObjectMapping: 7.911700 ms MarkObjects: 22.753800 ms  DeleteObjects: 1.313900 ms)

Prepare: number of updated asset objects reloaded= 0
AssetImportParameters requested are different than current active one (requested -> active):
  custom:container-demuxer-ogg: 62fdf1f143b41e24485cea50d1cbac27 -> 
  custom:video-decoder-ogg-theora: a1e56fd34408186e4bbccfd4996cb3dc -> 
  custom:framework-win-MediaFoundation: 216162199b28c13a410421893ffa2e32 -> 
  custom:CustomObjectIndexerAttribute: 3ead1caaecf1c488f20bcfeb224b6af5 -> 
  custom:container-demuxer-webm: 4f35f7cbe854078d1ac9338744f61a02 -> 
  custom:container-muxer-webm: aa71ff27fc2769a1b78a27578f13a17b -> 
  custom:video-decoder-webm-vp8: 9c59270c3fd7afecdb556c50c9e8de78 -> 
  custom:SearchIndexIgnoredProperties: e643bd26f0fe6173181afceb89e7c659 -> 
  custom:AudioImporter_EditorPlatform: d09bf68614088b80899f8185d706f6e7 -> 
  custom:video-encoder-webm-vp8: eb34c28f22e8b96e1ab97ce403110664 -> 
  custom:audio-decoder-ogg-vorbis: bf7c407c2cedff20999df2af8eb42d56 -> 
  custom:audio-encoder-webm-vorbis: bf7c407c2cedff20999df2af8eb42d56 -> 
========================================================================
Received Prepare
Caller must complete domain reload
Begin MonoManager ReloadAssembly
- Loaded All Assemblies, in  1.174 seconds
Native extension for WindowsStandalone target not found
Native extension for WebGL target not found
[Package Manager] Server::EnsureServerProcessIsRunning -- launch failed, reason: Unity was launched with the -noUpm command-line argument
[Package Manager] UpmClient::Send -- Unable to send message (not connected to UPM process).
[Package Manager] Cannot connect to Unity Package Manager local server
Mono: successfully reloaded assembly
- Finished resetting the current domain, in 14.184 seconds
Domain Reload Profiling: 15361ms
	BeginReloadAssembly (309ms)
		ExecutionOrderSort (0ms)
		DisableScriptedObjects (10ms)
		BackupInstance (0ms)
		ReleaseScriptingObjects (0ms)
		CreateAndSetChildDomain (72ms)
	RebuildCommonClasses (66ms)
	RebuildNativeTypeToScriptingClass (22ms)
	initialDomainReloadingComplete (48ms)
	LoadAllAssembliesAndSetupDomain (728ms)
		LoadAssemblies (864ms)
		RebuildTransferFunctionScriptingTraits (0ms)
		AnalyzeDomain (38ms)
			TypeCache.Refresh (10ms)
				TypeCache.ScanAssembly (0ms)
			ScanForSourceGeneratedMonoScriptInfo (0ms)
			ResolveRequiredComponents (26ms)
	FinalizeReload (14188ms)
		ReleaseScriptCaches (0ms)
		RebuildScriptCaches (0ms)
		SetupLoadedEditorAssemblies (3590ms)
			LogAssemblyErrors (0ms)
			InitializePlatformSupportModulesInManaged (27ms)
			SetLoadedEditorAssemblies (35ms)
			RefreshPlugins (0ms)
			BeforeProcessingInitializeOnLoad (533ms)
			ProcessInitializeOnLoadAttributes (2389ms)
			ProcessInitializeOnLoadMethodAttributes (598ms)
			AfterProcessingInitializeOnLoad (8ms)
			EditorAssembliesLoaded (0ms)
		ExecutionOrderSort2 (0ms)
		AwakeInstancesAfterBackupRestoration (266ms)
Shader Hidden/ProbeVolume/VoxelizeScene is not supported: GPU does not support conservative rasterization
Refreshing native plugins compatible for Editor in 44.24 ms, found 3 plugins.
Preloading 0 native plugins for Editor in 0.00 ms.
Unloading 5115 Unused Serialized files (Serialized files now loaded: 0)
Unloading 34 unused Assets / (2.3 MB). Loaded Objects now: 5834.
Memory consumption went from 194.2 MB to 191.9 MB.
Total: 10.163100 ms (FindLiveObjects: 1.034400 ms CreateObjectMapping: 0.825300 ms MarkObjects: 6.960400 ms  DeleteObjects: 1.339900 ms)

Prepare: number of updated asset objects reloaded= 0
AssetImportParameters requested are different than current active one (requested -> active):
  custom:container-demuxer-ogg: 62fdf1f143b41e24485cea50d1cbac27 -> 
  custom:video-decoder-ogg-theora: a1e56fd34408186e4bbccfd4996cb3dc -> 
  custom:framework-win-MediaFoundation: 216162199b28c13a410421893ffa2e32 -> 
  custom:CustomObjectIndexerAttribute: 3ead1caaecf1c488f20bcfeb224b6af5 -> 
  custom:container-demuxer-webm: 4f35f7cbe854078d1ac9338744f61a02 -> 
  custom:container-muxer-webm: aa71ff27fc2769a1b78a27578f13a17b -> 
  custom:video-decoder-webm-vp8: 9c59270c3fd7afecdb556c50c9e8de78 -> 
  custom:SearchIndexIgnoredProperties: e643bd26f0fe6173181afceb89e7c659 -> 
  custom:AudioImporter_EditorPlatform: d09bf68614088b80899f8185d706f6e7 -> 
  custom:video-encoder-webm-vp8: eb34c28f22e8b96e1ab97ce403110664 -> 
  custom:audio-decoder-ogg-vorbis: bf7c407c2cedff20999df2af8eb42d56 -> 
  custom:audio-encoder-webm-vorbis: bf7c407c2cedff20999df2af8eb42d56 -> 
========================================================================
Received Prepare
Caller must complete domain reload
Begin MonoManager ReloadAssembly
- Loaded All Assemblies, in  1.071 seconds
Native extension for WindowsStandalone target not found
Native extension for WebGL target not found
[Package Manager] Server::EnsureServerProcessIsRunning -- launch failed, reason: Unity was launched with the -noUpm command-line argument
[Package Manager] UpmClient::Send -- Unable to send message (not connected to UPM process).
[Package Manager] Cannot connect to Unity Package Manager local server
Mono: successfully reloaded assembly
- Finished resetting the current domain, in  4.912 seconds
Domain Reload Profiling: 5983ms
	BeginReloadAssembly (250ms)
		ExecutionOrderSort (0ms)
		DisableScriptedObjects (9ms)
		BackupInstance (0ms)
		ReleaseScriptingObjects (0ms)
		CreateAndSetChildDomain (58ms)
	RebuildCommonClasses (69ms)
	RebuildNativeTypeToScriptingClass (17ms)
	initialDomainReloadingComplete (58ms)
	LoadAllAssembliesAndSetupDomain (675ms)
		LoadAssemblies (759ms)
		RebuildTransferFunctionScriptingTraits (0ms)
		AnalyzeDomain (50ms)
			TypeCache.Refresh (13ms)
				TypeCache.ScanAssembly (0ms)
			ScanForSourceGeneratedMonoScriptInfo (0ms)
			ResolveRequiredComponents (34ms)
	FinalizeReload (4915ms)
		ReleaseScriptCaches (0ms)
		RebuildScriptCaches (0ms)
		SetupLoadedEditorAssemblies (2760ms)
			LogAssemblyErrors (0ms)
			InitializePlatformSupportModulesInManaged (55ms)
			SetLoadedEditorAssemblies (83ms)
			RefreshPlugins (0ms)
			BeforeProcessingInitializeOnLoad (320ms)
			ProcessInitializeOnLoadAttributes (2149ms)
			ProcessInitializeOnLoadMethodAttributes (147ms)
			AfterProcessingInitializeOnLoad (5ms)
			EditorAssembliesLoaded (0ms)
		ExecutionOrderSort2 (0ms)
		AwakeInstancesAfterBackupRestoration (31ms)
Shader Hidden/ProbeVolume/VoxelizeScene is not supported: GPU does not support conservative rasterization
Refreshing native plugins compatible for Editor in 11.02 ms, found 3 plugins.
Preloading 0 native plugins for Editor in 0.00 ms.
Unloading 5115 Unused Serialized files (Serialized files now loaded: 0)
Unloading 34 unused Assets / (2.3 MB). Loaded Objects now: 5838.
Memory consumption went from 194.3 MB to 191.9 MB.
Total: 9.813100 ms (FindLiveObjects: 1.081100 ms CreateObjectMapping: 0.896500 ms MarkObjects: 6.652500 ms  DeleteObjects: 1.180100 ms)

Prepare: number of updated asset objects reloaded= 0
AssetImportParameters requested are different than current active one (requested -> active):
  custom:container-demuxer-ogg: 62fdf1f143b41e24485cea50d1cbac27 -> 
  custom:video-decoder-ogg-theora: a1e56fd34408186e4bbccfd4996cb3dc -> 
  custom:framework-win-MediaFoundation: 216162199b28c13a410421893ffa2e32 -> 
  custom:CustomObjectIndexerAttribute: 3ead1caaecf1c488f20bcfeb224b6af5 -> 
  custom:container-demuxer-webm: 4f35f7cbe854078d1ac9338744f61a02 -> 
  custom:container-muxer-webm: aa71ff27fc2769a1b78a27578f13a17b -> 
  custom:video-decoder-webm-vp8: 9c59270c3fd7afecdb556c50c9e8de78 -> 
  custom:SearchIndexIgnoredProperties: e643bd26f0fe6173181afceb89e7c659 -> 
  custom:AudioImporter_EditorPlatform: d09bf68614088b80899f8185d706f6e7 -> 
  custom:video-encoder-webm-vp8: eb34c28f22e8b96e1ab97ce403110664 -> 
  custom:audio-decoder-ogg-vorbis: bf7c407c2cedff20999df2af8eb42d56 -> 
  custom:audio-encoder-webm-vorbis: bf7c407c2cedff20999df2af8eb42d56 -> 
========================================================================
Received Prepare
Caller must complete domain reload
Begin MonoManager ReloadAssembly
- Loaded All Assemblies, in  1.291 seconds
Native extension for WindowsStandalone target not found
Native extension for WebGL target not found
[Package Manager] Server::EnsureServerProcessIsRunning -- launch failed, reason: Unity was launched with the -noUpm command-line argument
[Package Manager] UpmClient::Send -- Unable to send message (not connected to UPM process).
[Package Manager] Cannot connect to Unity Package Manager local server
Mono: successfully reloaded assembly
- Finished resetting the current domain, in  6.368 seconds
Domain Reload Profiling: 7657ms
	BeginReloadAssembly (258ms)
		ExecutionOrderSort (0ms)
		DisableScriptedObjects (7ms)
		BackupInstance (0ms)
		ReleaseScriptingObjects (0ms)
		CreateAndSetChildDomain (57ms)
	RebuildCommonClasses (61ms)
	RebuildNativeTypeToScriptingClass (20ms)
	initialDomainReloadingComplete (156ms)
	LoadAllAssembliesAndSetupDomain (794ms)
		LoadAssemblies (883ms)
		RebuildTransferFunctionScriptingTraits (0ms)
		AnalyzeDomain (55ms)
			TypeCache.Refresh (16ms)
				TypeCache.ScanAssembly (0ms)
			ScanForSourceGeneratedMonoScriptInfo (1ms)
			ResolveRequiredComponents (36ms)
	FinalizeReload (6369ms)
		ReleaseScriptCaches (0ms)
		RebuildScriptCaches (0ms)
		SetupLoadedEditorAssemblies (1112ms)
			LogAssemblyErrors (0ms)
			InitializePlatformSupportModulesInManaged (9ms)
			SetLoadedEditorAssemblies (7ms)
			RefreshPlugins (0ms)
			BeforeProcessingInitializeOnLoad (303ms)
			ProcessInitializeOnLoadAttributes (682ms)
			ProcessInitializeOnLoadMethodAttributes (106ms)
			AfterProcessingInitializeOnLoad (5ms)
			EditorAssembliesLoaded (0ms)
		ExecutionOrderSort2 (0ms)
		AwakeInstancesAfterBackupRestoration (36ms)
Shader Hidden/ProbeVolume/VoxelizeScene is not supported: GPU does not support conservative rasterization
Refreshing native plugins compatible for Editor in 6.71 ms, found 3 plugins.
Preloading 0 native plugins for Editor in 0.00 ms.
Unloading 5115 Unused Serialized files (Serialized files now loaded: 0)
Unloading 34 unused Assets / (2.3 MB). Loaded Objects now: 5842.
Memory consumption went from 194.3 MB to 192.0 MB.
Total: 10.390700 ms (FindLiveObjects: 1.056900 ms CreateObjectMapping: 0.757600 ms MarkObjects: 7.205100 ms  DeleteObjects: 1.365800 ms)

Prepare: number of updated asset objects reloaded= 0
AssetImportParameters requested are different than current active one (requested -> active):
  custom:container-demuxer-ogg: 62fdf1f143b41e24485cea50d1cbac27 -> 
  custom:video-decoder-ogg-theora: a1e56fd34408186e4bbccfd4996cb3dc -> 
  custom:framework-win-MediaFoundation: 216162199b28c13a410421893ffa2e32 -> 
  custom:CustomObjectIndexerAttribute: 3ead1caaecf1c488f20bcfeb224b6af5 -> 
  custom:container-demuxer-webm: 4f35f7cbe854078d1ac9338744f61a02 -> 
  custom:container-muxer-webm: aa71ff27fc2769a1b78a27578f13a17b -> 
  custom:video-decoder-webm-vp8: 9c59270c3fd7afecdb556c50c9e8de78 -> 
  custom:SearchIndexIgnoredProperties: e643bd26f0fe6173181afceb89e7c659 -> 
  custom:AudioImporter_EditorPlatform: d09bf68614088b80899f8185d706f6e7 -> 
  custom:video-encoder-webm-vp8: eb34c28f22e8b96e1ab97ce403110664 -> 
  custom:audio-decoder-ogg-vorbis: bf7c407c2cedff20999df2af8eb42d56 -> 
  custom:audio-encoder-webm-vorbis: bf7c407c2cedff20999df2af8eb42d56 -> 
========================================================================
Received Prepare
Caller must complete domain reload
Begin MonoManager ReloadAssembly
- Loaded All Assemblies, in  1.448 seconds
Native extension for WindowsStandalone target not found
Native extension for WebGL target not found
[Package Manager] Server::EnsureServerProcessIsRunning -- launch failed, reason: Unity was launched with the -noUpm command-line argument
[Package Manager] UpmClient::Send -- Unable to send message (not connected to UPM process).
[Package Manager] Cannot connect to Unity Package Manager local server
Mono: successfully reloaded assembly
- Finished resetting the current domain, in  8.372 seconds
Domain Reload Profiling: 9820ms
	BeginReloadAssembly (363ms)
		ExecutionOrderSort (0ms)
		DisableScriptedObjects (7ms)
		BackupInstance (0ms)
		ReleaseScriptingObjects (0ms)
		CreateAndSetChildDomain (93ms)
	RebuildCommonClasses (314ms)
	RebuildNativeTypeToScriptingClass (52ms)
	initialDomainReloadingComplete (48ms)
	LoadAllAssembliesAndSetupDomain (669ms)
		LoadAssemblies (801ms)
		RebuildTransferFunctionScriptingTraits (0ms)
		AnalyzeDomain (35ms)
			TypeCache.Refresh (12ms)
				TypeCache.ScanAssembly (0ms)
			ScanForSourceGeneratedMonoScriptInfo (1ms)
			ResolveRequiredComponents (21ms)
	FinalizeReload (8373ms)
		ReleaseScriptCaches (0ms)
		RebuildScriptCaches (0ms)
		SetupLoadedEditorAssemblies (2155ms)
			LogAssemblyErrors (0ms)
			InitializePlatformSupportModulesInManaged (121ms)
			SetLoadedEditorAssemblies (21ms)
			RefreshPlugins (0ms)
			BeforeProcessingInitializeOnLoad (366ms)
			ProcessInitializeOnLoadAttributes (1424ms)
			ProcessInitializeOnLoadMethodAttributes (218ms)
			AfterProcessingInitializeOnLoad (4ms)
			EditorAssembliesLoaded (0ms)
		ExecutionOrderSort2 (0ms)
		AwakeInstancesAfterBackupRestoration (34ms)
Shader Hidden/ProbeVolume/VoxelizeScene is not supported: GPU does not support conservative rasterization
Refreshing native plugins compatible for Editor in 9.52 ms, found 3 plugins.
Preloading 0 native plugins for Editor in 0.00 ms.
Unloading 5115 Unused Serialized files (Serialized files now loaded: 0)
Unloading 34 unused Assets / (2.3 MB). Loaded Objects now: 5846.
Memory consumption went from 194.2 MB to 192.0 MB.
Total: 118.959200 ms (FindLiveObjects: 4.188500 ms CreateObjectMapping: 4.985800 ms MarkObjects: 103.894300 ms  DeleteObjects: 5.884500 ms)

Prepare: number of updated asset objects reloaded= 0
AssetImportParameters requested are different than current active one (requested -> active):
  custom:container-demuxer-ogg: 62fdf1f143b41e24485cea50d1cbac27 -> 
  custom:video-decoder-ogg-theora: a1e56fd34408186e4bbccfd4996cb3dc -> 
  custom:framework-win-MediaFoundation: 216162199b28c13a410421893ffa2e32 -> 
  custom:CustomObjectIndexerAttribute: 3ead1caaecf1c488f20bcfeb224b6af5 -> 
  custom:container-demuxer-webm: 4f35f7cbe854078d1ac9338744f61a02 -> 
  custom:container-muxer-webm: aa71ff27fc2769a1b78a27578f13a17b -> 
  custom:video-decoder-webm-vp8: 9c59270c3fd7afecdb556c50c9e8de78 -> 
  custom:SearchIndexIgnoredProperties: e643bd26f0fe6173181afceb89e7c659 -> 
  custom:AudioImporter_EditorPlatform: d09bf68614088b80899f8185d706f6e7 -> 
  custom:video-encoder-webm-vp8: eb34c28f22e8b96e1ab97ce403110664 -> 
  custom:audio-decoder-ogg-vorbis: bf7c407c2cedff20999df2af8eb42d56 -> 
  custom:audio-encoder-webm-vorbis: bf7c407c2cedff20999df2af8eb42d56 -> 
========================================================================
Received Prepare
Caller must complete domain reload
Begin MonoManager ReloadAssembly
- Loaded All Assemblies, in  0.990 seconds
Native extension for WindowsStandalone target not found
Native extension for WebGL target not found
[Package Manager] Server::EnsureServerProcessIsRunning -- launch failed, reason: Unity was launched with the -noUpm command-line argument
[Package Manager] UpmClient::Send -- Unable to send message (not connected to UPM process).
[Package Manager] Cannot connect to Unity Package Manager local server
Mono: successfully reloaded assembly
- Finished resetting the current domain, in  8.665 seconds
Domain Reload Profiling: 9653ms
	BeginReloadAssembly (322ms)
		ExecutionOrderSort (0ms)
		DisableScriptedObjects (8ms)
		BackupInstance (0ms)
		ReleaseScriptingObjects (0ms)
		CreateAndSetChildDomain (84ms)
	RebuildCommonClasses (51ms)
	RebuildNativeTypeToScriptingClass (18ms)
	initialDomainReloadingComplete (45ms)
	LoadAllAssembliesAndSetupDomain (552ms)
		LoadAssemblies (662ms)
		RebuildTransferFunctionScriptingTraits (0ms)
		AnalyzeDomain (46ms)
			TypeCache.Refresh (11ms)
				TypeCache.ScanAssembly (0ms)
			ScanForSourceGeneratedMonoScriptInfo (0ms)
			ResolveRequiredComponents (33ms)
	FinalizeReload (8666ms)
		ReleaseScriptCaches (0ms)
		RebuildScriptCaches (0ms)
		SetupLoadedEditorAssemblies (4907ms)
			LogAssemblyErrors (0ms)
			InitializePlatformSupportModulesInManaged (22ms)
			SetLoadedEditorAssemblies (460ms)
			RefreshPlugins (0ms)
			BeforeProcessingInitializeOnLoad (712ms)
			ProcessInitializeOnLoadAttributes (3249ms)
			ProcessInitializeOnLoadMethodAttributes (451ms)
			AfterProcessingInitializeOnLoad (12ms)
			EditorAssembliesLoaded (1ms)
		ExecutionOrderSort2 (0ms)
		AwakeInstancesAfterBackupRestoration (200ms)
Shader Hidden/ProbeVolume/VoxelizeScene is not supported: GPU does not support conservative rasterization
Refreshing native plugins compatible for Editor in 239.01 ms, found 3 plugins.
Preloading 0 native plugins for Editor in 0.00 ms.
Unloading 5115 Unused Serialized files (Serialized files now loaded: 0)
Unloading 34 unused Assets / (2.3 MB). Loaded Objects now: 5850.
Memory consumption went from 194.2 MB to 192.0 MB.
Total: 86.970800 ms (FindLiveObjects: 4.112500 ms CreateObjectMapping: 9.346200 ms MarkObjects: 66.585100 ms  DeleteObjects: 6.922900 ms)

Prepare: number of updated asset objects reloaded= 0
AssetImportParameters requested are different than current active one (requested -> active):
  custom:container-demuxer-ogg: 62fdf1f143b41e24485cea50d1cbac27 -> 
  custom:video-decoder-ogg-theora: a1e56fd34408186e4bbccfd4996cb3dc -> 
  custom:framework-win-MediaFoundation: 216162199b28c13a410421893ffa2e32 -> 
  custom:CustomObjectIndexerAttribute: 3ead1caaecf1c488f20bcfeb224b6af5 -> 
  custom:container-demuxer-webm: 4f35f7cbe854078d1ac9338744f61a02 -> 
  custom:container-muxer-webm: aa71ff27fc2769a1b78a27578f13a17b -> 
  custom:video-decoder-webm-vp8: 9c59270c3fd7afecdb556c50c9e8de78 -> 
  custom:SearchIndexIgnoredProperties: e643bd26f0fe6173181afceb89e7c659 -> 
  custom:AudioImporter_EditorPlatform: d09bf68614088b80899f8185d706f6e7 -> 
  custom:video-encoder-webm-vp8: eb34c28f22e8b96e1ab97ce403110664 -> 
  custom:audio-decoder-ogg-vorbis: bf7c407c2cedff20999df2af8eb42d56 -> 
  custom:audio-encoder-webm-vorbis: bf7c407c2cedff20999df2af8eb42d56 -> 
========================================================================
Received Prepare
Caller must complete domain reload
Begin MonoManager ReloadAssembly
- Loaded All Assemblies, in  1.226 seconds
Native extension for WindowsStandalone target not found
Native extension for WebGL target not found
[Package Manager] Server::EnsureServerProcessIsRunning -- launch failed, reason: Unity was launched with the -noUpm command-line argument
[Package Manager] UpmClient::Send -- Unable to send message (not connected to UPM process).
[Package Manager] Cannot connect to Unity Package Manager local server
Mono: successfully reloaded assembly
- Finished resetting the current domain, in 13.405 seconds
Domain Reload Profiling: 14629ms
	BeginReloadAssembly (295ms)
		ExecutionOrderSort (0ms)
		DisableScriptedObjects (9ms)
		BackupInstance (0ms)
		ReleaseScriptingObjects (0ms)
		CreateAndSetChildDomain (61ms)
	RebuildCommonClasses (64ms)
	RebuildNativeTypeToScriptingClass (24ms)
	initialDomainReloadingComplete (55ms)
	LoadAllAssembliesAndSetupDomain (785ms)
		LoadAssemblies (916ms)
		RebuildTransferFunctionScriptingTraits (0ms)
		AnalyzeDomain (37ms)
			TypeCache.Refresh (13ms)
				TypeCache.ScanAssembly (0ms)
			ScanForSourceGeneratedMonoScriptInfo (0ms)
			ResolveRequiredComponents (23ms)
	FinalizeReload (13406ms)
		ReleaseScriptCaches (0ms)
		RebuildScriptCaches (0ms)
		SetupLoadedEditorAssemblies (6330ms)
			LogAssemblyErrors (0ms)
			InitializePlatformSupportModulesInManaged (41ms)
			SetLoadedEditorAssemblies (31ms)
			RefreshPlugins (0ms)
			BeforeProcessingInitializeOnLoad (1406ms)
			ProcessInitializeOnLoadAttributes (4698ms)
			ProcessInitializeOnLoadMethodAttributes (148ms)
			AfterProcessingInitializeOnLoad (6ms)
			EditorAssembliesLoaded (0ms)
		ExecutionOrderSort2 (0ms)
		AwakeInstancesAfterBackupRestoration (36ms)
Shader Hidden/ProbeVolume/VoxelizeScene is not supported: GPU does not support conservative rasterization
Refreshing native plugins compatible for Editor in 89.09 ms, found 3 plugins.
Preloading 0 native plugins for Editor in 0.00 ms.
Unloading 5115 Unused Serialized files (Serialized files now loaded: 0)
Unloading 34 unused Assets / (2.3 MB). Loaded Objects now: 5854.
Memory consumption went from 194.3 MB to 192.0 MB.
Total: 10.170500 ms (FindLiveObjects: 1.108600 ms CreateObjectMapping: 0.627800 ms MarkObjects: 7.013500 ms  DeleteObjects: 1.417300 ms)

Prepare: number of updated asset objects reloaded= 0
AssetImportParameters requested are different than current active one (requested -> active):
  custom:container-demuxer-ogg: 62fdf1f143b41e24485cea50d1cbac27 -> 
  custom:video-decoder-ogg-theora: a1e56fd34408186e4bbccfd4996cb3dc -> 
  custom:framework-win-MediaFoundation: 216162199b28c13a410421893ffa2e32 -> 
  custom:CustomObjectIndexerAttribute: 3ead1caaecf1c488f20bcfeb224b6af5 -> 
  custom:container-demuxer-webm: 4f35f7cbe854078d1ac9338744f61a02 -> 
  custom:container-muxer-webm: aa71ff27fc2769a1b78a27578f13a17b -> 
  custom:video-decoder-webm-vp8: 9c59270c3fd7afecdb556c50c9e8de78 -> 
  custom:SearchIndexIgnoredProperties: e643bd26f0fe6173181afceb89e7c659 -> 
  custom:AudioImporter_EditorPlatform: d09bf68614088b80899f8185d706f6e7 -> 
  custom:video-encoder-webm-vp8: eb34c28f22e8b96e1ab97ce403110664 -> 
  custom:audio-decoder-ogg-vorbis: bf7c407c2cedff20999df2af8eb42d56 -> 
  custom:audio-encoder-webm-vorbis: bf7c407c2cedff20999df2af8eb42d56 -> 
========================================================================
Received Prepare
Caller must complete domain reload
Begin MonoManager ReloadAssembly
- Loaded All Assemblies, in  1.001 seconds
Native extension for WindowsStandalone target not found
Native extension for WebGL target not found
[Package Manager] Server::EnsureServerProcessIsRunning -- launch failed, reason: Unity was launched with the -noUpm command-line argument
[Package Manager] UpmClient::Send -- Unable to send message (not connected to UPM process).
[Package Manager] Cannot connect to Unity Package Manager local server
Mono: successfully reloaded assembly
- Finished resetting the current domain, in  6.182 seconds
Domain Reload Profiling: 7178ms
	BeginReloadAssembly (384ms)
		ExecutionOrderSort (0ms)
		DisableScriptedObjects (11ms)
		BackupInstance (0ms)
		ReleaseScriptingObjects (0ms)
		CreateAndSetChildDomain (69ms)
	RebuildCommonClasses (65ms)
	RebuildNativeTypeToScriptingClass (25ms)
	initialDomainReloadingComplete (71ms)
	LoadAllAssembliesAndSetupDomain (450ms)
		LoadAssemblies (652ms)
		RebuildTransferFunctionScriptingTraits (0ms)
		AnalyzeDomain (41ms)
			TypeCache.Refresh (11ms)
				TypeCache.ScanAssembly (0ms)
			ScanForSourceGeneratedMonoScriptInfo (0ms)
			ResolveRequiredComponents (27ms)
	FinalizeReload (6183ms)
		ReleaseScriptCaches (0ms)
		RebuildScriptCaches (0ms)
		SetupLoadedEditorAssemblies (3231ms)
			LogAssemblyErrors (0ms)
			InitializePlatformSupportModulesInManaged (209ms)
			SetLoadedEditorAssemblies (20ms)
			RefreshPlugins (0ms)
			BeforeProcessingInitializeOnLoad (375ms)
			ProcessInitializeOnLoadAttributes (2352ms)
			ProcessInitializeOnLoadMethodAttributes (269ms)
			AfterProcessingInitializeOnLoad (5ms)
			EditorAssembliesLoaded (0ms)
		ExecutionOrderSort2 (0ms)
		AwakeInstancesAfterBackupRestoration (42ms)
Shader Hidden/ProbeVolume/VoxelizeScene is not supported: GPU does not support conservative rasterization
Refreshing native plugins compatible for Editor in 30.71 ms, found 3 plugins.
Preloading 0 native plugins for Editor in 0.00 ms.
Unloading 5115 Unused Serialized files (Serialized files now loaded: 0)
Unloading 34 unused Assets / (2.3 MB). Loaded Objects now: 5858.
Memory consumption went from 194.3 MB to 192.0 MB.
Total: 10.823000 ms (FindLiveObjects: 1.124700 ms CreateObjectMapping: 1.423900 ms MarkObjects: 7.036900 ms  DeleteObjects: 1.234700 ms)

Prepare: number of updated asset objects reloaded= 0
AssetImportParameters requested are different than current active one (requested -> active):
  custom:container-demuxer-ogg: 62fdf1f143b41e24485cea50d1cbac27 -> 
  custom:video-decoder-ogg-theora: a1e56fd34408186e4bbccfd4996cb3dc -> 
  custom:framework-win-MediaFoundation: 216162199b28c13a410421893ffa2e32 -> 
  custom:CustomObjectIndexerAttribute: 3ead1caaecf1c488f20bcfeb224b6af5 -> 
  custom:container-demuxer-webm: 4f35f7cbe854078d1ac9338744f61a02 -> 
  custom:container-muxer-webm: aa71ff27fc2769a1b78a27578f13a17b -> 
  custom:video-decoder-webm-vp8: 9c59270c3fd7afecdb556c50c9e8de78 -> 
  custom:SearchIndexIgnoredProperties: e643bd26f0fe6173181afceb89e7c659 -> 
  custom:AudioImporter_EditorPlatform: d09bf68614088b80899f8185d706f6e7 -> 
  custom:video-encoder-webm-vp8: eb34c28f22e8b96e1ab97ce403110664 -> 
  custom:audio-decoder-ogg-vorbis: bf7c407c2cedff20999df2af8eb42d56 -> 
  custom:audio-encoder-webm-vorbis: bf7c407c2cedff20999df2af8eb42d56 -> 
========================================================================
Received Prepare
Caller must complete domain reload
Begin MonoManager ReloadAssembly
- Loaded All Assemblies, in  1.117 seconds
Native extension for WindowsStandalone target not found
Native extension for WebGL target not found
[Package Manager] Server::EnsureServerProcessIsRunning -- launch failed, reason: Unity was launched with the -noUpm command-line argument
[Package Manager] UpmClient::Send -- Unable to send message (not connected to UPM process).
[Package Manager] Cannot connect to Unity Package Manager local server
Mono: successfully reloaded assembly
- Finished resetting the current domain, in  5.206 seconds
Domain Reload Profiling: 6328ms
	BeginReloadAssembly (375ms)
		ExecutionOrderSort (0ms)
		DisableScriptedObjects (12ms)
		BackupInstance (0ms)
		ReleaseScriptingObjects (0ms)
		CreateAndSetChildDomain (53ms)
	RebuildCommonClasses (139ms)
	RebuildNativeTypeToScriptingClass (28ms)
	initialDomainReloadingComplete (64ms)
	LoadAllAssembliesAndSetupDomain (508ms)
		LoadAssemblies (719ms)
		RebuildTransferFunctionScriptingTraits (0ms)
		AnalyzeDomain (37ms)
			TypeCache.Refresh (11ms)
				TypeCache.ScanAssembly (0ms)
			ScanForSourceGeneratedMonoScriptInfo (0ms)
			ResolveRequiredComponents (24ms)
	FinalizeReload (5213ms)
		ReleaseScriptCaches (0ms)
		RebuildScriptCaches (0ms)
		SetupLoadedEditorAssemblies (3183ms)
			LogAssemblyErrors (0ms)
			InitializePlatformSupportModulesInManaged (69ms)
			SetLoadedEditorAssemblies (29ms)
			RefreshPlugins (0ms)
			BeforeProcessingInitializeOnLoad (356ms)
			ProcessInitializeOnLoadAttributes (2345ms)
			ProcessInitializeOnLoadMethodAttributes (375ms)
			AfterProcessingInitializeOnLoad (9ms)
			EditorAssembliesLoaded (0ms)
		ExecutionOrderSort2 (0ms)
		AwakeInstancesAfterBackupRestoration (70ms)
Shader Hidden/ProbeVolume/VoxelizeScene is not supported: GPU does not support conservative rasterization
Refreshing native plugins compatible for Editor in 46.14 ms, found 3 plugins.
Preloading 0 native plugins for Editor in 0.00 ms.
Unloading 5115 Unused Serialized files (Serialized files now loaded: 0)
Unloading 34 unused Assets / (2.3 MB). Loaded Objects now: 5862.
Memory consumption went from 194.3 MB to 192.0 MB.
Total: 125.430700 ms (FindLiveObjects: 1.343700 ms CreateObjectMapping: 1.247100 ms MarkObjects: 121.715100 ms  DeleteObjects: 1.121500 ms)

Prepare: number of updated asset objects reloaded= 0
AssetImportParameters requested are different than current active one (requested -> active):
  custom:container-demuxer-ogg: 62fdf1f143b41e24485cea50d1cbac27 -> 
  custom:video-decoder-ogg-theora: a1e56fd34408186e4bbccfd4996cb3dc -> 
  custom:framework-win-MediaFoundation: 216162199b28c13a410421893ffa2e32 -> 
  custom:CustomObjectIndexerAttribute: 3ead1caaecf1c488f20bcfeb224b6af5 -> 
  custom:container-demuxer-webm: 4f35f7cbe854078d1ac9338744f61a02 -> 
  custom:container-muxer-webm: aa71ff27fc2769a1b78a27578f13a17b -> 
  custom:video-decoder-webm-vp8: 9c59270c3fd7afecdb556c50c9e8de78 -> 
  custom:SearchIndexIgnoredProperties: e643bd26f0fe6173181afceb89e7c659 -> 
  custom:AudioImporter_EditorPlatform: d09bf68614088b80899f8185d706f6e7 -> 
  custom:video-encoder-webm-vp8: eb34c28f22e8b96e1ab97ce403110664 -> 
  custom:audio-decoder-ogg-vorbis: bf7c407c2cedff20999df2af8eb42d56 -> 
  custom:audio-encoder-webm-vorbis: bf7c407c2cedff20999df2af8eb42d56 -> 
========================================================================
Received Prepare
Caller must complete domain reload
Begin MonoManager ReloadAssembly
- Loaded All Assemblies, in  1.417 seconds
Native extension for WindowsStandalone target not found
Native extension for WebGL target not found
[Package Manager] Server::EnsureServerProcessIsRunning -- launch failed, reason: Unity was launched with the -noUpm command-line argument
[Package Manager] UpmClient::Send -- Unable to send message (not connected to UPM process).
[Package Manager] Cannot connect to Unity Package Manager local server
Mono: successfully reloaded assembly
- Finished resetting the current domain, in  4.539 seconds
Domain Reload Profiling: 5957ms
	BeginReloadAssembly (533ms)
		ExecutionOrderSort (0ms)
		DisableScriptedObjects (57ms)
		BackupInstance (0ms)
		ReleaseScriptingObjects (0ms)
		CreateAndSetChildDomain (202ms)
	RebuildCommonClasses (139ms)
	RebuildNativeTypeToScriptingClass (41ms)
	initialDomainReloadingComplete (39ms)
	LoadAllAssembliesAndSetupDomain (663ms)
		LoadAssemblies (793ms)
		RebuildTransferFunctionScriptingTraits (0ms)
		AnalyzeDomain (49ms)
			TypeCache.Refresh (19ms)
				TypeCache.ScanAssembly (0ms)
			ScanForSourceGeneratedMonoScriptInfo (0ms)
			ResolveRequiredComponents (28ms)
	FinalizeReload (4542ms)
		ReleaseScriptCaches (0ms)
		RebuildScriptCaches (0ms)
		SetupLoadedEditorAssemblies (2301ms)
			LogAssemblyErrors (0ms)
			InitializePlatformSupportModulesInManaged (20ms)
			SetLoadedEditorAssemblies (11ms)
			RefreshPlugins (0ms)
			BeforeProcessingInitializeOnLoad (378ms)
			ProcessInitializeOnLoadAttributes (1633ms)
			ProcessInitializeOnLoadMethodAttributes (246ms)
			AfterProcessingInitializeOnLoad (11ms)
			EditorAssembliesLoaded (1ms)
		ExecutionOrderSort2 (0ms)
		AwakeInstancesAfterBackupRestoration (74ms)
Shader Hidden/ProbeVolume/VoxelizeScene is not supported: GPU does not support conservative rasterization
Refreshing native plugins compatible for Editor in 15.10 ms, found 3 plugins.
Preloading 0 native plugins for Editor in 0.00 ms.
Unloading 5115 Unused Serialized files (Serialized files now loaded: 0)
Unloading 34 unused Assets / (2.3 MB). Loaded Objects now: 5866.
Memory consumption went from 194.3 MB to 192.0 MB.
Total: 22.478700 ms (FindLiveObjects: 12.921100 ms CreateObjectMapping: 0.972900 ms MarkObjects: 7.130700 ms  DeleteObjects: 1.451200 ms)

Prepare: number of updated asset objects reloaded= 0
AssetImportParameters requested are different than current active one (requested -> active):
  custom:container-demuxer-ogg: 62fdf1f143b41e24485cea50d1cbac27 -> 
  custom:video-decoder-ogg-theora: a1e56fd34408186e4bbccfd4996cb3dc -> 
  custom:framework-win-MediaFoundation: 216162199b28c13a410421893ffa2e32 -> 
  custom:CustomObjectIndexerAttribute: 3ead1caaecf1c488f20bcfeb224b6af5 -> 
  custom:container-demuxer-webm: 4f35f7cbe854078d1ac9338744f61a02 -> 
  custom:container-muxer-webm: aa71ff27fc2769a1b78a27578f13a17b -> 
  custom:video-decoder-webm-vp8: 9c59270c3fd7afecdb556c50c9e8de78 -> 
  custom:SearchIndexIgnoredProperties: e643bd26f0fe6173181afceb89e7c659 -> 
  custom:AudioImporter_EditorPlatform: d09bf68614088b80899f8185d706f6e7 -> 
  custom:video-encoder-webm-vp8: eb34c28f22e8b96e1ab97ce403110664 -> 
  custom:audio-decoder-ogg-vorbis: bf7c407c2cedff20999df2af8eb42d56 -> 
  custom:audio-encoder-webm-vorbis: bf7c407c2cedff20999df2af8eb42d56 -> 
========================================================================
Received Prepare
Caller must complete domain reload
Begin MonoManager ReloadAssembly
- Loaded All Assemblies, in  1.097 seconds
Native extension for WindowsStandalone target not found
Native extension for WebGL target not found
[Package Manager] Server::EnsureServerProcessIsRunning -- launch failed, reason: Unity was launched with the -noUpm command-line argument
[Package Manager] UpmClient::Send -- Unable to send message (not connected to UPM process).
[Package Manager] Cannot connect to Unity Package Manager local server
Mono: successfully reloaded assembly
- Finished resetting the current domain, in  4.017 seconds
Domain Reload Profiling: 5113ms
	BeginReloadAssembly (374ms)
		ExecutionOrderSort (0ms)
		DisableScriptedObjects (12ms)
		BackupInstance (0ms)
		ReleaseScriptingObjects (0ms)
		CreateAndSetChildDomain (123ms)
	RebuildCommonClasses (55ms)
	RebuildNativeTypeToScriptingClass (17ms)
	initialDomainReloadingComplete (45ms)
	LoadAllAssembliesAndSetupDomain (604ms)
		LoadAssemblies (731ms)
		RebuildTransferFunctionScriptingTraits (0ms)
		AnalyzeDomain (35ms)
			TypeCache.Refresh (9ms)
				TypeCache.ScanAssembly (0ms)
			ScanForSourceGeneratedMonoScriptInfo (0ms)
			ResolveRequiredComponents (24ms)
	FinalizeReload (4018ms)
		ReleaseScriptCaches (0ms)
		RebuildScriptCaches (0ms)
		SetupLoadedEditorAssemblies (2280ms)
			LogAssemblyErrors (0ms)
			InitializePlatformSupportModulesInManaged (10ms)
			SetLoadedEditorAssemblies (53ms)
			RefreshPlugins (0ms)
			BeforeProcessingInitializeOnLoad (473ms)
			ProcessInitializeOnLoadAttributes (1462ms)
			ProcessInitializeOnLoadMethodAttributes (271ms)
			AfterProcessingInitializeOnLoad (11ms)
			EditorAssembliesLoaded (1ms)
		ExecutionOrderSort2 (0ms)
		AwakeInstancesAfterBackupRestoration (89ms)
Shader Hidden/ProbeVolume/VoxelizeScene is not supported: GPU does not support conservative rasterization
Refreshing native plugins compatible for Editor in 18.70 ms, found 3 plugins.
Preloading 0 native plugins for Editor in 0.00 ms.
Unloading 5115 Unused Serialized files (Serialized files now loaded: 0)
Unloading 34 unused Assets / (2.3 MB). Loaded Objects now: 5870.
Memory consumption went from 194.3 MB to 192.0 MB.
Total: 119.756800 ms (FindLiveObjects: 7.037500 ms CreateObjectMapping: 8.652900 ms MarkObjects: 101.687900 ms  DeleteObjects: 2.374700 ms)

Prepare: number of updated asset objects reloaded= 0
AssetImportParameters requested are different than current active one (requested -> active):
  custom:container-demuxer-ogg: 62fdf1f143b41e24485cea50d1cbac27 -> 
  custom:video-decoder-ogg-theora: a1e56fd34408186e4bbccfd4996cb3dc -> 
  custom:framework-win-MediaFoundation: 216162199b28c13a410421893ffa2e32 -> 
  custom:CustomObjectIndexerAttribute: 3ead1caaecf1c488f20bcfeb224b6af5 -> 
  custom:container-demuxer-webm: 4f35f7cbe854078d1ac9338744f61a02 -> 
  custom:container-muxer-webm: aa71ff27fc2769a1b78a27578f13a17b -> 
  custom:video-decoder-webm-vp8: 9c59270c3fd7afecdb556c50c9e8de78 -> 
  custom:SearchIndexIgnoredProperties: e643bd26f0fe6173181afceb89e7c659 -> 
  custom:AudioImporter_EditorPlatform: d09bf68614088b80899f8185d706f6e7 -> 
  custom:video-encoder-webm-vp8: eb34c28f22e8b96e1ab97ce403110664 -> 
  custom:audio-decoder-ogg-vorbis: bf7c407c2cedff20999df2af8eb42d56 -> 
  custom:audio-encoder-webm-vorbis: bf7c407c2cedff20999df2af8eb42d56 -> 
========================================================================
Received Prepare
Caller must complete domain reload
Begin MonoManager ReloadAssembly
- Loaded All Assemblies, in  1.231 seconds
Native extension for WindowsStandalone target not found
Native extension for WebGL target not found
[Package Manager] Server::EnsureServerProcessIsRunning -- launch failed, reason: Unity was launched with the -noUpm command-line argument
[Package Manager] UpmClient::Send -- Unable to send message (not connected to UPM process).
[Package Manager] Cannot connect to Unity Package Manager local server
Mono: successfully reloaded assembly
- Finished resetting the current domain, in  7.161 seconds
Domain Reload Profiling: 8391ms
	BeginReloadAssembly (339ms)
		ExecutionOrderSort (0ms)
		DisableScriptedObjects (11ms)
		BackupInstance (0ms)
		ReleaseScriptingObjects (0ms)
		CreateAndSetChildDomain (60ms)
	RebuildCommonClasses (89ms)
	RebuildNativeTypeToScriptingClass (49ms)
	initialDomainReloadingComplete (55ms)
	LoadAllAssembliesAndSetupDomain (696ms)
		LoadAssemblies (773ms)
		RebuildTransferFunctionScriptingTraits (0ms)
		AnalyzeDomain (57ms)
			TypeCache.Refresh (26ms)
				TypeCache.ScanAssembly (0ms)
			ScanForSourceGeneratedMonoScriptInfo (0ms)
			ResolveRequiredComponents (28ms)
	FinalizeReload (7162ms)
		ReleaseScriptCaches (0ms)
		RebuildScriptCaches (0ms)
		SetupLoadedEditorAssemblies (4102ms)
			LogAssemblyErrors (0ms)
			InitializePlatformSupportModulesInManaged (24ms)
			SetLoadedEditorAssemblies (17ms)
			RefreshPlugins (0ms)
			BeforeProcessingInitializeOnLoad (262ms)
			ProcessInitializeOnLoadAttributes (3466ms)
			ProcessInitializeOnLoadMethodAttributes (327ms)
			AfterProcessingInitializeOnLoad (6ms)
			EditorAssembliesLoaded (0ms)
		ExecutionOrderSort2 (0ms)
		AwakeInstancesAfterBackupRestoration (75ms)
Shader Hidden/ProbeVolume/VoxelizeScene is not supported: GPU does not support conservative rasterization
Refreshing native plugins compatible for Editor in 44.51 ms, found 3 plugins.
Preloading 0 native plugins for Editor in 0.00 ms.
Unloading 5115 Unused Serialized files (Serialized files now loaded: 0)
Unloading 34 unused Assets / (2.3 MB). Loaded Objects now: 5874.
Memory consumption went from 194.3 MB to 192.0 MB.
Total: 9.378800 ms (FindLiveObjects: 1.144000 ms CreateObjectMapping: 0.826700 ms MarkObjects: 6.277400 ms  DeleteObjects: 1.127800 ms)

Prepare: number of updated asset objects reloaded= 0
AssetImportParameters requested are different than current active one (requested -> active):
  custom:container-demuxer-ogg: 62fdf1f143b41e24485cea50d1cbac27 -> 
  custom:video-decoder-ogg-theora: a1e56fd34408186e4bbccfd4996cb3dc -> 
  custom:framework-win-MediaFoundation: 216162199b28c13a410421893ffa2e32 -> 
  custom:CustomObjectIndexerAttribute: 3ead1caaecf1c488f20bcfeb224b6af5 -> 
  custom:container-demuxer-webm: 4f35f7cbe854078d1ac9338744f61a02 -> 
  custom:container-muxer-webm: aa71ff27fc2769a1b78a27578f13a17b -> 
  custom:video-decoder-webm-vp8: 9c59270c3fd7afecdb556c50c9e8de78 -> 
  custom:SearchIndexIgnoredProperties: e643bd26f0fe6173181afceb89e7c659 -> 
  custom:AudioImporter_EditorPlatform: d09bf68614088b80899f8185d706f6e7 -> 
  custom:video-encoder-webm-vp8: eb34c28f22e8b96e1ab97ce403110664 -> 
  custom:audio-decoder-ogg-vorbis: bf7c407c2cedff20999df2af8eb42d56 -> 
  custom:audio-encoder-webm-vorbis: bf7c407c2cedff20999df2af8eb42d56 -> 
========================================================================
Received Prepare
Caller must complete domain reload
Begin MonoManager ReloadAssembly
- Loaded All Assemblies, in  0.800 seconds
Native extension for WindowsStandalone target not found
Native extension for WebGL target not found
[Package Manager] Server::EnsureServerProcessIsRunning -- launch failed, reason: Unity was launched with the -noUpm command-line argument
[Package Manager] UpmClient::Send -- Unable to send message (not connected to UPM process).
[Package Manager] Cannot connect to Unity Package Manager local server
Mono: successfully reloaded assembly
- Finished resetting the current domain, in  3.189 seconds
Domain Reload Profiling: 3989ms
	BeginReloadAssembly (241ms)
		ExecutionOrderSort (0ms)
		DisableScriptedObjects (7ms)
		BackupInstance (0ms)
		ReleaseScriptingObjects (0ms)
		CreateAndSetChildDomain (47ms)
	RebuildCommonClasses (61ms)
	RebuildNativeTypeToScriptingClass (17ms)
	initialDomainReloadingComplete (53ms)
	LoadAllAssembliesAndSetupDomain (426ms)
		LoadAssemblies (526ms)
		RebuildTransferFunctionScriptingTraits (0ms)
		AnalyzeDomain (40ms)
			TypeCache.Refresh (10ms)
				TypeCache.ScanAssembly (0ms)
			ScanForSourceGeneratedMonoScriptInfo (0ms)
			ResolveRequiredComponents (27ms)
	FinalizeReload (3191ms)
		ReleaseScriptCaches (0ms)
		RebuildScriptCaches (0ms)
		SetupLoadedEditorAssemblies (1381ms)
			LogAssemblyErrors (0ms)
			InitializePlatformSupportModulesInManaged (22ms)
			SetLoadedEditorAssemblies (15ms)
			RefreshPlugins (0ms)
			BeforeProcessingInitializeOnLoad (206ms)
			ProcessInitializeOnLoadAttributes (924ms)
			ProcessInitializeOnLoadMethodAttributes (206ms)
			AfterProcessingInitializeOnLoad (7ms)
			EditorAssembliesLoaded (1ms)
		ExecutionOrderSort2 (0ms)
		AwakeInstancesAfterBackupRestoration (54ms)
Shader Hidden/ProbeVolume/VoxelizeScene is not supported: GPU does not support conservative rasterization
Refreshing native plugins compatible for Editor in 38.10 ms, found 3 plugins.
Preloading 0 native plugins for Editor in 0.00 ms.
Unloading 5115 Unused Serialized files (Serialized files now loaded: 0)
Unloading 34 unused Assets / (2.3 MB). Loaded Objects now: 5878.
Memory consumption went from 194.3 MB to 192.0 MB.
Total: 18.591700 ms (FindLiveObjects: 1.734800 ms CreateObjectMapping: 2.264600 ms MarkObjects: 11.626700 ms  DeleteObjects: 2.959000 ms)

Prepare: number of updated asset objects reloaded= 0
AssetImportParameters requested are different than current active one (requested -> active):
  custom:container-demuxer-ogg: 62fdf1f143b41e24485cea50d1cbac27 -> 
  custom:video-decoder-ogg-theora: a1e56fd34408186e4bbccfd4996cb3dc -> 
  custom:framework-win-MediaFoundation: 216162199b28c13a410421893ffa2e32 -> 
  custom:CustomObjectIndexerAttribute: 3ead1caaecf1c488f20bcfeb224b6af5 -> 
  custom:container-demuxer-webm: 4f35f7cbe854078d1ac9338744f61a02 -> 
  custom:container-muxer-webm: aa71ff27fc2769a1b78a27578f13a17b -> 
  custom:video-decoder-webm-vp8: 9c59270c3fd7afecdb556c50c9e8de78 -> 
  custom:SearchIndexIgnoredProperties: e643bd26f0fe6173181afceb89e7c659 -> 
  custom:AudioImporter_EditorPlatform: d09bf68614088b80899f8185d706f6e7 -> 
  custom:video-encoder-webm-vp8: eb34c28f22e8b96e1ab97ce403110664 -> 
  custom:audio-decoder-ogg-vorbis: bf7c407c2cedff20999df2af8eb42d56 -> 
  custom:audio-encoder-webm-vorbis: bf7c407c2cedff20999df2af8eb42d56 -> 
========================================================================
Received Prepare
Caller must complete domain reload
Begin MonoManager ReloadAssembly
- Loaded All Assemblies, in  1.032 seconds
Native extension for WindowsStandalone target not found
Native extension for WebGL target not found
[Package Manager] Server::EnsureServerProcessIsRunning -- launch failed, reason: Unity was launched with the -noUpm command-line argument
[Package Manager] UpmClient::Send -- Unable to send message (not connected to UPM process).
[Package Manager] Cannot connect to Unity Package Manager local server
Mono: successfully reloaded assembly
- Finished resetting the current domain, in  3.526 seconds
Domain Reload Profiling: 4558ms
	BeginReloadAssembly (252ms)
		ExecutionOrderSort (0ms)
		DisableScriptedObjects (9ms)
		BackupInstance (0ms)
		ReleaseScriptingObjects (0ms)
		CreateAndSetChildDomain (48ms)
	RebuildCommonClasses (85ms)
	RebuildNativeTypeToScriptingClass (29ms)
	initialDomainReloadingComplete (46ms)
	LoadAllAssembliesAndSetupDomain (618ms)
		LoadAssemblies (734ms)
		RebuildTransferFunctionScriptingTraits (0ms)
		AnalyzeDomain (30ms)
			TypeCache.Refresh (10ms)
				TypeCache.ScanAssembly (0ms)
			ScanForSourceGeneratedMonoScriptInfo (0ms)
			ResolveRequiredComponents (18ms)
	FinalizeReload (3528ms)
		ReleaseScriptCaches (0ms)
		RebuildScriptCaches (0ms)
		SetupLoadedEditorAssemblies (2151ms)
			LogAssemblyErrors (0ms)
			InitializePlatformSupportModulesInManaged (13ms)
			SetLoadedEditorAssemblies (10ms)
			RefreshPlugins (0ms)
			BeforeProcessingInitializeOnLoad (144ms)
			ProcessInitializeOnLoadAttributes (1445ms)
			ProcessInitializeOnLoadMethodAttributes (522ms)
			AfterProcessingInitializeOnLoad (17ms)
			EditorAssembliesLoaded (1ms)
		ExecutionOrderSort2 (0ms)
		AwakeInstancesAfterBackupRestoration (63ms)
Shader Hidden/ProbeVolume/VoxelizeScene is not supported: GPU does not support conservative rasterization
Refreshing native plugins compatible for Editor in 19.22 ms, found 3 plugins.
Preloading 0 native plugins for Editor in 0.00 ms.
Unloading 5115 Unused Serialized files (Serialized files now loaded: 0)
Unloading 34 unused Assets / (2.3 MB). Loaded Objects now: 5882.
Memory consumption went from 194.3 MB to 192.0 MB.
Total: 17.772500 ms (FindLiveObjects: 3.042000 ms CreateObjectMapping: 3.914200 ms MarkObjects: 9.701500 ms  DeleteObjects: 1.112100 ms)

Prepare: number of updated asset objects reloaded= 0
AssetImportParameters requested are different than current active one (requested -> active):
  custom:container-demuxer-ogg: 62fdf1f143b41e24485cea50d1cbac27 -> 
  custom:video-decoder-ogg-theora: a1e56fd34408186e4bbccfd4996cb3dc -> 
  custom:framework-win-MediaFoundation: 216162199b28c13a410421893ffa2e32 -> 
  custom:CustomObjectIndexerAttribute: 3ead1caaecf1c488f20bcfeb224b6af5 -> 
  custom:container-demuxer-webm: 4f35f7cbe854078d1ac9338744f61a02 -> 
  custom:container-muxer-webm: aa71ff27fc2769a1b78a27578f13a17b -> 
  custom:video-decoder-webm-vp8: 9c59270c3fd7afecdb556c50c9e8de78 -> 
  custom:SearchIndexIgnoredProperties: e643bd26f0fe6173181afceb89e7c659 -> 
  custom:AudioImporter_EditorPlatform: d09bf68614088b80899f8185d706f6e7 -> 
  custom:video-encoder-webm-vp8: eb34c28f22e8b96e1ab97ce403110664 -> 
  custom:audio-decoder-ogg-vorbis: bf7c407c2cedff20999df2af8eb42d56 -> 
  custom:audio-encoder-webm-vorbis: bf7c407c2cedff20999df2af8eb42d56 -> 
========================================================================
Received Prepare
Caller must complete domain reload
Begin MonoManager ReloadAssembly
- Loaded All Assemblies, in  0.993 seconds
Native extension for WindowsStandalone target not found
Native extension for WebGL target not found
[Package Manager] Server::EnsureServerProcessIsRunning -- launch failed, reason: Unity was launched with the -noUpm command-line argument
[Package Manager] UpmClient::Send -- Unable to send message (not connected to UPM process).
[Package Manager] Cannot connect to Unity Package Manager local server
Mono: successfully reloaded assembly
- Finished resetting the current domain, in  3.905 seconds
Domain Reload Profiling: 5059ms
	BeginReloadAssembly (270ms)
		ExecutionOrderSort (0ms)
		DisableScriptedObjects (10ms)
		BackupInstance (0ms)
		ReleaseScriptingObjects (0ms)
		CreateAndSetChildDomain (52ms)
	RebuildCommonClasses (118ms)
	RebuildNativeTypeToScriptingClass (40ms)
	initialDomainReloadingComplete (72ms)
	LoadAllAssembliesAndSetupDomain (488ms)
		LoadAssemblies (597ms)
		RebuildTransferFunctionScriptingTraits (0ms)
		AnalyzeDomain (41ms)
			TypeCache.Refresh (14ms)
				TypeCache.ScanAssembly (0ms)
			ScanForSourceGeneratedMonoScriptInfo (0ms)
			ResolveRequiredComponents (24ms)
	FinalizeReload (4070ms)
		ReleaseScriptCaches (0ms)
		RebuildScriptCaches (0ms)
		SetupLoadedEditorAssemblies (2345ms)
			LogAssemblyErrors (0ms)
			InitializePlatformSupportModulesInManaged (17ms)
			SetLoadedEditorAssemblies (11ms)
			RefreshPlugins (0ms)
			BeforeProcessingInitializeOnLoad (128ms)
			ProcessInitializeOnLoadAttributes (1771ms)
			ProcessInitializeOnLoadMethodAttributes (407ms)
			AfterProcessingInitializeOnLoad (11ms)
			EditorAssembliesLoaded (1ms)
		ExecutionOrderSort2 (0ms)
		AwakeInstancesAfterBackupRestoration (69ms)
Shader Hidden/ProbeVolume/VoxelizeScene is not supported: GPU does not support conservative rasterization
Refreshing native plugins compatible for Editor in 6.89 ms, found 3 plugins.
Preloading 0 native plugins for Editor in 0.00 ms.
Unloading 5115 Unused Serialized files (Serialized files now loaded: 0)
Unloading 34 unused Assets / (2.3 MB). Loaded Objects now: 5886.
Memory consumption went from 194.3 MB to 192.0 MB.
Total: 9.169000 ms (FindLiveObjects: 1.017000 ms CreateObjectMapping: 0.503400 ms MarkObjects: 6.517800 ms  DeleteObjects: 1.127700 ms)

Prepare: number of updated asset objects reloaded= 0
AssetImportParameters requested are different than current active one (requested -> active):
  custom:container-demuxer-ogg: 62fdf1f143b41e24485cea50d1cbac27 -> 
  custom:video-decoder-ogg-theora: a1e56fd34408186e4bbccfd4996cb3dc -> 
  custom:framework-win-MediaFoundation: 216162199b28c13a410421893ffa2e32 -> 
  custom:CustomObjectIndexerAttribute: 3ead1caaecf1c488f20bcfeb224b6af5 -> 
  custom:container-demuxer-webm: 4f35f7cbe854078d1ac9338744f61a02 -> 
  custom:container-muxer-webm: aa71ff27fc2769a1b78a27578f13a17b -> 
  custom:video-decoder-webm-vp8: 9c59270c3fd7afecdb556c50c9e8de78 -> 
  custom:SearchIndexIgnoredProperties: e643bd26f0fe6173181afceb89e7c659 -> 
  custom:AudioImporter_EditorPlatform: d09bf68614088b80899f8185d706f6e7 -> 
  custom:video-encoder-webm-vp8: eb34c28f22e8b96e1ab97ce403110664 -> 
  custom:audio-decoder-ogg-vorbis: bf7c407c2cedff20999df2af8eb42d56 -> 
  custom:audio-encoder-webm-vorbis: bf7c407c2cedff20999df2af8eb42d56 -> 
========================================================================
Received Prepare
Caller must complete domain reload
Begin MonoManager ReloadAssembly
- Loaded All Assemblies, in  1.166 seconds
Native extension for WindowsStandalone target not found
Native extension for WebGL target not found
[Package Manager] Server::EnsureServerProcessIsRunning -- launch failed, reason: Unity was launched with the -noUpm command-line argument
[Package Manager] UpmClient::Send -- Unable to send message (not connected to UPM process).
[Package Manager] Cannot connect to Unity Package Manager local server
Mono: successfully reloaded assembly
- Finished resetting the current domain, in  4.384 seconds
Domain Reload Profiling: 5550ms
	BeginReloadAssembly (364ms)
		ExecutionOrderSort (0ms)
		DisableScriptedObjects (7ms)
		BackupInstance (0ms)
		ReleaseScriptingObjects (0ms)
		CreateAndSetChildDomain (119ms)
	RebuildCommonClasses (50ms)
	RebuildNativeTypeToScriptingClass (18ms)
	initialDomainReloadingComplete (41ms)
	LoadAllAssembliesAndSetupDomain (692ms)
		LoadAssemblies (779ms)
		RebuildTransferFunctionScriptingTraits (0ms)
		AnalyzeDomain (47ms)
			TypeCache.Refresh (13ms)
				TypeCache.ScanAssembly (0ms)
			ScanForSourceGeneratedMonoScriptInfo (0ms)
			ResolveRequiredComponents (32ms)
	FinalizeReload (4386ms)
		ReleaseScriptCaches (0ms)
		RebuildScriptCaches (0ms)
		SetupLoadedEditorAssemblies (2471ms)
			LogAssemblyErrors (0ms)
			InitializePlatformSupportModulesInManaged (35ms)
			SetLoadedEditorAssemblies (31ms)
			RefreshPlugins (0ms)
			BeforeProcessingInitializeOnLoad (356ms)
			ProcessInitializeOnLoadAttributes (1717ms)
			ProcessInitializeOnLoadMethodAttributes (306ms)
			AfterProcessingInitializeOnLoad (26ms)
			EditorAssembliesLoaded (0ms)
		ExecutionOrderSort2 (0ms)
		AwakeInstancesAfterBackupRestoration (100ms)
Shader Hidden/ProbeVolume/VoxelizeScene is not supported: GPU does not support conservative rasterization
Refreshing native plugins compatible for Editor in 126.06 ms, found 3 plugins.
Preloading 0 native plugins for Editor in 0.00 ms.
Unloading 5115 Unused Serialized files (Serialized files now loaded: 0)
Unloading 34 unused Assets / (2.3 MB). Loaded Objects now: 5890.
Memory consumption went from 194.3 MB to 192.0 MB.
Total: 17.168400 ms (FindLiveObjects: 3.367800 ms CreateObjectMapping: 0.826700 ms MarkObjects: 11.689500 ms  DeleteObjects: 1.281700 ms)

Prepare: number of updated asset objects reloaded= 0
AssetImportParameters requested are different than current active one (requested -> active):
  custom:container-demuxer-ogg: 62fdf1f143b41e24485cea50d1cbac27 -> 
  custom:video-decoder-ogg-theora: a1e56fd34408186e4bbccfd4996cb3dc -> 
  custom:framework-win-MediaFoundation: 216162199b28c13a410421893ffa2e32 -> 
  custom:CustomObjectIndexerAttribute: 3ead1caaecf1c488f20bcfeb224b6af5 -> 
  custom:container-demuxer-webm: 4f35f7cbe854078d1ac9338744f61a02 -> 
  custom:container-muxer-webm: aa71ff27fc2769a1b78a27578f13a17b -> 
  custom:video-decoder-webm-vp8: 9c59270c3fd7afecdb556c50c9e8de78 -> 
  custom:SearchIndexIgnoredProperties: e643bd26f0fe6173181afceb89e7c659 -> 
  custom:AudioImporter_EditorPlatform: d09bf68614088b80899f8185d706f6e7 -> 
  custom:video-encoder-webm-vp8: eb34c28f22e8b96e1ab97ce403110664 -> 
  custom:audio-decoder-ogg-vorbis: bf7c407c2cedff20999df2af8eb42d56 -> 
  custom:audio-encoder-webm-vorbis: bf7c407c2cedff20999df2af8eb42d56 -> 
========================================================================
Received Prepare
Caller must complete domain reload
Begin MonoManager ReloadAssembly
- Loaded All Assemblies, in  1.060 seconds
Native extension for WindowsStandalone target not found
Native extension for WebGL target not found
[Package Manager] Server::EnsureServerProcessIsRunning -- launch failed, reason: Unity was launched with the -noUpm command-line argument
[Package Manager] UpmClient::Send -- Unable to send message (not connected to UPM process).
[Package Manager] Cannot connect to Unity Package Manager local server
Mono: successfully reloaded assembly
- Finished resetting the current domain, in  3.534 seconds
Domain Reload Profiling: 4593ms
	BeginReloadAssembly (326ms)
		ExecutionOrderSort (0ms)
		DisableScriptedObjects (9ms)
		BackupInstance (0ms)
		ReleaseScriptingObjects (0ms)
		CreateAndSetChildDomain (66ms)
	RebuildCommonClasses (56ms)
	RebuildNativeTypeToScriptingClass (22ms)
	initialDomainReloadingComplete (57ms)
	LoadAllAssembliesAndSetupDomain (596ms)
		LoadAssemblies (754ms)
		RebuildTransferFunctionScriptingTraits (0ms)
		AnalyzeDomain (43ms)
			TypeCache.Refresh (13ms)
				TypeCache.ScanAssembly (0ms)
			ScanForSourceGeneratedMonoScriptInfo (0ms)
			ResolveRequiredComponents (28ms)
	FinalizeReload (3535ms)
		ReleaseScriptCaches (0ms)
		RebuildScriptCaches (0ms)
		SetupLoadedEditorAssemblies (1998ms)
			LogAssemblyErrors (0ms)
			InitializePlatformSupportModulesInManaged (9ms)
			SetLoadedEditorAssemblies (6ms)
			RefreshPlugins (0ms)
			BeforeProcessingInitializeOnLoad (159ms)
			ProcessInitializeOnLoadAttributes (1472ms)
			ProcessInitializeOnLoadMethodAttributes (345ms)
			AfterProcessingInitializeOnLoad (6ms)
			EditorAssembliesLoaded (0ms)
		ExecutionOrderSort2 (0ms)
		AwakeInstancesAfterBackupRestoration (54ms)
Shader Hidden/ProbeVolume/VoxelizeScene is not supported: GPU does not support conservative rasterization
Refreshing native plugins compatible for Editor in 240.04 ms, found 3 plugins.
Preloading 0 native plugins for Editor in 0.00 ms.
Unloading 5115 Unused Serialized files (Serialized files now loaded: 0)
Unloading 34 unused Assets / (2.3 MB). Loaded Objects now: 5894.
Memory consumption went from 194.3 MB to 192.0 MB.
Total: 16.710400 ms (FindLiveObjects: 2.831800 ms CreateObjectMapping: 3.729600 ms MarkObjects: 8.082400 ms  DeleteObjects: 2.062700 ms)

Prepare: number of updated asset objects reloaded= 0
AssetImportParameters requested are different than current active one (requested -> active):
  custom:container-demuxer-ogg: 62fdf1f143b41e24485cea50d1cbac27 -> 
  custom:video-decoder-ogg-theora: a1e56fd34408186e4bbccfd4996cb3dc -> 
  custom:framework-win-MediaFoundation: 216162199b28c13a410421893ffa2e32 -> 
  custom:CustomObjectIndexerAttribute: 3ead1caaecf1c488f20bcfeb224b6af5 -> 
  custom:container-demuxer-webm: 4f35f7cbe854078d1ac9338744f61a02 -> 
  custom:container-muxer-webm: aa71ff27fc2769a1b78a27578f13a17b -> 
  custom:video-decoder-webm-vp8: 9c59270c3fd7afecdb556c50c9e8de78 -> 
  custom:SearchIndexIgnoredProperties: e643bd26f0fe6173181afceb89e7c659 -> 
  custom:AudioImporter_EditorPlatform: d09bf68614088b80899f8185d706f6e7 -> 
  custom:video-encoder-webm-vp8: eb34c28f22e8b96e1ab97ce403110664 -> 
  custom:audio-decoder-ogg-vorbis: bf7c407c2cedff20999df2af8eb42d56 -> 
  custom:audio-encoder-webm-vorbis: bf7c407c2cedff20999df2af8eb42d56 -> 
========================================================================
Received Prepare
Caller must complete domain reload
Begin MonoManager ReloadAssembly
- Loaded All Assemblies, in  0.861 seconds
Native extension for WindowsStandalone target not found
Native extension for WebGL target not found
[Package Manager] Server::EnsureServerProcessIsRunning -- launch failed, reason: Unity was launched with the -noUpm command-line argument
[Package Manager] UpmClient::Send -- Unable to send message (not connected to UPM process).
[Package Manager] Cannot connect to Unity Package Manager local server
Mono: successfully reloaded assembly
- Finished resetting the current domain, in  3.822 seconds
Domain Reload Profiling: 4677ms
	BeginReloadAssembly (303ms)
		ExecutionOrderSort (0ms)
		DisableScriptedObjects (7ms)
		BackupInstance (0ms)
		ReleaseScriptingObjects (0ms)
		CreateAndSetChildDomain (55ms)
	RebuildCommonClasses (59ms)
	RebuildNativeTypeToScriptingClass (18ms)
	initialDomainReloadingComplete (62ms)
	LoadAllAssembliesAndSetupDomain (413ms)
		LoadAssemblies (573ms)
		RebuildTransferFunctionScriptingTraits (0ms)
		AnalyzeDomain (32ms)
			TypeCache.Refresh (10ms)
				TypeCache.ScanAssembly (0ms)
			ScanForSourceGeneratedMonoScriptInfo (0ms)
			ResolveRequiredComponents (19ms)
	FinalizeReload (3823ms)
		ReleaseScriptCaches (0ms)
		RebuildScriptCaches (0ms)
		SetupLoadedEditorAssemblies (2126ms)
			LogAssemblyErrors (0ms)
			InitializePlatformSupportModulesInManaged (14ms)
			SetLoadedEditorAssemblies (10ms)
			RefreshPlugins (0ms)
			BeforeProcessingInitializeOnLoad (237ms)
			ProcessInitializeOnLoadAttributes (1664ms)
			ProcessInitializeOnLoadMethodAttributes (195ms)
			AfterProcessingInitializeOnLoad (7ms)
			EditorAssembliesLoaded (0ms)
		ExecutionOrderSort2 (0ms)
		AwakeInstancesAfterBackupRestoration (127ms)
Shader Hidden/ProbeVolume/VoxelizeScene is not supported: GPU does not support conservative rasterization
Refreshing native plugins compatible for Editor in 339.44 ms, found 3 plugins.
Preloading 0 native plugins for Editor in 0.00 ms.
Unloading 5115 Unused Serialized files (Serialized files now loaded: 0)
Unloading 34 unused Assets / (2.3 MB). Loaded Objects now: 5898.
Memory consumption went from 194.3 MB to 192.0 MB.
Total: 45.663900 ms (FindLiveObjects: 5.685900 ms CreateObjectMapping: 1.120400 ms MarkObjects: 36.087200 ms  DeleteObjects: 2.760400 ms)

Prepare: number of updated asset objects reloaded= 0
AssetImportParameters requested are different than current active one (requested -> active):
  custom:container-demuxer-ogg: 62fdf1f143b41e24485cea50d1cbac27 -> 
  custom:video-decoder-ogg-theora: a1e56fd34408186e4bbccfd4996cb3dc -> 
  custom:framework-win-MediaFoundation: 216162199b28c13a410421893ffa2e32 -> 
  custom:CustomObjectIndexerAttribute: 3ead1caaecf1c488f20bcfeb224b6af5 -> 
  custom:container-demuxer-webm: 4f35f7cbe854078d1ac9338744f61a02 -> 
  custom:container-muxer-webm: aa71ff27fc2769a1b78a27578f13a17b -> 
  custom:video-decoder-webm-vp8: 9c59270c3fd7afecdb556c50c9e8de78 -> 
  custom:SearchIndexIgnoredProperties: e643bd26f0fe6173181afceb89e7c659 -> 
  custom:AudioImporter_EditorPlatform: d09bf68614088b80899f8185d706f6e7 -> 
  custom:video-encoder-webm-vp8: eb34c28f22e8b96e1ab97ce403110664 -> 
  custom:audio-decoder-ogg-vorbis: bf7c407c2cedff20999df2af8eb42d56 -> 
  custom:audio-encoder-webm-vorbis: bf7c407c2cedff20999df2af8eb42d56 -> 
